player_name,mlb_id,class_year,family,role,card_type,set_slug,scp_url,auto_card_url,resolution_source
Adrian Sampson,592716,2015,chrome,pitcher,bowman_1st_base,baseball-cards-2015-bowman-chrome-prospects,https://www.sportscardspro.com/game/baseball-cards-2015-bowman-chrome-prospects/adrian-sampson-bcp20,https://www.sportscardspro.com/game/baseball-cards-2015-bowman-chrome-prospect-autograph/adrian-sampson-bcap-asa,
Akeel Morris,592570,2015,chrome,pitcher,bowman_1st_base,,,https://www.sportscardspro.com/game/baseball-cards-2015-bowman-chrome-prospect-autograph/akeel-morris-bcap-amo,
Amir Garrett,607237,2015,chrome,pitcher,bowman_1st_base,baseball-cards-2015-bowman-chrome-prospects,https://www.sportscardspro.com/game/baseball-cards-2015-bowman-chrome-prospects/amir-garrett-bcp158,https://www.sportscardspro.com/game/baseball-cards-2015-bowman-chrome-prospect-autograph/amir-garrett-bcap-aga,
Andrew Benintendi,643217,2015,draft,hitter,bowman_1st_base,baseball-cards-2015-bowman-draft-chrome,https://www.sportscardspro.com/game/baseball-cards-2015-bowman-draft-chrome/andrew-benintendi-182,https://www.sportscardspro.com/game/baseball-cards-2015-bowman-chrome-draft-pick-autograph/andrew-benintendi-bca-ab,
Andrew Suarez,605498,2015,draft,pitcher,bowman_1st_base,baseball-cards-2015-bowman-draft-chrome,https://www.sportscardspro.com/game/baseball-cards-2015-bowman-draft-chrome/andrew-suarez-170,https://www.sportscardspro.com/game/baseball-cards-2015-bowman-chrome-draft-pick-autograph/andrew-suarez-bca-asu,
Antonio Senzatela,622608,2015,chrome,pitcher,bowman_1st_base,baseball-cards-2015-bowman-chrome-prospects,https://www.sportscardspro.com/game/baseball-cards-2015-bowman-chrome-prospects/antonio-senzatela-bcp183,https://www.sportscardspro.com/game/baseball-cards-2015-bowman-chrome-prospect-autograph/antonio-senzatela-bcap-as,
Austin Dean,621573,2015,chrome,hitter,bowman_1st_base,baseball-cards-2016-bowman-chrome-prospects,https://www.sportscardspro.com/game/baseball-cards-2016-bowman-chrome-prospects/austin-dean-bcp-146,https://www.sportscardspro.com/game/baseball-cards-2015-bowman-chrome-prospect-autograph/austin-dean-bcap-ad,
Austin Voth,608723,2015,chrome,pitcher,bowman_1st_base,baseball-cards-2015-bowman-chrome-prospects,https://www.sportscardspro.com/game/baseball-cards-2015-bowman-chrome-prospects/austin-voth-bcp28,https://www.sportscardspro.com/game/baseball-cards-2015-bowman-chrome-prospect-autograph/austin-voth-bcap-av,
Bobby Wahl,592833,2015,chrome,pitcher,bowman_1st_base,baseball-cards-2015-bowman-chrome-prospects,https://www.sportscardspro.com/game/baseball-cards-2015-bowman-chrome-prospects/bobby-wahl-bcp172,https://www.sportscardspro.com/game/baseball-cards-2015-bowman-chrome-prospect-autograph/bobby-wahl-bcap-bw,
Brett Graves,605255,2015,chrome,pitcher,bowman_1st_base,,,https://www.sportscardspro.com/game/baseball-cards-2015-bowman-chrome-prospect-autograph/brett-graves-bcap-bg,
Brett Phillips,621433,2015,chrome,pitcher,bowman_1st_base,baseball-cards-2015-bowman-chrome-prospects,https://www.sportscardspro.com/game/baseball-cards-2015-bowman-chrome-prospects/brett-phillips-bcp137,https://www.sportscardspro.com/game/baseball-cards-2015-bowman-chrome-prospect-autograph/brett-phillips-bcap-bp,
Carson Fulmer,608334,2015,draft,pitcher,bowman_1st_base,baseball-cards-2015-bowman-draft-chrome,https://www.sportscardspro.com/game/baseball-cards-2015-bowman-draft-chrome/carson-fulmer-118,https://www.sportscardspro.com/game/baseball-cards-2015-bowman-chrome-draft-pick-autograph/carson-fulmer-bca-cf,
Carson Smith,605476,2015,chrome,pitcher,bowman_1st_base,baseball-cards-2015-bowman-chrome-prospects,https://www.sportscardspro.com/game/baseball-cards-2015-bowman-chrome-prospects/carson-smith-bcp164,https://www.sportscardspro.com/game/baseball-cards-2015-bowman-chrome-prospect-autograph/carson-smith-bcap-csi,
Chris Shaw,622046,2015,draft,hitter,bowman_1st_base,baseball-cards-2015-bowman-draft-chrome,https://www.sportscardspro.com/game/baseball-cards-2015-bowman-draft-chrome/chris-shaw-37,https://www.sportscardspro.com/game/baseball-cards-2015-bowman-chrome-draft-pick-autograph/chris-shaw-bca-cs,
Christin Stewart,621514,2015,draft,hitter,bowman_1st_base,baseball-cards-2015-bowman-draft-chrome,https://www.sportscardspro.com/game/baseball-cards-2015-bowman-draft-chrome/christin-stewart-178,https://www.sportscardspro.com/game/baseball-cards-2015-bowman-chrome-draft-pick-autograph/christin-stewart-bca-cst,
Cody Bellinger,641355,2015,chrome,hitter,bowman_1st_base,baseball-cards-2016-bowman-chrome-prospects,https://www.sportscardspro.com/game/baseball-cards-2016-bowman-chrome-prospects/cody-bellinger-bcp-182,https://www.sportscardspro.com/game/baseball-cards-2015-bowman-chrome-prospect-autograph/cody-bellinger-bcap-cbe,
Cody Reed,642003,2015,chrome,pitcher,bowman_1st_base,baseball-cards-2015-bowman-chrome-prospects,https://www.sportscardspro.com/game/baseball-cards-2015-bowman-chrome-prospects/cody-reed-bcp233,https://www.sportscardspro.com/game/baseball-cards-2015-bowman-chrome-prospect-autograph/cody-reed-bcap-cr,
Dansby Swanson,621020,2015,chrome,hitter,bowman_1st_base,baseball-cards-2015-bowman-draft-chrome,https://www.sportscardspro.com/game/baseball-cards-2015-bowman-draft-chrome/dansby-swanson-1,https://www.sportscardspro.com/game/baseball-cards-2015-bowman-chrome-prospect-autograph/dansby-swanson-bcap-ds,
Darnell Sweeney,572182,2015,chrome,hitter,bowman_1st_base,,,https://www.sportscardspro.com/game/baseball-cards-2015-bowman-chrome-prospect-autograph/darnell-sweeney-bcap-ds,
Dixon Machado,553988,2015,chrome,hitter,bowman_1st_base,baseball-cards-2015-bowman-chrome-prospects,https://www.sportscardspro.com/game/baseball-cards-2015-bowman-chrome-prospects/dixon-machado-bcp5,https://www.sportscardspro.com/game/baseball-cards-2015-bowman-chrome-prospect-autograph/dixon-machado-bcap-dm,
Gleyber Torres,650402,2015,chrome,hitter,bowman_1st_base,baseball-cards-2016-bowman-chrome-prospects,https://www.sportscardspro.com/game/baseball-cards-2016-bowman-chrome-prospects/gleyber-torres-bcp-236,https://www.sportscardspro.com/game/baseball-cards-2015-bowman-chrome-prospect-autograph/gleyber-torres-bcap-gt,
Grayson Greiner,606988,2015,chrome,hitter,bowman_1st_base,baseball-cards-2015-bowman-chrome-prospects,https://www.sportscardspro.com/game/baseball-cards-2015-bowman-chrome-prospects/grayson-greiner-bcp245,https://www.sportscardspro.com/game/baseball-cards-2015-bowman-chrome-prospect-autograph/grayson-greiner-bcap-gg,
Hector Olivera,493343,2015,chrome,hitter,bowman_1st_base,,,https://www.sportscardspro.com/game/baseball-cards-2015-bowman-chrome-prospect-autograph/hector-olivera-bcap-ho,
Ian Happ,664023,2015,draft,hitter,bowman_1st_base,baseball-cards-2015-bowman-draft-chrome,https://www.sportscardspro.com/game/baseball-cards-2015-bowman-draft-chrome/ian-happ-28,https://www.sportscardspro.com/game/baseball-cards-2015-bowman-chrome-draft-pick-autograph/ian-happ-bca-ih,
J.D. Davis,605204,2015,chrome,hitter,bowman_1st_base,baseball-cards-2015-bowman-chrome-prospects,https://www.sportscardspro.com/game/baseball-cards-2015-bowman-chrome-prospects/jd-davis-bcp214,https://www.sportscardspro.com/game/baseball-cards-2015-bowman-chrome-prospect-autograph/jd-davis-bcap-jd,
Jacob Nix,656798,2015,draft,pitcher,bowman_1st_base,baseball-cards-2015-bowman-draft-chrome,https://www.sportscardspro.com/game/baseball-cards-2015-bowman-draft-chrome/jacob-nix-143,https://www.sportscardspro.com/game/baseball-cards-2015-bowman-chrome-draft-pick-autograph/jacob-nix-bca-jni,
Jairo Labourt,607951,2015,chrome,pitcher,bowman_1st_base,baseball-cards-2015-bowman-chrome-prospects,https://www.sportscardspro.com/game/baseball-cards-2015-bowman-chrome-prospects/jairo-labourt-bcp94,https://www.sportscardspro.com/game/baseball-cards-2015-bowman-chrome-prospect-autograph/jairo-labourt-bcap-jl,
Jake Cave,595909,2015,chrome,hitter,bowman_1st_base,baseball-cards-2015-bowman-chrome-prospects,https://www.sportscardspro.com/game/baseball-cards-2015-bowman-chrome-prospects/jake-cave-bcp204,https://www.sportscardspro.com/game/baseball-cards-2015-bowman-chrome-prospect-autograph/jake-cave-bcap-jc,
Jarlin Garcia,606424,2015,chrome,pitcher,bowman_1st_base,baseball-cards-2015-bowman-chrome-prospects,https://www.sportscardspro.com/game/baseball-cards-2015-bowman-chrome-prospects/jarlin-garcia-bcp148,https://www.sportscardspro.com/game/baseball-cards-2015-bowman-chrome-prospect-autograph/jarlin-garcia-bcap-jg,
Jefry Rodriguez,622446,2015,chrome,pitcher,bowman_1st_base,baseball-cards-2015-bowman-chrome-prospects,https://www.sportscardspro.com/game/baseball-cards-2015-bowman-chrome-prospects/jefry-rodriguez-bcp205,https://www.sportscardspro.com/game/baseball-cards-2015-bowman-chrome-prospect-autograph/jefry-rodriguez-bcap-jr,
Jon Moscot,621209,2015,chrome,pitcher,bowman_1st_base,baseball-cards-2015-bowman-chrome-prospects,https://www.sportscardspro.com/game/baseball-cards-2015-bowman-chrome-prospects/jon-moscot-bcp163,https://www.sportscardspro.com/game/baseball-cards-2015-bowman-chrome-prospect-autograph/jon-moscot-bcap-jmo,
Kevin Newman,621028,2015,draft,hitter,bowman_1st_base,baseball-cards-2015-bowman-draft-chrome,https://www.sportscardspro.com/game/baseball-cards-2015-bowman-draft-chrome/kevin-newman-64,https://www.sportscardspro.com/game/baseball-cards-2015-bowman-chrome-draft-pick-autograph/kevin-newman-bca-kn,
Kolby Allard,663465,2015,draft,pitcher,bowman_1st_base,baseball-cards-2015-bowman-draft-chrome,https://www.sportscardspro.com/game/baseball-cards-2015-bowman-draft-chrome/kolby-allard-10,https://www.sportscardspro.com/game/baseball-cards-2015-bowman-chrome-draft-pick-autograph/kolby-allard-bca-ka,
Kyle Tucker,663656,2015,draft,hitter,bowman_1st_base,baseball-cards-2015-bowman-draft-chrome,https://www.sportscardspro.com/game/baseball-cards-2015-bowman-draft-chrome/kyle-tucker-75,https://www.sportscardspro.com/game/baseball-cards-2015-bowman-chrome-draft-pick-autograph/kyle-tucker-bca-kt,
Luiz Gohara,627894,2015,chrome,pitcher,bowman_1st_base,baseball-cards-2015-bowman-chrome-prospects,https://www.sportscardspro.com/game/baseball-cards-2015-bowman-chrome-prospects/luiz-gohara-bcp165,https://www.sportscardspro.com/game/baseball-cards-2015-bowman-chrome-prospect-autograph/luiz-gohara-bcap-lg,
Mallex Smith,605480,2015,chrome,hitter,bowman_1st_base,baseball-cards-2015-bowman-chrome-prospects,https://www.sportscardspro.com/game/baseball-cards-2015-bowman-chrome-prospects/mallex-smith-bcp199,https://www.sportscardspro.com/game/baseball-cards-2015-bowman-chrome-prospect-autograph/mallex-smith-bcap-ms,
Michael Conforto,624424,2015,chrome,hitter,bowman_1st_base,baseball-cards-2015-bowman-chrome-prospects,https://www.sportscardspro.com/game/baseball-cards-2015-bowman-chrome-prospects/michael-conforto-bcp218,https://www.sportscardspro.com/game/baseball-cards-2015-bowman-chrome-prospect-autograph/michael-conforto-bcap-mc,
Michael Soroka,647336,2015,draft,pitcher,bowman_1st_base,baseball-cards-2015-bowman-draft-chrome,https://www.sportscardspro.com/game/baseball-cards-2015-bowman-draft-chrome/michael-soroka-181,https://www.sportscardspro.com/game/baseball-cards-2015-bowman-chrome-draft-pick-autograph/michael-soroka-bca-ms,
Miguel Castro,612434,2015,chrome,pitcher,bowman_1st_base,,,https://www.sportscardspro.com/game/baseball-cards-2015-bowman-chrome-prospect-autograph/miguel-castro-bcap-mc,
Nick Pivetta,601713,2015,chrome,pitcher,bowman_1st_base,,,https://www.sportscardspro.com/game/baseball-cards-2015-bowman-chrome-prospect-autograph/nick-pivetta-bcap-np,
Pedro Severino,600474,2015,chrome,hitter,bowman_1st_base,baseball-cards-2015-bowman-chrome-prospects,https://www.sportscardspro.com/game/baseball-cards-2015-bowman-chrome-prospects/pedro-severino-bcp6,https://www.sportscardspro.com/game/baseball-cards-2015-bowman-chrome-prospect-autograph/pedro-severino-bcap-ps,
Reynaldo Lopez,625643,2015,chrome,pitcher,bowman_1st_base,baseball-cards-2015-bowman-chrome-prospects,https://www.sportscardspro.com/game/baseball-cards-2015-bowman-chrome-prospects/reynaldo-lopez-bcp246,https://www.sportscardspro.com/game/baseball-cards-2015-bowman-chrome-prospect-autograph/reynaldo-lopez-bcap-rl,
Scott Kingery,664068,2015,draft,hitter,bowman_1st_base,baseball-cards-2015-bowman-draft-chrome,https://www.sportscardspro.com/game/baseball-cards-2015-bowman-draft-chrome/scott-kingery-138,https://www.sportscardspro.com/game/baseball-cards-2015-bowman-chrome-draft-pick-autograph/scott-kingery-bca-sk,
Spencer Kieboom,571851,2015,chrome,hitter,bowman_1st_base,baseball-cards-2015-bowman-chrome-prospects,https://www.sportscardspro.com/game/baseball-cards-2015-bowman-chrome-prospects/spencer-kieboom-bcp217,https://www.sportscardspro.com/game/baseball-cards-2015-bowman-chrome-prospect-autograph/spencer-kieboom-bcap-sk,
Spencer Turnbull,605513,2015,chrome,pitcher,bowman_1st_base,baseball-cards-2015-bowman-chrome-prospects,https://www.sportscardspro.com/game/baseball-cards-2015-bowman-chrome-prospects/spencer-turnbull-bcp221,https://www.sportscardspro.com/game/baseball-cards-2015-bowman-chrome-prospect-autograph/spencer-turnbull-bcap-stu,
Steven Okert,595345,2015,chrome,pitcher,bowman_1st_base,,,https://www.sportscardspro.com/game/baseball-cards-2015-bowman-chrome-prospect-autograph/steven-okert-bcap-so,
Tanner Rainey,663432,2015,draft,pitcher,bowman_1st_base,baseball-cards-2015-bowman-draft-chrome,https://www.sportscardspro.com/game/baseball-cards-2015-bowman-draft-chrome/tanner-rainey-155,https://www.sportscardspro.com/game/baseball-cards-2015-bowman-chrome-draft-pick-autograph/tanner-rainey-bca-tr,
Victor Arano,644364,2015,chrome,pitcher,bowman_1st_base,,,https://www.sportscardspro.com/game/baseball-cards-2015-bowman-chrome-prospect-autograph/victor-arano-bcap-va,
Victor Caratini,605170,2015,chrome,hitter,bowman_1st_base,baseball-cards-2015-bowman-chrome-prospects,https://www.sportscardspro.com/game/baseball-cards-2015-bowman-chrome-prospects/victor-caratini-bcp220,https://www.sportscardspro.com/game/baseball-cards-2015-bowman-chrome-prospect-autograph/victor-caratini-bcap-vc,
Walker Buehler,621111,2015,draft,pitcher,bowman_1st_base,baseball-cards-2015-bowman-draft-chrome,https://www.sportscardspro.com/game/baseball-cards-2015-bowman-draft-chrome/walker-buehler-46,https://www.sportscardspro.com/game/baseball-cards-2015-bowman-chrome-draft-pick-autograph/walker-buehler-bca-wb,
Willy Adames,642715,2015,chrome,hitter,bowman_1st_base,baseball-cards-2015-bowman-chrome-prospects,https://www.sportscardspro.com/game/baseball-cards-2015-bowman-chrome-prospects/willy-adames-bcp61,https://www.sportscardspro.com/game/baseball-cards-2015-bowman-chrome-prospect-autograph/willy-adames-bcap-wa,
Wilmer Difo,594694,2015,chrome,hitter,bowman_1st_base,baseball-cards-2015-bowman-chrome-prospects,https://www.sportscardspro.com/game/baseball-cards-2015-bowman-chrome-prospects/wilmer-difo-bcp241,https://www.sportscardspro.com/game/baseball-cards-2015-bowman-chrome-prospect-autograph/wilmer-difo-bcap-wd,
Yoan Lopez,661255,2015,chrome,pitcher,bowman_1st_base,baseball-cards-2015-bowman-draft-chrome,https://www.sportscardspro.com/game/baseball-cards-2015-bowman-draft-chrome/yoan-lopez-2,https://www.sportscardspro.com/game/baseball-cards-2015-bowman-chrome-prospect-autograph/yoan-lopez-bcap-yl,
Zac Reininger,643617,2015,chrome,pitcher,bowman_1st_base,baseball-cards-2015-bowman-chrome-prospects,https://www.sportscardspro.com/game/baseball-cards-2015-bowman-chrome-prospects/zac-reininger-bcp243,https://www.sportscardspro.com/game/baseball-cards-2015-bowman-chrome-prospect-autograph/zac-reininger-bcap-zr,
A.J. Puk,640462,2016,draft,pitcher,bowman_1st_base,baseball-cards-2017-bowman-draft-chrome,https://www.sportscardspro.com/game/baseball-cards-2017-bowman-draft-chrome/aj-puk-bdc47,https://www.sportscardspro.com/game/baseball-cards-2016-bowman-draft-chrome-picks-autographs/aj-puk-cda-ap,
Adam Engel,641553,2016,chrome,hitter,bowman_1st_base,,,https://www.sportscardspro.com/game/baseball-cards-2016-bowman-chrome-prospect-autograph/adam-engel-cpa-aen,
Anthony Banda,607455,2016,chrome,pitcher,bowman_1st_base,baseball-cards-2016-bowman-chrome-prospects,https://www.sportscardspro.com/game/baseball-cards-2016-bowman-chrome-prospects/anthony-banda-bcp-51,https://www.sportscardspro.com/game/baseball-cards-2016-bowman-chrome-prospect-autograph/anthony-banda-cpa-aba,
Austin Gomber,596295,2016,chrome,pitcher,bowman_1st_base,baseball-cards-2016-bowman-chrome-prospects,https://www.sportscardspro.com/game/baseball-cards-2016-bowman-chrome-prospects/austin-gomber-bcp-162,https://www.sportscardspro.com/game/baseball-cards-2016-bowman-chrome-prospect-autograph/austin-gomber-bcap-ag,
Billy McKinney,641856,2016,chrome,hitter,bowman_1st_base,baseball-cards-2016-bowman-chrome-prospects,https://www.sportscardspro.com/game/baseball-cards-2016-bowman-chrome-prospects/billy-mckinney-bcp-8,https://www.sportscardspro.com/game/baseball-cards-2016-bowman-chrome-prospect-autograph/billy-mckinney-cpa-bm,
Bo Bichette,666182,2016,draft,hitter,bowman_1st_base,baseball-cards-2017-bowman-draft-chrome,https://www.sportscardspro.com/game/baseball-cards-2017-bowman-draft-chrome/bo-bichette-bdc38,https://www.sportscardspro.com/game/baseball-cards-2016-bowman-draft-chrome-picks-autographs/bo-bichette-cda-bob,
Bryan Reynolds,668804,2016,draft,hitter,bowman_1st_base,baseball-cards-2017-bowman-chrome-prospects,https://www.sportscardspro.com/game/baseball-cards-2017-bowman-chrome-prospects/bryan-reynolds-bcp-204,https://www.sportscardspro.com/game/baseball-cards-2016-bowman-draft-chrome-picks-autographs/bryan-reynolds-cda-brr,
Bryse Wilson,669060,2016,draft,pitcher,bowman_1st_base,baseball-cards-2018-bowman-chrome-prospects,https://www.sportscardspro.com/game/baseball-cards-2018-bowman-chrome-prospects/bryse-wilson-bcp-135,https://www.sportscardspro.com/game/baseball-cards-2016-bowman-draft-chrome-picks-autographs/bryse-wilson-cda-bw,
Cal Quantrill,615698,2016,draft,pitcher,bowman_1st_base,baseball-cards-2017-bowman-draft-chrome,https://www.sportscardspro.com/game/baseball-cards-2017-bowman-draft-chrome/cal-quantrill-bdc21,https://www.sportscardspro.com/game/baseball-cards-2016-bowman-draft-chrome-picks-autographs/cal-quantrill-cda-cq,
Cavan Biggio,624415,2016,draft,hitter,bowman_1st_base,,,https://www.sportscardspro.com/game/baseball-cards-2016-bowman-draft-chrome-picks-autographs/cavan-biggio-cda-cb,
Chad Kuhl,641771,2016,chrome,pitcher,bowman_1st_base,baseball-cards-2016-bowman-chrome-prospects,https://www.sportscardspro.com/game/baseball-cards-2016-bowman-chrome-prospects/chad-kuhl-bcp-154,https://www.sportscardspro.com/game/baseball-cards-2016-bowman-chrome-prospect-autograph/chad-kuhl-bcap-ck,
Connor Sadzeck,592712,2016,chrome,pitcher,bowman_1st_base,baseball-cards-2016-bowman-chrome-prospects,https://www.sportscardspro.com/game/baseball-cards-2016-bowman-chrome-prospects/connor-sadzeck-bcp-172,https://www.sportscardspro.com/game/baseball-cards-2016-bowman-chrome-prospect-autograph/connor-sadzeck-bcap-cs,
Dakota Hudson,641712,2016,draft,pitcher,bowman_1st_base,baseball-cards-2017-bowman-chrome-prospects,https://www.sportscardspro.com/game/baseball-cards-2017-bowman-chrome-prospects/dakota-hudson-bcp-205,https://www.sportscardspro.com/game/baseball-cards-2016-bowman-draft-chrome-picks-autographs/dakota-hudson-cda-dh,
David Hess,605276,2016,chrome,pitcher,bowman_1st_base,,,https://www.sportscardspro.com/game/baseball-cards-2016-bowman-chrome-prospect-autograph/david-hess-cpa-dh,
David Paulino,600944,2016,chrome,pitcher,bowman_1st_base,baseball-cards-2016-bowman-chrome-prospects,https://www.sportscardspro.com/game/baseball-cards-2016-bowman-chrome-prospects/david-paulino-bcp-213,https://www.sportscardspro.com/game/baseball-cards-2016-bowman-chrome-prospect-autograph/david-paulino-bcap-dp,
Domingo Leyba,642736,2016,chrome,hitter,bowman_1st_base,baseball-cards-2016-bowman-chrome-prospects,https://www.sportscardspro.com/game/baseball-cards-2016-bowman-chrome-prospects/domingo-leyba-bcp-3,https://www.sportscardspro.com/game/baseball-cards-2016-bowman-chrome-prospect-autograph/domingo-leyba-cpa-dl,
Dustin Fowler,641583,2016,chrome,hitter,bowman_1st_base,baseball-cards-2016-bowman-chrome-prospects,https://www.sportscardspro.com/game/baseball-cards-2016-bowman-chrome-prospects/dustin-fowler-bcp-153,https://www.sportscardspro.com/game/baseball-cards-2016-bowman-chrome-prospect-autograph/dustin-fowler-bcap-dfo,
Eric Lauer,641778,2016,draft,pitcher,bowman_1st_base,baseball-cards-2018-bowman-chrome-prospects,https://www.sportscardspro.com/game/baseball-cards-2018-bowman-chrome-prospects/eric-lauer-bcp-18,https://www.sportscardspro.com/game/baseball-cards-2016-bowman-draft-chrome-picks-autographs/eric-lauer-cda-el,
Fernando Tatis Jr.,665487,2016,chrome,hitter,bowman_1st_base,baseball-cards-2017-bowman-chrome-prospects,https://www.sportscardspro.com/game/baseball-cards-2017-bowman-chrome-prospects/fernando-tatis-jr-bcp-160,https://www.sportscardspro.com/game/baseball-cards-2016-bowman-chrome-prospect-autograph/fernando-tatis-jr-cpa-ft,
Garrett Hampson,641658,2016,draft,hitter,bowman_1st_base,baseball-cards-2018-bowman-chrome-prospects,https://www.sportscardspro.com/game/baseball-cards-2018-bowman-chrome-prospects/garrett-hampson-bcp-236,https://www.sportscardspro.com/game/baseball-cards-2016-bowman-draft-chrome-picks-autographs/garrett-hampson-cda-gh,
Gavin Lux,666158,2016,draft,hitter,bowman_1st_base,baseball-cards-2017-bowman-draft-chrome,https://www.sportscardspro.com/game/baseball-cards-2017-bowman-draft-chrome/gavin-lux-bdc171,https://www.sportscardspro.com/game/baseball-cards-2016-bowman-draft-chrome-picks-autographs/gavin-lux-cda-gl,
Harrison Bader,664056,2016,chrome,hitter,bowman_1st_base,baseball-cards-2017-bowman-chrome-prospects,https://www.sportscardspro.com/game/baseball-cards-2017-bowman-chrome-prospects/harrison-bader-bcp-143,https://www.sportscardspro.com/game/baseball-cards-2016-bowman-chrome-prospect-autograph/harrison-bader-cpa-hb,
Isan Diaz,656371,2016,chrome,hitter,bowman_1st_base,baseball-cards-2016-bowman-chrome-prospects,https://www.sportscardspro.com/game/baseball-cards-2016-bowman-chrome-prospects/isan-diaz-bcp-232,https://www.sportscardspro.com/game/baseball-cards-2016-bowman-chrome-prospect-autograph/isan-diaz-bcap-id,
Jaime Schultz,621289,2016,chrome,pitcher,bowman_1st_base,baseball-cards-2016-bowman-chrome-prospects,https://www.sportscardspro.com/game/baseball-cards-2016-bowman-chrome-prospects/jaime-schultz-bcp-193,https://www.sportscardspro.com/game/baseball-cards-2016-bowman-chrome-prospect-autograph/jaime-schultz-bcap-js,
Jake Fraley,641584,2016,draft,hitter,bowman_1st_base,,,https://www.sportscardspro.com/game/baseball-cards-2016-bowman-draft-chrome-picks-autographs/jake-fraley-cda-jf,
Jesus Luzardo,666200,2016,draft,pitcher,bowman_1st_base,baseball-cards-2018-bowman-chrome-prospects,https://www.sportscardspro.com/game/baseball-cards-2018-bowman-chrome-prospects/jesus-luzardo-bcp-126,https://www.sportscardspro.com/game/baseball-cards-2016-bowman-draft-chrome-picks-autographs/jesus-luzardo-cda-jlu,
Jesus Tinoco,622786,2016,chrome,pitcher,bowman_1st_base,,,https://www.sportscardspro.com/game/baseball-cards-2016-bowman-chrome-prospect-autograph/jesus-tinoco-cpa-jt,
Joe Musgrove,605397,2016,chrome,pitcher,bowman_1st_base,,,https://www.sportscardspro.com/game/baseball-cards-2016-bowman-chrome-prospect-autograph/joe-musgrove-cpa-jmu,
Jordan Patterson,641958,2016,chrome,hitter,bowman_1st_base,,,https://www.sportscardspro.com/game/baseball-cards-2016-bowman-chrome-prospect-autograph/jordan-patterson-cpa-jp,
Juan Soto,665742,2016,chrome,hitter,bowman_1st_base,baseball-cards-2017-bowman-chrome-prospects,https://www.sportscardspro.com/game/baseball-cards-2017-bowman-chrome-prospects/juan-soto-bcp-180,https://www.sportscardspro.com/game/baseball-cards-2016-bowman-chrome-prospect-autograph/juan-soto-cpa-js,
Junior Fernandez,658551,2016,chrome,pitcher,bowman_1st_base,baseball-cards-2016-bowman-chrome-prospects,https://www.sportscardspro.com/game/baseball-cards-2016-bowman-chrome-prospects/junior-fernandez-bcp-176,https://www.sportscardspro.com/game/baseball-cards-2016-bowman-chrome-prospect-autograph/junior-fernandez-bcap-jf,
Justin Dunn,643290,2016,draft,pitcher,bowman_1st_base,baseball-cards-2017-bowman-draft-chrome,https://www.sportscardspro.com/game/baseball-cards-2017-bowman-draft-chrome/justin-dunn-bdc49,https://www.sportscardspro.com/game/baseball-cards-2016-bowman-draft-chrome-picks-autographs/justin-dunn-cda-jd,
Kyle Lewis,641786,2016,draft,hitter,bowman_1st_base,baseball-cards-2017-bowman-draft-chrome,https://www.sportscardspro.com/game/baseball-cards-2017-bowman-draft-chrome/kyle-lewis-bdc154,https://www.sportscardspro.com/game/baseball-cards-2016-bowman-draft-chrome-picks-autographs/kyle-lewis-cda-kl,
Matt Thaiss,642136,2016,draft,hitter,bowman_1st_base,baseball-cards-2017-bowman-chrome-prospects,https://www.sportscardspro.com/game/baseball-cards-2017-bowman-chrome-prospects/matt-thaiss-bcp-64,https://www.sportscardspro.com/game/baseball-cards-2016-bowman-draft-chrome-picks-autographs/matt-thaiss-cda-mt,
Mike Clevinger,605182,2016,chrome,pitcher,bowman_1st_base,baseball-cards-2016-bowman-chrome-prospects,https://www.sportscardspro.com/game/baseball-cards-2016-bowman-chrome-prospects/mike-clevinger-bcp-52,https://www.sportscardspro.com/game/baseball-cards-2016-bowman-chrome-prospect-autograph/mike-clevinger-cpa-mc,
Mike Gerber,595222,2016,chrome,hitter,bowman_1st_base,baseball-cards-2016-bowman-chrome-prospects,https://www.sportscardspro.com/game/baseball-cards-2016-bowman-chrome-prospects/mike-gerber-bcp-241,https://www.sportscardspro.com/game/baseball-cards-2016-bowman-chrome-prospect-autograph/mike-gerber-bcap-mg,
Pete Alonso,624413,2016,draft,hitter,bowman_1st_base,baseball-cards-2018-bowman-chrome-prospects,https://www.sportscardspro.com/game/baseball-cards-2018-bowman-chrome-prospects/pete-alonso-bcp-137,https://www.sportscardspro.com/game/baseball-cards-2016-bowman-draft-chrome-picks-autographs/pete-alonso-cda-pa,
Sam Howard,607572,2016,chrome,pitcher,bowman_1st_base,baseball-cards-2016-bowman-chrome-prospects,https://www.sportscardspro.com/game/baseball-cards-2016-bowman-chrome-prospects/sam-howard-bcp-158,https://www.sportscardspro.com/game/baseball-cards-2016-bowman-chrome-prospect-autograph/sam-howard-bcap-sh,
Sam Travis,607752,2016,chrome,hitter,bowman_1st_base,baseball-cards-2016-bowman-chrome-prospects,https://www.sportscardspro.com/game/baseball-cards-2016-bowman-chrome-prospects/sam-travis-bcp-229,https://www.sportscardspro.com/game/baseball-cards-2016-bowman-chrome-prospect-autograph/sam-travis-bcap-str,
T.J. Zeuch,643615,2016,draft,pitcher,bowman_1st_base,baseball-cards-2017-bowman-draft-chrome,https://www.sportscardspro.com/game/baseball-cards-2017-bowman-draft-chrome/tj-zeuch-bdc68,https://www.sportscardspro.com/game/baseball-cards-2016-bowman-draft-chrome-picks-autographs/tj-zeuch-cda-tz,
Tyler Alexander,641302,2016,chrome,pitcher,bowman_1st_base,baseball-cards-2016-bowman-chrome-prospects,https://www.sportscardspro.com/game/baseball-cards-2016-bowman-chrome-prospects/tyler-alexander-bcp-235,https://www.sportscardspro.com/game/baseball-cards-2016-bowman-chrome-prospect-autograph/tyler-alexander-bcap-ta,
Tyler White,643603,2016,chrome,hitter,bowman_1st_base,,,https://www.sportscardspro.com/game/baseball-cards-2016-bowman-chrome-prospect-autograph/tyler-white-cpa-tw,
Tyrell Jenkins,592433,2016,chrome,pitcher,bowman_1st_base,baseball-cards-2016-bowman-chrome-prospects,https://www.sportscardspro.com/game/baseball-cards-2016-bowman-chrome-prospects/tyrell-jenkins-bcp-112,https://www.sportscardspro.com/game/baseball-cards-2016-bowman-chrome-prospect-autograph/tyrell-jenkins-bcap-tj,
Victor Alcantara,622505,2016,chrome,pitcher,bowman_1st_base,baseball-cards-2016-bowman-chrome-prospects,https://www.sportscardspro.com/game/baseball-cards-2016-bowman-chrome-prospects/victor-alcantara-bcp-168,https://www.sportscardspro.com/game/baseball-cards-2016-bowman-chrome-prospect-autograph/victor-alcantara-bcap-va,
Vladimir Guerrero Jr.,665489,2016,chrome,hitter,bowman_1st_base,baseball-cards-2016-bowman-chrome-prospects,https://www.sportscardspro.com/game/baseball-cards-2016-bowman-chrome-prospects/vladimir-guerrero-jr-bcp-55,https://www.sportscardspro.com/game/baseball-cards-2016-bowman-chrome-prospect-autograph/vladimir-guerrero-jr-cpa-vg,
Will Smith,669257,2016,draft,hitter,bowman_1st_base,baseball-cards-2017-bowman-draft-chrome,https://www.sportscardspro.com/game/baseball-cards-2017-bowman-draft-chrome/will-smith-bdc116,https://www.sportscardspro.com/game/baseball-cards-2016-bowman-draft-chrome-picks-autographs/will-smith-cda-ws,
Willie Calhoun,641432,2016,chrome,hitter,bowman_1st_base,baseball-cards-2016-bowman-chrome-prospects,https://www.sportscardspro.com/game/baseball-cards-2016-bowman-chrome-prospects/willie-calhoun-bcp-169,https://www.sportscardspro.com/game/baseball-cards-2016-bowman-chrome-prospect-autograph/willie-calhoun-bcap-wc,
Yairo Munoz,622168,2016,chrome,hitter,bowman_1st_base,baseball-cards-2017-bowman-chrome-prospects,https://www.sportscardspro.com/game/baseball-cards-2017-bowman-chrome-prospects/yairo-munoz-bcp-203,https://www.sportscardspro.com/game/baseball-cards-2016-bowman-chrome-prospect-autograph/yairo-munoz-cpa-ymu,
Zack Collins,641470,2016,draft,hitter,bowman_1st_base,baseball-cards-2018-bowman-chrome-prospects,https://www.sportscardspro.com/game/baseball-cards-2018-bowman-chrome-prospects/zack-collins-bcp-230,https://www.sportscardspro.com/game/baseball-cards-2016-bowman-draft-chrome-picks-autographs/zack-collins-cda-zc,
Adam Haseley,656514,2017,draft,hitter,bowman_1st_base,baseball-cards-2017-bowman-draft-chrome,https://www.sportscardspro.com/game/baseball-cards-2017-bowman-draft-chrome/adam-haseley-bdc115,https://www.sportscardspro.com/game/baseball-cards-2017-bowman-draft-chrome-picks-autographs/adam-haseley-cda-ah,
Adrian Morejon,670970,2017,chrome,pitcher,bowman_1st_base,baseball-cards-2017-bowman-chrome-prospects,https://www.sportscardspro.com/game/baseball-cards-2017-bowman-chrome-prospects/adrian-morejon-bcp-130,https://www.sportscardspro.com/game/baseball-cards-2017-bowman-chrome-prospects-autographs/adrian-morejon-cpa-am,
Albert Abreu,656061,2017,chrome,pitcher,bowman_1st_base,baseball-cards-2017-bowman-chrome-prospects,https://www.sportscardspro.com/game/baseball-cards-2017-bowman-chrome-prospects/albert-abreu-bcp-153,https://www.sportscardspro.com/game/baseball-cards-2017-bowman-chrome-prospects-autographs/albert-abreu-cpa-aa,
Anderson Tejeda,660731,2017,chrome,hitter,bowman_1st_base,baseball-cards-2017-bowman-chrome-prospects,https://www.sportscardspro.com/game/baseball-cards-2017-bowman-chrome-prospects/anderson-tejeda-bcp-247,https://www.sportscardspro.com/game/baseball-cards-2017-bowman-chrome-prospects-autographs/anderson-tejeda-cpa-at,
Anthony Kay,641743,2017,chrome,pitcher,bowman_1st_base,baseball-cards-2017-bowman-chrome-prospects,https://www.sportscardspro.com/game/baseball-cards-2017-bowman-chrome-prospects/anthony-kay-bcp-246,https://www.sportscardspro.com/game/baseball-cards-2017-bowman-chrome-prospects-autographs/anthony-kay-cpa-ak,
Austin Hays,669720,2017,chrome,hitter,bowman_1st_base,baseball-cards-2017-bowman-chrome-prospects,https://www.sportscardspro.com/game/baseball-cards-2017-bowman-chrome-prospects/austin-hays-bcp-224,https://www.sportscardspro.com/game/baseball-cards-2017-bowman-chrome-prospects-autographs/austin-hays-cpa-ah,
Braden Bishop,623323,2017,chrome,hitter,bowman_1st_base,baseball-cards-2017-bowman-chrome-prospects,https://www.sportscardspro.com/game/baseball-cards-2017-bowman-chrome-prospects/braden-bishop-bcp-211,https://www.sportscardspro.com/game/baseball-cards-2017-bowman-chrome-prospects-autographs/braden-bishop-cpa-bbi,
Brendan McKay,656713,2017,draft,pitcher,bowman_1st_base,baseball-cards-2017-bowman-draft-chrome,https://www.sportscardspro.com/game/baseball-cards-2017-bowman-draft-chrome/brendan-mckay-bdc100,https://www.sportscardspro.com/game/baseball-cards-2017-bowman-draft-chrome-picks-autographs/brendan-mckay-cda-bm,
Brent Rooker,667670,2017,draft,hitter,bowman_1st_base,baseball-cards-2017-bowman-draft-chrome,https://www.sportscardspro.com/game/baseball-cards-2017-bowman-draft-chrome/brent-rooker-bdc122,https://www.sportscardspro.com/game/baseball-cards-2017-bowman-draft-chrome-picks-autographs/brent-rooker-cda-br,
Chris Paddack,663978,2017,chrome,pitcher,bowman_1st_base,baseball-cards-2017-bowman-chrome-prospects,https://www.sportscardspro.com/game/baseball-cards-2017-bowman-chrome-prospects/chris-paddack-bcp-243,https://www.sportscardspro.com/game/baseball-cards-2017-bowman-chrome-prospects-autographs/chris-paddack-cpa-cp,
Clarke Schmidt,657376,2017,draft,pitcher,bowman_1st_base,baseball-cards-2017-bowman-draft-chrome,https://www.sportscardspro.com/game/baseball-cards-2017-bowman-draft-chrome/clarke-schmidt-bdc197,https://www.sportscardspro.com/game/baseball-cards-2017-bowman-draft-chrome-picks-autographs/clarke-schmidt-cda-cs,
Clint Frazier,640449,2017,chrome,hitter,bowman_1st_base,baseball-cards-2017-bowman-chrome-prospects,https://www.sportscardspro.com/game/baseball-cards-2017-bowman-chrome-prospects/clint-frazier-bcp-16,https://www.sportscardspro.com/game/baseball-cards-2017-bowman-chrome-prospects-autographs/clint-frazier-cpa-cf,
Corbin Martin,656686,2017,draft,pitcher,bowman_1st_base,baseball-cards-2017-bowman-draft-chrome,https://www.sportscardspro.com/game/baseball-cards-2017-bowman-draft-chrome/corbin-martin-bdc133,https://www.sportscardspro.com/game/baseball-cards-2017-bowman-draft-chrome-picks-autographs/corbin-martin-cda-cma,
Daniel Gossett,605254,2017,chrome,pitcher,bowman_1st_base,baseball-cards-2017-bowman-chrome-prospects,https://www.sportscardspro.com/game/baseball-cards-2017-bowman-chrome-prospects/daniel-gossett-bcp-248,https://www.sportscardspro.com/game/baseball-cards-2017-bowman-chrome-prospects-autographs/daniel-gossett-cpa-dg,
David Fletcher,664058,2017,chrome,hitter,bowman_1st_base,baseball-cards-2017-bowman-chrome-prospects,https://www.sportscardspro.com/game/baseball-cards-2017-bowman-chrome-prospects/david-fletcher-bcp-113,https://www.sportscardspro.com/game/baseball-cards-2017-bowman-chrome-prospects-autographs/david-fletcher-cpa-df,
David Peterson,656849,2017,draft,pitcher,bowman_1st_base,baseball-cards-2017-bowman-draft-chrome,https://www.sportscardspro.com/game/baseball-cards-2017-bowman-draft-chrome/david-peterson-bdc78,https://www.sportscardspro.com/game/baseball-cards-2017-bowman-draft-chrome-picks-autographs/david-peterson-cda-dp,
Dawel Lugo,608475,2017,chrome,hitter,bowman_1st_base,baseball-cards-2017-bowman-chrome-prospects,https://www.sportscardspro.com/game/baseball-cards-2017-bowman-chrome-prospects/dawel-lugo-bcp-191,https://www.sportscardspro.com/game/baseball-cards-2017-bowman-chrome-prospects-autographs/dawel-lugo-cpa-dl,
Dinelson Lamet,659275,2017,chrome,pitcher,bowman_1st_base,,,https://www.sportscardspro.com/game/baseball-cards-2017-bowman-chrome-prospects-autographs/dinelson-lamet-cpa-dla,
Evan White,657108,2017,draft,hitter,bowman_1st_base,baseball-cards-2017-bowman-draft-chrome,https://www.sportscardspro.com/game/baseball-cards-2017-bowman-draft-chrome/evan-white-bdc178,https://www.sportscardspro.com/game/baseball-cards-2017-bowman-draft-chrome-picks-autographs/evan-white-cda-ew,
Felix Jorge,602928,2017,chrome,pitcher,bowman_1st_base,baseball-cards-2017-bowman-chrome-prospects,https://www.sportscardspro.com/game/baseball-cards-2017-bowman-chrome-prospects/felix-jorge-bcp-166,https://www.sportscardspro.com/game/baseball-cards-2017-bowman-chrome-prospects-autographs/felix-jorge-cpa-fj,
Francisco Mejia,642336,2017,chrome,hitter,bowman_1st_base,baseball-cards-2017-bowman-chrome-prospects,https://www.sportscardspro.com/game/baseball-cards-2017-bowman-chrome-prospects/francisco-mejia-bcp-51,https://www.sportscardspro.com/game/baseball-cards-2017-bowman-chrome-prospects-autographs/francisco-mejia-cpa-fm,
Griffin Canning,656288,2017,draft,pitcher,bowman_1st_base,baseball-cards-2017-bowman-draft-chrome,https://www.sportscardspro.com/game/baseball-cards-2017-bowman-draft-chrome/griffin-canning-bdc48,https://www.sportscardspro.com/game/baseball-cards-2017-bowman-draft-chrome-picks-autographs/griffin-canning-cda-gc,
Jesus Sanchez,660821,2017,chrome,hitter,bowman_1st_base,baseball-cards-2017-bowman-chrome-prospects,https://www.sportscardspro.com/game/baseball-cards-2017-bowman-chrome-prospects/jesus-sanchez-bcp-228,https://www.sportscardspro.com/game/baseball-cards-2017-bowman-chrome-prospects-autographs/jesus-sanchez-cpa-js,
Jo Adell,666176,2017,draft,hitter,bowman_1st_base,baseball-cards-2017-bowman-draft-chrome,https://www.sportscardspro.com/game/baseball-cards-2017-bowman-draft-chrome/jo-adell-bdc95,https://www.sportscardspro.com/game/baseball-cards-2017-bowman-draft-chrome-picks-autographs/jo-adell-cda-ja,
Jon Duplantier,641541,2017,chrome,pitcher,bowman_1st_base,baseball-cards-2018-bowman-chrome-prospects,https://www.sportscardspro.com/game/baseball-cards-2018-bowman-chrome-prospects/jon-duplantier-bcp-188,https://www.sportscardspro.com/game/baseball-cards-2017-bowman-chrome-prospects-autographs/jon-duplantier-cpa-jd,
Jorge Ona,671250,2017,chrome,hitter,bowman_1st_base,baseball-cards-2017-bowman-chrome-prospects,https://www.sportscardspro.com/game/baseball-cards-2017-bowman-chrome-prospects/jorge-ona-bcp-168,https://www.sportscardspro.com/game/baseball-cards-2017-bowman-chrome-prospects-autographs/jorge-ona-cpa-jo,
Jose Trevino,624431,2017,chrome,hitter,bowman_1st_base,baseball-cards-2018-bowman-chrome-prospects,https://www.sportscardspro.com/game/baseball-cards-2018-bowman-chrome-prospects/jose-trevino-bcp-27,https://www.sportscardspro.com/game/baseball-cards-2017-bowman-chrome-prospects-autographs/jose-trevino-cpa-jt,
Josh Sborz,622250,2017,chrome,pitcher,bowman_1st_base,baseball-cards-2017-bowman-chrome-prospects,https://www.sportscardspro.com/game/baseball-cards-2017-bowman-chrome-prospects/josh-sborz-bcp-196,https://www.sportscardspro.com/game/baseball-cards-2017-bowman-chrome-prospects-autographs/josh-sborz-cpa-jsb,
Keegan Akin,669211,2017,chrome,pitcher,bowman_1st_base,baseball-cards-2017-bowman-chrome-prospects,https://www.sportscardspro.com/game/baseball-cards-2017-bowman-chrome-prospects/keegan-akin-bcp-236,https://www.sportscardspro.com/game/baseball-cards-2017-bowman-chrome-prospects-autographs/keegan-akin-cpa-ka,
Keston Hiura,669374,2017,draft,hitter,bowman_1st_base,baseball-cards-2017-bowman-draft-chrome,https://www.sportscardspro.com/game/baseball-cards-2017-bowman-draft-chrome/keston-hiura-bdc75,https://www.sportscardspro.com/game/baseball-cards-2017-bowman-draft-chrome-picks-autographs/keston-hiura-cda-kh,
Kyle Wright,657140,2017,draft,pitcher,bowman_1st_base,baseball-cards-2017-bowman-draft-chrome,https://www.sportscardspro.com/game/baseball-cards-2017-bowman-draft-chrome/kyle-wright-bdc120,https://www.sportscardspro.com/game/baseball-cards-2017-bowman-draft-chrome-picks-autographs/kyle-wright-cda-kw,
Leody Taveras,665750,2017,chrome,hitter,bowman_1st_base,baseball-cards-2017-bowman-chrome-prospects,https://www.sportscardspro.com/game/baseball-cards-2017-bowman-chrome-prospects/leody-taveras-bcp-158,https://www.sportscardspro.com/game/baseball-cards-2017-bowman-chrome-prospects-autographs/leody-taveras-cpa-lt,
Lewis Brinson,621446,2017,chrome,hitter,bowman_1st_base,,,https://www.sportscardspro.com/game/baseball-cards-2017-bowman-chrome-prospects-autographs/lewis-brinson-cpa-lb,
Luis Alexander Basabe,642772,2017,chrome,hitter,bowman_1st_base,baseball-cards-2017-bowman-chrome-prospects,https://www.sportscardspro.com/game/baseball-cards-2017-bowman-chrome-prospects/luis-alexander-basabe-bcp-244,https://www.sportscardspro.com/game/baseball-cards-2017-bowman-chrome-prospects-autographs/luis-alexander-basabe-cpa-lab,
Luis Arraez,650333,2017,chrome,hitter,bowman_1st_base,,,https://www.sportscardspro.com/game/baseball-cards-2017-bowman-chrome-prospects-autographs/luis-arraez-cpa-la,
Luis Campusano,669134,2017,draft,hitter,bowman_1st_base,baseball-cards-2017-bowman-draft-chrome,https://www.sportscardspro.com/game/baseball-cards-2017-bowman-draft-chrome/luis-campusano-bdc46,https://www.sportscardspro.com/game/baseball-cards-2017-bowman-draft-chrome-picks-autographs/luis-campusano-cda-lc,
Luis Gonzalez,670768,2017,draft,hitter,bowman_1st_base,baseball-cards-2017-bowman-draft-chrome,https://www.sportscardspro.com/game/baseball-cards-2017-bowman-draft-chrome/luis-gonzalez-bdc86,https://www.sportscardspro.com/game/baseball-cards-2017-bowman-draft-chrome-picks-autographs/luis-gonzalez-cda-lg,
Magneuris Sierra,642423,2017,chrome,hitter,bowman_1st_base,,,https://www.sportscardspro.com/game/baseball-cards-2017-bowman-chrome-prospects-autographs/magneuris-sierra-cpa-ms,
Max Schrock,621011,2017,chrome,hitter,bowman_1st_base,baseball-cards-2017-bowman-chrome-prospects,https://www.sportscardspro.com/game/baseball-cards-2017-bowman-chrome-prospects/max-schrock-bcp-154,https://www.sportscardspro.com/game/baseball-cards-2017-bowman-chrome-prospects-autographs/max-schrock-cpa-msc,
Meibrys Viloria,650619,2017,chrome,hitter,bowman_1st_base,,,https://www.sportscardspro.com/game/baseball-cards-2017-bowman-chrome-prospects-autographs/meibrys-viloria-cpa-mv,
Michael Kopech,656629,2017,chrome,pitcher,bowman_1st_base,baseball-cards-2017-bowman-chrome-prospects,https://www.sportscardspro.com/game/baseball-cards-2017-bowman-chrome-prospects/michael-kopech-bcp-116,https://www.sportscardspro.com/game/baseball-cards-2017-bowman-chrome-prospects-autographs/michael-kopech-cpa-mk,
Miguel Gomez,622497,2017,chrome,hitter,bowman_1st_base,,,https://www.sportscardspro.com/game/baseball-cards-2017-bowman-chrome-prospects-autographs/miguel-gomez-cpa-mg,
Mitch Keller,656605,2017,chrome,pitcher,bowman_1st_base,baseball-cards-2017-bowman-chrome-prospects,https://www.sportscardspro.com/game/baseball-cards-2017-bowman-chrome-prospects/mitch-keller-bcp-66,https://www.sportscardspro.com/game/baseball-cards-2017-bowman-chrome-prospects-autographs/mitch-keller-cpa-mk,
Nate Pearson,663878,2017,draft,pitcher,bowman_1st_base,baseball-cards-2017-bowman-draft-chrome,https://www.sportscardspro.com/game/baseball-cards-2017-bowman-draft-chrome/nate-pearson-bdc119,https://www.sportscardspro.com/game/baseball-cards-2017-bowman-draft-chrome-picks-autographs/nate-pearson-cda-npe,
Pavin Smith,656976,2017,draft,hitter,bowman_1st_base,baseball-cards-2017-bowman-draft-chrome,https://www.sportscardspro.com/game/baseball-cards-2017-bowman-draft-chrome/pavin-smith-bdc195,https://www.sportscardspro.com/game/baseball-cards-2017-bowman-draft-chrome-picks-autographs/pavin-smith-cda-ps,
Ryan O'Hearn,656811,2017,chrome,hitter,bowman_1st_base,baseball-cards-2017-bowman-chrome-prospects,https://www.sportscardspro.com/game/baseball-cards-2017-bowman-chrome-prospects/ryan-o%27hearn-bcp-212,https://www.sportscardspro.com/game/baseball-cards-2017-bowman-chrome-prospects-autographs/ryan-o%27hearn-cpa-roh,
Sixto Sanchez,664350,2017,chrome,pitcher,bowman_1st_base,baseball-cards-2017-bowman-chrome-prospects,https://www.sportscardspro.com/game/baseball-cards-2017-bowman-chrome-prospects/sixto-sanchez-bcp-210,https://www.sportscardspro.com/game/baseball-cards-2017-bowman-chrome-prospects-autographs/sixto-sanchez-cpa-ss,
Steven Duggar,621453,2017,chrome,hitter,bowman_1st_base,baseball-cards-2017-bowman-chrome-prospects,https://www.sportscardspro.com/game/baseball-cards-2017-bowman-chrome-prospects/steven-duggar-bcp-220,https://www.sportscardspro.com/game/baseball-cards-2017-bowman-chrome-prospects-autographs/steven-duggar-cpa-sd,
Tanner Houck,656557,2017,draft,pitcher,bowman_1st_base,baseball-cards-2017-bowman-draft-chrome,https://www.sportscardspro.com/game/baseball-cards-2017-bowman-draft-chrome/tanner-houck-bdc65,https://www.sportscardspro.com/game/baseball-cards-2017-bowman-draft-chrome-picks-autographs/tanner-houck-cda-th,
Tomas Nido,621512,2017,chrome,hitter,bowman_1st_base,baseball-cards-2017-bowman-chrome-prospects,https://www.sportscardspro.com/game/baseball-cards-2017-bowman-chrome-prospects/tomas-nido-bcp-222,https://www.sportscardspro.com/game/baseball-cards-2017-bowman-chrome-prospects-autographs/tomas-nido-cpa-tn,
Tommy Doyle,656382,2017,draft,pitcher,bowman_1st_base,baseball-cards-2017-bowman-draft-chrome,https://www.sportscardspro.com/game/baseball-cards-2017-bowman-draft-chrome/tommy-doyle-bdc54,https://www.sportscardspro.com/game/baseball-cards-2017-bowman-draft-chrome-picks-autographs/tommy-doyle-cda-td,
Trevor Rogers,669432,2017,draft,pitcher,bowman_1st_base,baseball-cards-2017-bowman-draft-chrome,https://www.sportscardspro.com/game/baseball-cards-2017-bowman-draft-chrome/trevor-rogers-bdc53,https://www.sportscardspro.com/game/baseball-cards-2017-bowman-draft-chrome-picks-autographs/trevor-rogers-cda-tr,
Adbert Alzolay,640470,2018,chrome,pitcher,bowman_1st_base,baseball-cards-2018-bowman-chrome-prospects,https://www.sportscardspro.com/game/baseball-cards-2018-bowman-chrome-prospects/adbert-alzolay-bcp-145,https://www.sportscardspro.com/game/baseball-cards-2018-bowman-chrome-prospects-autographs/adbert-alzolay-cpa-aa,
Akil Baddoo,668731,2018,chrome,hitter,bowman_1st_base,,,https://www.sportscardspro.com/game/baseball-cards-2018-bowman-chrome-prospects-autographs/akil-baddoo-bcpa-ab,
Alec Bohm,664761,2018,draft,hitter,bowman_1st_base,baseball-cards-2019-bowman-draft-chrome,https://www.sportscardspro.com/game/baseball-cards-2019-bowman-draft-chrome/alec-bohm-bdc-162,https://www.sportscardspro.com/game/baseball-cards-2018-bowman-draft-chrome-picks-autographs/alec-bohm-cda-ab,
Alex Wells,649144,2018,chrome,pitcher,bowman_1st_base,,,https://www.sportscardspro.com/game/baseball-cards-2018-bowman-chrome-prospects-autographs/alex-wells-bcpa-aw,
Andres Gimenez,665926,2018,chrome,hitter,bowman_1st_base,baseball-cards-2018-bowman-chrome-prospects,https://www.sportscardspro.com/game/baseball-cards-2018-bowman-chrome-prospects/andres-gimenez-bcp-72,https://www.sportscardspro.com/game/baseball-cards-2018-bowman-chrome-prospects-autographs/andres-gimenez-cpa-ag,
Austin Allen,664119,2018,chrome,hitter,bowman_1st_base,baseball-cards-2018-bowman-chrome-prospects,https://www.sportscardspro.com/game/baseball-cards-2018-bowman-chrome-prospects/austin-allen-bcp-203,https://www.sportscardspro.com/game/baseball-cards-2018-bowman-chrome-prospects-autographs/austin-allen-bcpa-aal,
Brady Singer,663903,2018,draft,pitcher,bowman_1st_base,baseball-cards-2019-bowman-chrome-prospects,https://www.sportscardspro.com/game/baseball-cards-2019-bowman-chrome-prospects/brady-singer-bcp-110,https://www.sportscardspro.com/game/baseball-cards-2018-bowman-draft-chrome-picks-autographs/brady-singer-cda-bs,
Brandon Marsh,669016,2018,chrome,hitter,bowman_1st_base,baseball-cards-2018-bowman-chrome-prospects,https://www.sportscardspro.com/game/baseball-cards-2018-bowman-chrome-prospects/brandon-marsh-bcp-182,https://www.sportscardspro.com/game/baseball-cards-2018-bowman-chrome-prospects-autographs/brandon-marsh-bcpa-bm,
Brusdar Graterol,660813,2018,chrome,pitcher,bowman_1st_base,baseball-cards-2018-bowman-chrome-prospects,https://www.sportscardspro.com/game/baseball-cards-2018-bowman-chrome-prospects/brusdar-graterol-bcp-218,https://www.sportscardspro.com/game/baseball-cards-2018-bowman-chrome-prospects-autographs/brusdar-graterol-bcpa-bg,
Carter Kieboom,666198,2018,chrome,hitter,bowman_1st_base,baseball-cards-2018-bowman-chrome-prospects,https://www.sportscardspro.com/game/baseball-cards-2018-bowman-chrome-prospects/carter-kieboom-bcp-192,https://www.sportscardspro.com/game/baseball-cards-2018-bowman-chrome-prospects-autographs/carter-kieboom-bcpa-ck,
Casey Mize,663554,2018,draft,pitcher,bowman_1st_base,baseball-cards-2019-bowman-chrome-prospects,https://www.sportscardspro.com/game/baseball-cards-2019-bowman-chrome-prospects/casey-mize-bcp-240,https://www.sportscardspro.com/game/baseball-cards-2018-bowman-draft-chrome-picks-autographs/casey-mize-cda-cm,
Cedric Mullins,656775,2018,chrome,hitter,bowman_1st_base,,,https://www.sportscardspro.com/game/baseball-cards-2018-bowman-chrome-prospects-autographs/cedric-mullins-cpa-cm,
Chris Rodriguez,669735,2018,chrome,pitcher,bowman_1st_base,baseball-cards-2018-bowman-chrome-prospects,https://www.sportscardspro.com/game/baseball-cards-2018-bowman-chrome-prospects/chris-rodriguez-bcp-108,https://www.sportscardspro.com/game/baseball-cards-2018-bowman-chrome-prospects-autographs/chris-rodriguez-cpa-cr,
Colton Welker,666213,2018,chrome,hitter,bowman_1st_base,baseball-cards-2018-bowman-chrome-prospects,https://www.sportscardspro.com/game/baseball-cards-2018-bowman-chrome-prospects/colton-welker-bcp-39,https://www.sportscardspro.com/game/baseball-cards-2018-bowman-chrome-prospects-autographs/colton-welker-cpa-cw,
Connor Seabold,657756,2018,chrome,pitcher,bowman_1st_base,baseball-cards-2018-bowman-chrome-prospects,https://www.sportscardspro.com/game/baseball-cards-2018-bowman-chrome-prospects/connor-seabold-bcp-164,https://www.sportscardspro.com/game/baseball-cards-2018-bowman-chrome-prospects-autographs/connor-seabold-bcpa-cs,
Corbin Burnes,669203,2018,chrome,pitcher,bowman_1st_base,baseball-cards-2018-bowman-chrome-prospects,https://www.sportscardspro.com/game/baseball-cards-2018-bowman-chrome-prospects/corbin-burnes-bcp-132,https://www.sportscardspro.com/game/baseball-cards-2018-bowman-chrome-prospects-autographs/corbin-burnes-cpa-cb,
Cristian Pache,665506,2018,chrome,hitter,bowman_1st_base,baseball-cards-2018-bowman-chrome-prospects,https://www.sportscardspro.com/game/baseball-cards-2018-bowman-chrome-prospects/cristian-pache-bcp-46,https://www.sportscardspro.com/game/baseball-cards-2018-bowman-chrome-prospects-autographs/cristian-pache-cpa-cp,
Daniel Johnson,669288,2018,chrome,hitter,bowman_1st_base,baseball-cards-2018-bowman-chrome-prospects,https://www.sportscardspro.com/game/baseball-cards-2018-bowman-chrome-prospects/daniel-johnson-bcp-3,https://www.sportscardspro.com/game/baseball-cards-2018-bowman-chrome-prospects-autographs/daniel-johnson-cpa-dj,
Darwinzon Hernandez,650382,2018,chrome,pitcher,bowman_1st_base,baseball-cards-2018-bowman-chrome-prospects,https://www.sportscardspro.com/game/baseball-cards-2018-bowman-chrome-prospects/darwinzon-hernandez-bcp-196,https://www.sportscardspro.com/game/baseball-cards-2018-bowman-chrome-prospects-autographs/darwinzon-hernandez-bcpa-dh,
Daulton Varsho,662139,2018,chrome,hitter,bowman_1st_base,baseball-cards-2018-bowman-chrome-prospects,https://www.sportscardspro.com/game/baseball-cards-2018-bowman-chrome-prospects/daulton-varsho-bcp-198,https://www.sportscardspro.com/game/baseball-cards-2018-bowman-chrome-prospects-autographs/daulton-varsho-bcpa-dv,
Dennis Santana,642701,2018,chrome,pitcher,bowman_1st_base,baseball-cards-2018-bowman-chrome-prospects,https://www.sportscardspro.com/game/baseball-cards-2018-bowman-chrome-prospects/dennis-santana-bcp-36,https://www.sportscardspro.com/game/baseball-cards-2018-bowman-chrome-prospects-autographs/dennis-santana-cpa-ds,
Dustin May,669160,2018,chrome,pitcher,bowman_1st_base,baseball-cards-2019-bowman-chrome-prospects,https://www.sportscardspro.com/game/baseball-cards-2019-bowman-chrome-prospects/dustin-may-bcp-80,https://www.sportscardspro.com/game/baseball-cards-2018-bowman-chrome-prospects-autographs/dustin-may-bcpa-dm,
Edward Olivares,658668,2018,chrome,hitter,bowman_1st_base,,,https://www.sportscardspro.com/game/baseball-cards-2018-bowman-chrome-prospects-autographs/edward-olivares-cpa-eo,
Edwin Rios,621458,2018,chrome,hitter,bowman_1st_base,,,https://www.sportscardspro.com/game/baseball-cards-2018-bowman-chrome-prospects-autographs/edwin-rios-bcpa-er,
Enyel De Los Santos,660853,2018,chrome,pitcher,bowman_1st_base,baseball-cards-2018-bowman-chrome-prospects,https://www.sportscardspro.com/game/baseball-cards-2018-bowman-chrome-prospects/enyel-de-los-santos-bcp-153,https://www.sportscardspro.com/game/baseball-cards-2018-bowman-chrome-prospects-autographs/enyel-de-los-santos-bcpa-edl,
Estevan Florial,664314,2018,chrome,hitter,bowman_1st_base,baseball-cards-2019-bowman-chrome-prospects,https://www.sportscardspro.com/game/baseball-cards-2019-bowman-chrome-prospects/estevan-florial-bcp-182,https://www.sportscardspro.com/game/baseball-cards-2018-bowman-chrome-prospects-autographs/estevan-florial-cpa-ef,
Greg Deichmann,656364,2018,chrome,hitter,bowman_1st_base,baseball-cards-2018-bowman-chrome-prospects,https://www.sportscardspro.com/game/baseball-cards-2018-bowman-chrome-prospects/greg-deichmann-bcp-45,https://www.sportscardspro.com/game/baseball-cards-2018-bowman-chrome-prospects-autographs/greg-deichmann-cpa-gd,
Heath Fillmyer,641571,2018,chrome,pitcher,bowman_1st_base,,,https://www.sportscardspro.com/game/baseball-cards-2018-bowman-chrome-prospects-autographs/heath-fillmyer-cpa-hf,
J.B. Bukauskas,656266,2018,chrome,pitcher,bowman_1st_base,baseball-cards-2018-bowman-chrome-prospects,https://www.sportscardspro.com/game/baseball-cards-2018-bowman-chrome-prospects/jb-bukauskas-bcp-125,https://www.sportscardspro.com/game/baseball-cards-2018-bowman-chrome-prospects-autographs/jb-bukauskas-cpa-jbu,
Jackson Kowar,663804,2018,draft,pitcher,bowman_1st_base,baseball-cards-2019-bowman-draft-chrome,https://www.sportscardspro.com/game/baseball-cards-2019-bowman-draft-chrome/jackson-kowar-bdc-9,https://www.sportscardspro.com/game/baseball-cards-2018-bowman-draft-chrome-picks-autographs/jackson-kowar-cda-jko,
Jaime Barria,642545,2018,chrome,pitcher,bowman_1st_base,,,https://www.sportscardspro.com/game/baseball-cards-2018-bowman-chrome-prospects-autographs/jaime-barria-cpa-jb,
Jake McCarthy,664983,2018,draft,hitter,bowman_1st_base,,,https://www.sportscardspro.com/game/baseball-cards-2018-bowman-draft-chrome-picks-autographs/jake-mccarthy-cda-jm,
Jake Rogers,668670,2018,chrome,hitter,bowman_1st_base,,,https://www.sportscardspro.com/game/baseball-cards-2018-bowman-chrome-prospects-autographs/jake-rogers-cpa-jro,
Jarred Kelenic,672284,2018,draft,hitter,bowman_1st_base,baseball-cards-2019-bowman-draft-chrome,https://www.sportscardspro.com/game/baseball-cards-2019-bowman-draft-chrome/jarred-kelenic-bdc-2,https://www.sportscardspro.com/game/baseball-cards-2018-bowman-draft-chrome-picks-autographs/jarred-kelenic-cda-jk,
JoJo Romero,668941,2018,chrome,pitcher,bowman_1st_base,baseball-cards-2018-bowman-chrome-prospects,https://www.sportscardspro.com/game/baseball-cards-2018-bowman-chrome-prospects/jojo-romero-bcp-111,https://www.sportscardspro.com/game/baseball-cards-2018-bowman-chrome-prospects-autographs/jojo-romero-cpa-jjr,
Joey Lucchesi,664192,2018,chrome,pitcher,bowman_1st_base,,,https://www.sportscardspro.com/game/baseball-cards-2018-bowman-chrome-prospects-autographs/joey-lucchesi-bcpa-jl,
Jonathan India,663697,2018,draft,hitter,bowman_1st_base,baseball-cards-2019-bowman-draft-chrome,https://www.sportscardspro.com/game/baseball-cards-2019-bowman-draft-chrome/jonathan-india-bdc-97,https://www.sportscardspro.com/game/baseball-cards-2018-bowman-draft-chrome-picks-autographs/jonathan-india-cda-ji,
Jonathan Loaisiga,642528,2018,chrome,pitcher,bowman_1st_base,,,https://www.sportscardspro.com/game/baseball-cards-2018-bowman-chrome-prospects-autographs/jonathan-loaisiga-bcpa-jlo,
Jordan Hicks,663855,2018,chrome,pitcher,bowman_1st_base,baseball-cards-2018-bowman-chrome-prospects,https://www.sportscardspro.com/game/baseball-cards-2018-bowman-chrome-prospects/jordan-hicks-bcp-123,https://www.sportscardspro.com/game/baseball-cards-2018-bowman-chrome-prospects-autographs/jordan-hicks-cpa-jhi,
Jorge Guzman,660422,2018,chrome,pitcher,bowman_1st_base,baseball-cards-2018-bowman-chrome-prospects,https://www.sportscardspro.com/game/baseball-cards-2018-bowman-chrome-prospects/jorge-guzman-bcp-180,https://www.sportscardspro.com/game/baseball-cards-2018-bowman-chrome-prospects-autographs/jorge-guzman-bcpa-jg,
Jose Siri,642350,2018,chrome,hitter,bowman_1st_base,,,https://www.sportscardspro.com/game/baseball-cards-2018-bowman-chrome-prospects-autographs/jose-siri-cpa-js,
Josiah Gray,680686,2018,draft,pitcher,bowman_1st_base,baseball-cards-2020-bowman-chrome-prospects,https://www.sportscardspro.com/game/baseball-cards-2020-bowman-chrome-prospects/josiah-gray-bcp-48,https://www.sportscardspro.com/game/baseball-cards-2018-bowman-draft-chrome-picks-autographs/josiah-gray-cda-jog,
Keibert Ruiz,660688,2018,chrome,hitter,bowman_1st_base,baseball-cards-2018-bowman-chrome-prospects,https://www.sportscardspro.com/game/baseball-cards-2018-bowman-chrome-prospects/keibert-ruiz-bcp-79,https://www.sportscardspro.com/game/baseball-cards-2018-bowman-chrome-prospects-autographs/keibert-ruiz-cpa-kr,
Kris Bubic,663460,2018,draft,pitcher,bowman_1st_base,,,https://www.sportscardspro.com/game/baseball-cards-2018-bowman-draft-chrome-picks-autographs/kris-bubic-cda-kb,
Kyle Cody,621129,2018,chrome,pitcher,bowman_1st_base,baseball-cards-2018-bowman-chrome-prospects,https://www.sportscardspro.com/game/baseball-cards-2018-bowman-chrome-prospects/kyle-cody-bcp-62,https://www.sportscardspro.com/game/baseball-cards-2018-bowman-chrome-prospects-autographs/kyle-cody-cpa-kc,
Logan Allen,663531,2018,chrome,pitcher,bowman_1st_base,baseball-cards-2018-bowman-chrome-prospects,https://www.sportscardspro.com/game/baseball-cards-2018-bowman-chrome-prospects/logan-allen-bcp-99,https://www.sportscardspro.com/game/baseball-cards-2018-bowman-chrome-prospects-autographs/logan-allen-cpa-la,
Logan Gilbert,669302,2018,draft,pitcher,bowman_1st_base,baseball-cards-2019-bowman-draft-chrome,https://www.sportscardspro.com/game/baseball-cards-2019-bowman-draft-chrome/logan-gilbert-bdc-179,https://www.sportscardspro.com/game/baseball-cards-2018-bowman-draft-chrome-picks-autographs/logan-gilbert-cda-lg,
Luis Escobar,650813,2018,chrome,pitcher,bowman_1st_base,,,https://www.sportscardspro.com/game/baseball-cards-2018-bowman-chrome-prospects-autographs/luis-escobar-cpa-le,
Luis Garcia,472610,2018,chrome,pitcher,bowman_1st_base,baseball-cards-2018-bowman-chrome-prospects,https://www.sportscardspro.com/game/baseball-cards-2018-bowman-chrome-prospects/luis-garcia-bcp-152,https://www.sportscardspro.com/game/baseball-cards-2018-bowman-chrome-prospects-autographs/luis-garcia-bcpa-lga,
Luis Guillorme,641645,2018,chrome,hitter,bowman_1st_base,baseball-cards-2018-bowman-chrome-prospects,https://www.sportscardspro.com/game/baseball-cards-2018-bowman-chrome-prospects/luis-guillorme-bcp-248,https://www.sportscardspro.com/game/baseball-cards-2018-bowman-chrome-prospects-autographs/luis-guillorme-bcpa-lg,
Luis Urias,649966,2018,chrome,hitter,bowman_1st_base,baseball-cards-2018-bowman-chrome-prospects,https://www.sportscardspro.com/game/baseball-cards-2018-bowman-chrome-prospects/luis-urias-bcp-215,https://www.sportscardspro.com/game/baseball-cards-2018-bowman-chrome-prospects-autographs/luis-urias-bcpa-lu,
Matt Hall,664180,2018,chrome,pitcher,bowman_1st_base,baseball-cards-2018-bowman-chrome-prospects,https://www.sportscardspro.com/game/baseball-cards-2018-bowman-chrome-prospects/matt-hall-bcp-80,https://www.sportscardspro.com/game/baseball-cards-2018-bowman-chrome-prospects-autographs/matt-hall-cpa-mh,
Michel Baez,673258,2018,chrome,pitcher,bowman_1st_base,baseball-cards-2018-bowman-chrome-prospects,https://www.sportscardspro.com/game/baseball-cards-2018-bowman-chrome-prospects/michel-baez-bcp-67,https://www.sportscardspro.com/game/baseball-cards-2018-bowman-chrome-prospects-autographs/michel-baez-cpa-mb,
Mike Baumann,657508,2018,chrome,pitcher,bowman_1st_base,baseball-cards-2018-bowman-chrome-prospects,https://www.sportscardspro.com/game/baseball-cards-2018-bowman-chrome-prospects/mike-baumann-bcp-217,https://www.sportscardspro.com/game/baseball-cards-2018-bowman-chrome-prospects-autographs/mike-baumann-bcpa-mb,
Mike Shawaryn,642067,2018,chrome,pitcher,bowman_1st_base,,,https://www.sportscardspro.com/game/baseball-cards-2018-bowman-chrome-prospects-autographs/mike-shawaryn-cpa-ms,
Nick Madrigal,663611,2018,draft,hitter,bowman_1st_base,baseball-cards-2019-bowman-chrome-prospects,https://www.sportscardspro.com/game/baseball-cards-2019-bowman-chrome-prospects/nick-madrigal-bcp-173,https://www.sportscardspro.com/game/baseball-cards-2018-bowman-draft-chrome-picks-autographs/nick-madrigal-cda-nm,
Nicky Lopez,670032,2018,chrome,hitter,bowman_1st_base,baseball-cards-2018-bowman-chrome-prospects,https://www.sportscardspro.com/game/baseball-cards-2018-bowman-chrome-prospects/nicky-lopez-bcp-195,https://www.sportscardspro.com/game/baseball-cards-2018-bowman-chrome-prospects-autographs/nicky-lopez-bcpa-nl,
Nico Hoerner,663538,2018,draft,hitter,bowman_1st_base,baseball-cards-2019-bowman-chrome-prospects,https://www.sportscardspro.com/game/baseball-cards-2019-bowman-chrome-prospects/nico-hoerner-bcp-59,https://www.sportscardspro.com/game/baseball-cards-2018-bowman-draft-chrome-picks-autographs/nico-hoerner-cda-nh,
Pedro Avila,658648,2018,chrome,pitcher,bowman_1st_base,baseball-cards-2018-bowman-chrome-prospects,https://www.sportscardspro.com/game/baseball-cards-2018-bowman-chrome-prospects/pedro-avila-bcp-40,https://www.sportscardspro.com/game/baseball-cards-2018-bowman-chrome-prospects-autographs/pedro-avila-cpa-pa,
Ranger Suarez,624133,2018,chrome,pitcher,bowman_1st_base,,,https://www.sportscardspro.com/game/baseball-cards-2018-bowman-chrome-prospects-autographs/ranger-suarez-cpa-rs,
Riley Adams,656180,2018,chrome,hitter,bowman_1st_base,baseball-cards-2018-bowman-chrome-prospects,https://www.sportscardspro.com/game/baseball-cards-2018-bowman-chrome-prospects/riley-adams-bcp-241,https://www.sportscardspro.com/game/baseball-cards-2018-bowman-chrome-prospects-autographs/riley-adams-bcpa-rad,
Rogelio Armenteros,660494,2018,chrome,pitcher,bowman_1st_base,baseball-cards-2018-bowman-chrome-prospects,https://www.sportscardspro.com/game/baseball-cards-2018-bowman-chrome-prospects/rogelio-armenteros-bcp-184,https://www.sportscardspro.com/game/baseball-cards-2018-bowman-chrome-prospects-autographs/rogelio-armenteros-bcpa-rar,
Ryan Helsley,664854,2018,chrome,pitcher,bowman_1st_base,baseball-cards-2019-bowman-chrome-prospects,https://www.sportscardspro.com/game/baseball-cards-2019-bowman-chrome-prospects/ryan-helsley-bcp-121,https://www.sportscardspro.com/game/baseball-cards-2018-bowman-chrome-prospects-autographs/ryan-helsley-cpa-rh,
Ryan Jeffers,680777,2018,draft,hitter,bowman_1st_base,,,https://www.sportscardspro.com/game/baseball-cards-2018-bowman-draft-chrome-picks-autographs/ryan-jeffers-cda-rj,
Ryan Weathers,677960,2018,draft,pitcher,bowman_1st_base,baseball-cards-2019-bowman-draft-chrome,https://www.sportscardspro.com/game/baseball-cards-2019-bowman-draft-chrome/ryan-weathers-bdc-107,https://www.sportscardspro.com/game/baseball-cards-2018-bowman-draft-chrome-picks-autographs/ryan-weathers-cda-rw,
Sam Hilliard,656541,2018,chrome,hitter,bowman_1st_base,baseball-cards-2018-bowman-chrome-prospects,https://www.sportscardspro.com/game/baseball-cards-2018-bowman-chrome-prospects/sam-hilliard-bcp-13,https://www.sportscardspro.com/game/baseball-cards-2018-bowman-chrome-prospects-autographs/sam-hilliard-cpa-shi,
Sean Murphy,669221,2018,chrome,hitter,bowman_1st_base,baseball-cards-2018-bowman-chrome-prospects,https://www.sportscardspro.com/game/baseball-cards-2018-bowman-chrome-prospects/sean-murphy-bcp-58,https://www.sportscardspro.com/game/baseball-cards-2018-bowman-chrome-prospects-autographs/sean-murphy-cpa-smu,
Seth Romero,656913,2018,chrome,pitcher,bowman_1st_base,,,https://www.sportscardspro.com/game/baseball-cards-2018-bowman-chrome-prospects-autographs/seth-romero-cpa-sr,
Shane Bieber,669456,2018,chrome,pitcher,bowman_1st_base,baseball-cards-2018-bowman-chrome-prospects,https://www.sportscardspro.com/game/baseball-cards-2018-bowman-chrome-prospects/shane-bieber-bcp-213,https://www.sportscardspro.com/game/baseball-cards-2018-bowman-chrome-prospects-autographs/shane-bieber-bcpa-sb,
Shane McClanahan,663556,2018,draft,pitcher,bowman_1st_base,baseball-cards-2020-bowman-draft-chrome,https://www.sportscardspro.com/game/baseball-cards-2020-bowman-draft-chrome/shane-mcclanahan-bd-135,https://www.sportscardspro.com/game/baseball-cards-2018-bowman-draft-chrome-picks-autographs/shane-mcclanahan-cda-sm,
Sheldon Neuse,641914,2018,chrome,hitter,bowman_1st_base,baseball-cards-2018-bowman-chrome-prospects,https://www.sportscardspro.com/game/baseball-cards-2018-bowman-chrome-prospects/sheldon-neuse-bcp-165,https://www.sportscardspro.com/game/baseball-cards-2018-bowman-chrome-prospects-autographs/sheldon-neuse-bcpa-sn,
Spencer Howard,675921,2018,chrome,pitcher,bowman_1st_base,baseball-cards-2018-bowman-chrome-prospects,https://www.sportscardspro.com/game/baseball-cards-2018-bowman-chrome-prospects/spencer-howard-bcp-91,https://www.sportscardspro.com/game/baseball-cards-2018-bowman-chrome-prospects-autographs/spencer-howard-cpa-sh,
Thomas Hatch,641672,2018,chrome,pitcher,bowman_1st_base,baseball-cards-2018-bowman-chrome-prospects,https://www.sportscardspro.com/game/baseball-cards-2018-bowman-chrome-prospects/thomas-hatch-bcp-12,https://www.sportscardspro.com/game/baseball-cards-2018-bowman-chrome-prospects-autographs/thomas-hatch-cpa-th,
Travis Lakins,664042,2018,chrome,pitcher,bowman_1st_base,baseball-cards-2018-bowman-chrome-prospects,https://www.sportscardspro.com/game/baseball-cards-2018-bowman-chrome-prospects/travis-lakins-bcp-139,https://www.sportscardspro.com/game/baseball-cards-2018-bowman-chrome-prospects-autographs/travis-lakins-cpa-tl,
Trevor Larnach,663616,2018,draft,hitter,bowman_1st_base,baseball-cards-2020-bowman-draft-chrome,https://www.sportscardspro.com/game/baseball-cards-2020-bowman-draft-chrome/trevor-larnach-bd-102,https://www.sportscardspro.com/game/baseball-cards-2018-bowman-draft-chrome-picks-autographs/trevor-larnach-cda-tl,
Trevor Oaks,656805,2018,chrome,pitcher,bowman_1st_base,,,https://www.sportscardspro.com/game/baseball-cards-2018-bowman-chrome-prospects-autographs/trevor-oaks-bcpa-to,
Trevor Stephan,663986,2018,chrome,pitcher,bowman_1st_base,baseball-cards-2018-bowman-chrome-prospects,https://www.sportscardspro.com/game/baseball-cards-2018-bowman-chrome-prospects/trevor-stephan-bcp-168,https://www.sportscardspro.com/game/baseball-cards-2018-bowman-chrome-prospects-autographs/trevor-stephan-bcpa-ts,
William Contreras,661388,2018,chrome,hitter,bowman_1st_base,baseball-cards-2019-bowman-chrome-prospects,https://www.sportscardspro.com/game/baseball-cards-2019-bowman-chrome-prospects/william-contreras-bcp-148,https://www.sportscardspro.com/game/baseball-cards-2018-bowman-chrome-prospects-autographs/william-contreras-bcpa-wco,
Yordan Alvarez,670541,2018,chrome,hitter,bowman_1st_base,baseball-cards-2019-bowman-chrome-prospects,https://www.sportscardspro.com/game/baseball-cards-2019-bowman-chrome-prospects/yordan-alvarez-bcp-123,https://www.sportscardspro.com/game/baseball-cards-2018-bowman-chrome-prospects-autographs/yordan-alvarez-cpa-ya,
Zack Littell,641793,2018,chrome,pitcher,bowman_1st_base,baseball-cards-2018-bowman-chrome-prospects,https://www.sportscardspro.com/game/baseball-cards-2018-bowman-chrome-prospects/zack-littell-bcp-101,https://www.sportscardspro.com/game/baseball-cards-2018-bowman-chrome-prospects-autographs/zack-littell-cpa-zl,
Abraham Toro,647351,2019,chrome,hitter,bowman_1st_base,,,https://www.sportscardspro.com/game/baseball-cards-2019-bowman-chrome-prospects-autographs/abraham-toro-cpa-at,
Adley Rutschman,668939,2019,draft,hitter,bowman_1st_base,baseball-cards-2019-bowman-draft-chrome,https://www.sportscardspro.com/game/baseball-cards-2019-bowman-draft-chrome/adley-rutschman-bdc-1,https://www.sportscardspro.com/game/baseball-cards-2019-bowman-draft-chrome-picks-autograph/adley-rutschman-cda-ar,
Alejandro Kirk,672386,2019,chrome,hitter,bowman_1st_base,baseball-cards-2019-bowman-chrome-prospects,https://www.sportscardspro.com/game/baseball-cards-2019-bowman-chrome-prospects/alejandro-kirk-bcp-202,https://www.sportscardspro.com/game/baseball-cards-2019-bowman-chrome-prospects-autographs/alejandro-kirk-cpa-ak,
Alek Manoah,666201,2019,draft,pitcher,bowman_1st_base,baseball-cards-2019-bowman-draft-chrome,https://www.sportscardspro.com/game/baseball-cards-2019-bowman-draft-chrome/alek-manoah-bdc-3,https://www.sportscardspro.com/game/baseball-cards-2019-bowman-draft-chrome-picks-autograph/alek-manoah-cda-am,
Andrew Vaughn,683734,2019,draft,hitter,bowman_1st_base,baseball-cards-2019-bowman-draft-chrome,https://www.sportscardspro.com/game/baseball-cards-2019-bowman-draft-chrome/andrew-vaughn-bdc-100,https://www.sportscardspro.com/game/baseball-cards-2019-bowman-draft-chrome-picks-autograph/andrew-vaughn-cda-av,
Brailyn Marquez,666622,2019,chrome,pitcher,bowman_1st_base,baseball-cards-2020-bowman-chrome-prospects,https://www.sportscardspro.com/game/baseball-cards-2020-bowman-chrome-prospects/brailyn-marquez-bcp-49,https://www.sportscardspro.com/game/baseball-cards-2019-bowman-chrome-prospects-autographs/brailyn-marquez-cpa-bm,
Brandon Bielak,656232,2019,chrome,pitcher,bowman_1st_base,,,https://www.sportscardspro.com/game/baseball-cards-2019-bowman-chrome-prospects-autographs/brandon-bielak-cpa-bb,
Brett Baty,683146,2019,draft,hitter,bowman_1st_base,baseball-cards-2019-bowman-draft-chrome,https://www.sportscardspro.com/game/baseball-cards-2019-bowman-draft-chrome/brett-baty-bdc-39,https://www.sportscardspro.com/game/baseball-cards-2019-bowman-draft-chrome-picks-autograph/brett-baty-cda-bb,
Bryan Abreu,650556,2019,chrome,pitcher,bowman_1st_base,baseball-cards-2019-bowman-chrome-prospects,https://www.sportscardspro.com/game/baseball-cards-2019-bowman-chrome-prospects/bryan-abreu-bcp-157,https://www.sportscardspro.com/game/baseball-cards-2019-bowman-chrome-prospects-autographs/bryan-abreu-cpa-ba,
Bryson Stott,681082,2019,draft,hitter,bowman_1st_base,baseball-cards-2019-bowman-draft-chrome,https://www.sportscardspro.com/game/baseball-cards-2019-bowman-draft-chrome/bryson-stott-bdc-79,https://www.sportscardspro.com/game/baseball-cards-2019-bowman-draft-chrome-picks-autograph/bryson-stott-cda-bs,
CJ Abrams,682928,2019,draft,hitter,bowman_1st_base,baseball-cards-2019-bowman-draft-chrome,https://www.sportscardspro.com/game/baseball-cards-2019-bowman-draft-chrome/cj-abrams-bdc-85,https://www.sportscardspro.com/game/baseball-cards-2019-bowman-draft-chrome-picks-autograph/cj-abrams-cda-ca,
Cal Raleigh,663728,2019,chrome,hitter,bowman_1st_base,,,https://www.sportscardspro.com/game/baseball-cards-2019-bowman-chrome-prospects-autographs/cal-raleigh-cpa-cr,
Carlos Hernandez,672578,2019,chrome,pitcher,bowman_1st_base,,,https://www.sportscardspro.com/game/baseball-cards-2019-bowman-chrome-prospects-autographs/carlos-hernandez-cpa-ch,
Cole Irvin,608344,2019,chrome,pitcher,bowman_1st_base,,,https://www.sportscardspro.com/game/baseball-cards-2019-bowman-chrome-prospects-autographs/cole-irvin-cpa-ci,
Corbin Carroll,682998,2019,draft,hitter,bowman_1st_base,baseball-cards-2019-bowman-draft-chrome,https://www.sportscardspro.com/game/baseball-cards-2019-bowman-draft-chrome/corbin-carroll-bdc-125,https://www.sportscardspro.com/game/baseball-cards-2019-bowman-draft-chrome-picks-autograph/corbin-carroll-cda-cc,
Cristian Javier,664299,2019,chrome,pitcher,bowman_1st_base,baseball-cards-2019-bowman-chrome-prospects,https://www.sportscardspro.com/game/baseball-cards-2019-bowman-chrome-prospects/cristian-javier-bcp-32,https://www.sportscardspro.com/game/baseball-cards-2019-bowman-chrome-prospects-autographs/cristian-javier-cpa-cj,
Deivi Garcia,665620,2019,chrome,pitcher,bowman_1st_base,baseball-cards-2019-bowman-chrome-prospects,https://www.sportscardspro.com/game/baseball-cards-2019-bowman-chrome-prospects/deivi-garcia-bcp-241,https://www.sportscardspro.com/game/baseball-cards-2019-bowman-chrome-prospects-autographs/deivi-garcia-cpa-dg,
Drey Jameson,686753,2019,draft,pitcher,bowman_1st_base,baseball-cards-2019-bowman-draft-chrome,https://www.sportscardspro.com/game/baseball-cards-2019-bowman-draft-chrome/drey-jameson-bdc-194,https://www.sportscardspro.com/game/baseball-cards-2019-bowman-draft-chrome-picks-autograph/drey-jameson-cda-dj,
Edwin Uceta,670955,2019,chrome,pitcher,bowman_1st_base,,,https://www.sportscardspro.com/game/baseball-cards-2019-bowman-chrome-prospects-autographs/edwin-uceta-cpa-eu,
Eli White,642201,2019,chrome,hitter,bowman_1st_base,baseball-cards-2019-bowman-chrome-prospects,https://www.sportscardspro.com/game/baseball-cards-2019-bowman-chrome-prospects/eli-white-bcp-168,https://www.sportscardspro.com/game/baseball-cards-2019-bowman-chrome-prospects-autographs/eli-white-cpa-ew,
Ethan Small,663629,2019,draft,pitcher,bowman_1st_base,baseball-cards-2019-bowman-draft-chrome,https://www.sportscardspro.com/game/baseball-cards-2019-bowman-draft-chrome/ethan-small-bdc-28,https://www.sportscardspro.com/game/baseball-cards-2019-bowman-draft-chrome-picks-autograph/ethan-small-cda-es,
Francisco Morales,672839,2019,chrome,pitcher,bowman_1st_base,baseball-cards-2019-bowman-chrome-prospects,https://www.sportscardspro.com/game/baseball-cards-2019-bowman-chrome-prospects/francisco-morales-bcp-244,https://www.sportscardspro.com/game/baseball-cards-2019-bowman-chrome-prospects-autographs/francisco-morales-cpa-fm,
Garrett Whitlock,676477,2019,chrome,pitcher,bowman_1st_base,baseball-cards-2019-bowman-chrome-prospects,https://www.sportscardspro.com/game/baseball-cards-2019-bowman-chrome-prospects/garrett-whitlock-bcp-222,https://www.sportscardspro.com/game/baseball-cards-2019-bowman-chrome-prospects-autographs/garrett-whitlock-cpa-gw,
George Kirby,669923,2019,draft,pitcher,bowman_1st_base,baseball-cards-2019-bowman-draft-chrome,https://www.sportscardspro.com/game/baseball-cards-2019-bowman-draft-chrome/george-kirby-bdc-115,https://www.sportscardspro.com/game/baseball-cards-2019-bowman-draft-chrome-picks-autograph/george-kirby-cda-gk,
Geraldo Perdomo,672695,2019,chrome,hitter,bowman_1st_base,baseball-cards-2019-bowman-chrome-prospects,https://www.sportscardspro.com/game/baseball-cards-2019-bowman-chrome-prospects/geraldo-perdomo-bcp-191,https://www.sportscardspro.com/game/baseball-cards-2019-bowman-chrome-prospects-autographs/geraldo-perdomo-cpa-gp,
Gunnar Henderson,683002,2019,draft,hitter,bowman_1st_base,baseball-cards-2019-bowman-draft-chrome,https://www.sportscardspro.com/game/baseball-cards-2019-bowman-draft-chrome/gunnar-henderson-bdc-22,https://www.sportscardspro.com/game/baseball-cards-2019-bowman-draft-chrome-picks-autograph/gunnar-henderson-cda-gh,
Israel Pineda,672832,2019,chrome,hitter,bowman_1st_base,baseball-cards-2019-bowman-chrome-prospects,https://www.sportscardspro.com/game/baseball-cards-2019-bowman-chrome-prospects/israel-pineda-bcp-247,https://www.sportscardspro.com/game/baseball-cards-2019-bowman-chrome-prospects-autographs/israel-pineda-cpa-ip,
JJ Bleday,668709,2019,draft,hitter,bowman_1st_base,baseball-cards-2019-bowman-draft-chrome,https://www.sportscardspro.com/game/baseball-cards-2019-bowman-draft-chrome/jj-bleday-bdc-150,https://www.sportscardspro.com/game/baseball-cards-2019-bowman-draft-chrome-picks-autograph/jj-bleday-cda-jjb,
James Bourque,630263,2019,chrome,pitcher,bowman_1st_base,,,https://www.sportscardspro.com/game/baseball-cards-2019-bowman-chrome-prospects-autographs/james-bourque-cpa-jb,
Jared Oliva,666931,2019,chrome,hitter,bowman_1st_base,,,https://www.sportscardspro.com/game/baseball-cards-2019-bowman-chrome-prospects-autographs/jared-oliva-cpa-jo,
Jhoan Duran,661395,2019,chrome,pitcher,bowman_1st_base,baseball-cards-2019-bowman-chrome-prospects,https://www.sportscardspro.com/game/baseball-cards-2019-bowman-chrome-prospects/jhoan-duran-bcp-225,https://www.sportscardspro.com/game/baseball-cards-2019-bowman-chrome-prospects-autographs/jhoan-duran-cpa-jdu,
Jordan Yamamoto,657141,2019,chrome,pitcher,bowman_1st_base,baseball-cards-2019-bowman-chrome-prospects,https://www.sportscardspro.com/game/baseball-cards-2019-bowman-chrome-prospects/jordan-yamamoto-bcp-203,https://www.sportscardspro.com/game/baseball-cards-2019-bowman-chrome-prospects-autographs/jordan-yamamoto-cpa-jy,
Jorge Alcala,660896,2019,chrome,pitcher,bowman_1st_base,,,https://www.sportscardspro.com/game/baseball-cards-2019-bowman-chrome-prospects-autographs/jorge-alcala-cpa-ja,
Jose Devers,672701,2019,chrome,hitter,bowman_1st_base,baseball-cards-2019-bowman-chrome-prospects,https://www.sportscardspro.com/game/baseball-cards-2019-bowman-chrome-prospects/jose-devers-bcp-176,https://www.sportscardspro.com/game/baseball-cards-2019-bowman-chrome-prospects-autographs/jose-devers-cpa-jd,
Josh Jung,673962,2019,draft,hitter,bowman_1st_base,baseball-cards-2019-bowman-draft-chrome,https://www.sportscardspro.com/game/baseball-cards-2019-bowman-draft-chrome/josh-jung-bdc-7,https://www.sportscardspro.com/game/baseball-cards-2019-bowman-draft-chrome-picks-autograph/josh-jung-cda-jj,
Josh Smith,669701,2019,draft,hitter,bowman_1st_base,baseball-cards-2019-bowman-draft-chrome,https://www.sportscardspro.com/game/baseball-cards-2019-bowman-draft-chrome/josh-smith-bdc-86,https://www.sportscardspro.com/game/baseball-cards-2019-bowman-draft-chrome-picks-autograph/josh-smith-cda-js,
Konnor Pilkington,663455,2019,chrome,pitcher,bowman_1st_base,baseball-cards-2019-bowman-chrome-prospects,https://www.sportscardspro.com/game/baseball-cards-2019-bowman-chrome-prospects/konnor-pilkington-bcp-220,https://www.sportscardspro.com/game/baseball-cards-2019-bowman-chrome-prospects-autographs/konnor-pilkington-cpa-kp,
Kyle Stowers,669065,2019,draft,hitter,bowman_1st_base,baseball-cards-2019-bowman-draft-chrome,https://www.sportscardspro.com/game/baseball-cards-2019-bowman-draft-chrome/kyle-stowers-bdc-76,https://www.sportscardspro.com/game/baseball-cards-2019-bowman-draft-chrome-picks-autograph/kyle-stowers-cda-ks,
Livan Soto,670869,2019,chrome,hitter,bowman_1st_base,,,https://www.sportscardspro.com/game/baseball-cards-2019-bowman-chrome-prospects-autographs/livan-soto-cpa-ls,
Logan Webb,657277,2019,chrome,pitcher,bowman_1st_base,baseball-cards-2019-bowman-chrome-prospects,https://www.sportscardspro.com/game/baseball-cards-2019-bowman-chrome-prospects/logan-webb-bcp-79,https://www.sportscardspro.com/game/baseball-cards-2019-bowman-chrome-prospects-autographs/logan-webb-cpa-lw,
Luis Gil,661563,2019,chrome,pitcher,bowman_1st_base,baseball-cards-2019-bowman-chrome-prospects,https://www.sportscardspro.com/game/baseball-cards-2019-bowman-chrome-prospects/luis-gil-bcp-218,https://www.sportscardspro.com/game/baseball-cards-2019-bowman-chrome-prospects-autographs/luis-gil-cpa-lgi,
Matt Wallner,670242,2019,draft,hitter,bowman_1st_base,baseball-cards-2019-bowman-draft-chrome,https://www.sportscardspro.com/game/baseball-cards-2019-bowman-draft-chrome/matt-wallner-bdc-6,https://www.sportscardspro.com/game/baseball-cards-2019-bowman-draft-chrome-picks-autograph/matt-wallner-cda-mw,
Michael King,650633,2019,chrome,pitcher,bowman_1st_base,baseball-cards-2019-bowman-chrome-prospects,https://www.sportscardspro.com/game/baseball-cards-2019-bowman-chrome-prospects/michael-king-bcp-162,https://www.sportscardspro.com/game/baseball-cards-2019-bowman-chrome-prospects-autographs/michael-king-cpa-mk,
Michael Toglia,669911,2019,draft,hitter,bowman_1st_base,baseball-cards-2019-bowman-draft-chrome,https://www.sportscardspro.com/game/baseball-cards-2019-bowman-draft-chrome/michael-toglia-bdc-64,https://www.sportscardspro.com/game/baseball-cards-2019-bowman-draft-chrome-picks-autograph/michael-toglia-cda-mt,
Nick Lodolo,666157,2019,draft,pitcher,bowman_1st_base,baseball-cards-2019-bowman-draft-chrome,https://www.sportscardspro.com/game/baseball-cards-2019-bowman-draft-chrome/nick-lodolo-bdc-189,https://www.sportscardspro.com/game/baseball-cards-2019-bowman-draft-chrome-picks-autograph/nick-lodolo-cda-nl,
Owen Miller,680911,2019,chrome,hitter,bowman_1st_base,baseball-cards-2019-bowman-chrome-prospects,https://www.sportscardspro.com/game/baseball-cards-2019-bowman-chrome-prospects/owen-miller-bcp-170,https://www.sportscardspro.com/game/baseball-cards-2019-bowman-chrome-prospects-autographs/owen-miller-cpa-om,
Patrick Sandoval,663776,2019,chrome,pitcher,bowman_1st_base,baseball-cards-2019-bowman-chrome-prospects,https://www.sportscardspro.com/game/baseball-cards-2019-bowman-chrome-prospects/patrick-sandoval-bcp-236,https://www.sportscardspro.com/game/baseball-cards-2019-bowman-chrome-prospects-autographs/patrick-sandoval-cpa-ps,
Payton Henry,668721,2019,chrome,hitter,bowman_1st_base,,,https://www.sportscardspro.com/game/baseball-cards-2019-bowman-chrome-prospects-autographs/payton-henry-cpa-ph,
Peyton Burdick,680814,2019,draft,hitter,bowman_1st_base,baseball-cards-2019-bowman-draft-chrome,https://www.sportscardspro.com/game/baseball-cards-2019-bowman-draft-chrome/peyton-burdick-bdc-74,https://www.sportscardspro.com/game/baseball-cards-2019-bowman-draft-chrome-picks-autograph/peyton-burdick-cda-pb,
Riley Greene,682985,2019,draft,hitter,bowman_1st_base,baseball-cards-2019-bowman-draft-chrome,https://www.sportscardspro.com/game/baseball-cards-2019-bowman-draft-chrome/riley-greene-bdc-50,https://www.sportscardspro.com/game/baseball-cards-2019-bowman-draft-chrome-picks-autograph/riley-greene-cda-rg,
Ryan Feltner,663372,2019,chrome,pitcher,bowman_1st_base,baseball-cards-2019-bowman-chrome-prospects,https://www.sportscardspro.com/game/baseball-cards-2019-bowman-chrome-prospects/ryan-feltner-bcp-229,https://www.sportscardspro.com/game/baseball-cards-2019-bowman-chrome-prospects-autographs/ryan-feltner-cpa-rf,
Ryan McKenna,663630,2019,chrome,hitter,bowman_1st_base,baseball-cards-2019-bowman-chrome-prospects,https://www.sportscardspro.com/game/baseball-cards-2019-bowman-chrome-prospects/ryan-mckenna-bcp-231,https://www.sportscardspro.com/game/baseball-cards-2019-bowman-chrome-prospects-autographs/ryan-mckenna-cpa-rm,
Ryne Nelson,669194,2019,draft,pitcher,bowman_1st_base,baseball-cards-2019-bowman-draft-chrome,https://www.sportscardspro.com/game/baseball-cards-2019-bowman-draft-chrome/ryne-nelson-bdc-147,https://www.sportscardspro.com/game/baseball-cards-2019-bowman-draft-chrome-picks-autograph/ryne-nelson-cda-rn,
Sam Hentges,656529,2019,chrome,pitcher,bowman_1st_base,baseball-cards-2019-bowman-chrome-prospects,https://www.sportscardspro.com/game/baseball-cards-2019-bowman-chrome-prospects/sam-hentges-bcp-246,https://www.sportscardspro.com/game/baseball-cards-2019-bowman-chrome-prospects-autographs/sam-hentges-cpa-she,
Sean Hjelle,663546,2019,chrome,pitcher,bowman_1st_base,baseball-cards-2019-bowman-chrome-prospects,https://www.sportscardspro.com/game/baseball-cards-2019-bowman-chrome-prospects/sean-hjelle-bcp-183,https://www.sportscardspro.com/game/baseball-cards-2019-bowman-chrome-prospects-autographs/sean-hjelle-cpa-sh,
Seth Beer,666179,2019,chrome,hitter,bowman_1st_base,baseball-cards-2019-bowman-chrome-prospects,https://www.sportscardspro.com/game/baseball-cards-2019-bowman-chrome-prospects/seth-beer-bcp-14,https://www.sportscardspro.com/game/baseball-cards-2019-bowman-chrome-prospects-autographs/seth-beer-cpa-sb,
Shea Langeliers,669127,2019,draft,hitter,bowman_1st_base,baseball-cards-2019-bowman-draft-chrome,https://www.sportscardspro.com/game/baseball-cards-2019-bowman-draft-chrome/shea-langeliers-bdc-67,https://www.sportscardspro.com/game/baseball-cards-2019-bowman-draft-chrome-picks-autograph/shea-langeliers-cda-sl,
Spencer Steer,668715,2019,draft,hitter,bowman_1st_base,baseball-cards-2019-bowman-draft-chrome,https://www.sportscardspro.com/game/baseball-cards-2019-bowman-draft-chrome/spencer-steer-bdc-153,https://www.sportscardspro.com/game/baseball-cards-2019-bowman-draft-chrome-picks-autograph/spencer-steer-cda-sst,
Terrin Vavra,679631,2019,chrome,hitter,bowman_1st_base,baseball-cards-2021-bowman-chrome-prospects,https://www.sportscardspro.com/game/baseball-cards-2021-bowman-chrome-prospects/terrin-vavra-bcp-100,https://www.sportscardspro.com/game/baseball-cards-2019-bowman-chrome-prospects-autographs/terrin-vavra-cpa-tv,
Tommy Henry,674072,2019,draft,pitcher,bowman_1st_base,baseball-cards-2019-bowman-draft-chrome,https://www.sportscardspro.com/game/baseball-cards-2019-bowman-draft-chrome/tommy-henry-bdc-197,https://www.sportscardspro.com/game/baseball-cards-2019-bowman-draft-chrome-picks-autograph/tommy-henry-cda-th,
Zack Thompson,668868,2019,draft,pitcher,bowman_1st_base,baseball-cards-2019-bowman-draft-chrome,https://www.sportscardspro.com/game/baseball-cards-2019-bowman-draft-chrome/zack-thompson-bdc-104,https://www.sportscardspro.com/game/baseball-cards-2019-bowman-draft-chrome-picks-autograph/zack-thompson-cda-zt,
Aaron Ashby,676879,2020,chrome,pitcher,bowman_1st_base,baseball-cards-2020-bowman-chrome-prospects,https://www.sportscardspro.com/game/baseball-cards-2020-bowman-chrome-prospects/aaron-ashby-bcp-57,https://www.sportscardspro.com/game/baseball-cards-2020-bowman-chrome-prospects-autograph/aaron-ashby-cpa-aa,
Alec Burleson,676475,2020,draft,hitter,bowman_1st_base,baseball-cards-2020-bowman-draft-chrome,https://www.sportscardspro.com/game/baseball-cards-2020-bowman-draft-chrome/alec-burleson-bd-45,https://www.sportscardspro.com/game/baseball-cards-2020-bowman-draft-picks-chrome-autographs/alec-burleson-cda-ab,
Alex Speas,666208,2020,chrome,pitcher,bowman_1st_base,,,https://www.sportscardspro.com/game/baseball-cards-2020-bowman-chrome-prospects-autograph/alex-speas-cpa-as,
Alex Vesia,681911,2020,chrome,pitcher,bowman_1st_base,,,https://www.sportscardspro.com/game/baseball-cards-2020-bowman-chrome-prospects-autograph/alex-vesia-cpa-av,
Alika Williams,675961,2020,draft,hitter,bowman_1st_base,baseball-cards-2020-bowman-draft-chrome,https://www.sportscardspro.com/game/baseball-cards-2020-bowman-draft-chrome/alika-williams-bd-136,https://www.sportscardspro.com/game/baseball-cards-2020-bowman-draft-picks-chrome-autographs/alika-williams-cda-aw,
Anthony Volpe,683011,2020,chrome,hitter,bowman_1st_base,baseball-cards-2020-bowman-chrome-prospects,https://www.sportscardspro.com/game/baseball-cards-2020-bowman-chrome-prospects/anthony-volpe-bcp-139,https://www.sportscardspro.com/game/baseball-cards-2020-bowman-chrome-prospects-autograph/anthony-volpe-cpa-av,
Austin Wells,669224,2020,draft,hitter,bowman_1st_base,baseball-cards-2020-bowman-draft-chrome,https://www.sportscardspro.com/game/baseball-cards-2020-bowman-draft-chrome/austin-wells-bd-56,https://www.sportscardspro.com/game/baseball-cards-2020-bowman-draft-picks-chrome-autographs/austin-wells-cda-awe,
Ben Braymer,664069,2020,chrome,pitcher,bowman_1st_base,,,https://www.sportscardspro.com/game/baseball-cards-2020-bowman-chrome-prospects-autograph/ben-braymer-cpa-bb,
Bobby Miller,676272,2020,draft,pitcher,bowman_1st_base,baseball-cards-2020-bowman-draft-chrome,https://www.sportscardspro.com/game/baseball-cards-2020-bowman-draft-chrome/bobby-miller-bd-38,https://www.sportscardspro.com/game/baseball-cards-2020-bowman-draft-picks-chrome-autographs/bobby-miller-cda-bm,
Bobby Witt Jr.,677951,2020,chrome,hitter,bowman_1st_base,baseball-cards-2020-bowman-chrome-prospects,https://www.sportscardspro.com/game/baseball-cards-2020-bowman-chrome-prospects/bobby-witt-jr-bcp-25,https://www.sportscardspro.com/game/baseball-cards-2020-bowman-chrome-prospects-autograph/bobby-witt-jr-cpa-bwj,
Brandon Pfaadt,694297,2020,draft,pitcher,bowman_1st_base,baseball-cards-2020-bowman-draft-chrome,https://www.sportscardspro.com/game/baseball-cards-2020-bowman-draft-chrome/brandon-pfaadt-bd-171,https://www.sportscardspro.com/game/baseball-cards-2020-bowman-draft-picks-chrome-autographs/brandon-pfaadt-cda-bp,
Brenton Doyle,686668,2020,chrome,hitter,bowman_1st_base,,,https://www.sportscardspro.com/game/baseball-cards-2020-bowman-chrome-prospects-autograph/brenton-doyle-cpa-bd,
Bryce Elder,693821,2020,draft,pitcher,bowman_1st_base,,,https://www.sportscardspro.com/game/baseball-cards-2020-bowman-draft-picks-chrome-autographs/bryce-elder-cda-be,
Bryce Jarvis,686826,2020,draft,pitcher,bowman_1st_base,baseball-cards-2020-bowman-draft-chrome,https://www.sportscardspro.com/game/baseball-cards-2020-bowman-draft-chrome/bryce-jarvis-bd-127,https://www.sportscardspro.com/game/baseball-cards-2020-bowman-draft-picks-chrome-autographs/bryce-jarvis-cda-bja,
Cade Cavalli,676917,2020,draft,pitcher,bowman_1st_base,baseball-cards-2020-bowman-draft-chrome,https://www.sportscardspro.com/game/baseball-cards-2020-bowman-draft-chrome/cade-cavalli-bd-24,https://www.sportscardspro.com/game/baseball-cards-2020-bowman-draft-picks-chrome-autographs/cade-cavalli-cda-cca,
Carmen Mlodzinski,669387,2020,draft,pitcher,bowman_1st_base,baseball-cards-2020-bowman-draft-chrome,https://www.sportscardspro.com/game/baseball-cards-2020-bowman-draft-chrome/carmen-mlodzinski-bd-149,https://www.sportscardspro.com/game/baseball-cards-2020-bowman-draft-picks-chrome-autographs/carmen-mlodzinski-cda-cml,
Casey Schmitt,669477,2020,draft,hitter,bowman_1st_base,baseball-cards-2020-bowman-draft-chrome,https://www.sportscardspro.com/game/baseball-cards-2020-bowman-draft-chrome/casey-schmitt-bd-129,https://www.sportscardspro.com/game/baseball-cards-2020-bowman-draft-picks-chrome-autographs/casey-schmitt-cda-cs,
Chris Gittens,656467,2020,chrome,hitter,bowman_1st_base,,,https://www.sportscardspro.com/game/baseball-cards-2020-bowman-chrome-prospects-autograph/chris-gittens-cpa-cg,
Chris Vallimont,681808,2020,chrome,pitcher,bowman_1st_base,baseball-cards-2020-bowman-chrome-prospects,https://www.sportscardspro.com/game/baseball-cards-2020-bowman-chrome-prospects/chris-vallimont-bcp-78,https://www.sportscardspro.com/game/baseball-cards-2020-bowman-chrome-prospects-autograph/chris-vallimont-cpa-cv,
Cody Bolton,675989,2020,chrome,pitcher,bowman_1st_base,,,https://www.sportscardspro.com/game/baseball-cards-2020-bowman-chrome-prospects-autograph/cody-bolton-cpa-cb,
Connor Phillips,683175,2020,draft,pitcher,bowman_1st_base,baseball-cards-2020-bowman-draft-chrome,https://www.sportscardspro.com/game/baseball-cards-2020-bowman-draft-chrome/connor-phillips-bd-71,https://www.sportscardspro.com/game/baseball-cards-2020-bowman-draft-picks-chrome-autographs/connor-phillips-cda-cp,
Curtis Terry,663799,2020,chrome,hitter,bowman_1st_base,,,https://www.sportscardspro.com/game/baseball-cards-2020-bowman-chrome-prospects-autograph/curtis-terry-cpa-ct,
Damon Jones,676103,2020,chrome,pitcher,bowman_1st_base,baseball-cards-2020-bowman-chrome-prospects,https://www.sportscardspro.com/game/baseball-cards-2020-bowman-chrome-prospects/damon-jones-bcp-65,https://www.sportscardspro.com/game/baseball-cards-2020-bowman-chrome-prospects-autograph/damon-jones-cpa-dj,
Drew Millas,686452,2020,chrome,hitter,bowman_1st_base,,,https://www.sportscardspro.com/game/baseball-cards-2020-bowman-chrome-prospects-autograph/drew-millas-cpa-dm,
Emerson Hancock,676106,2020,draft,pitcher,bowman_1st_base,baseball-cards-2020-bowman-draft-chrome,https://www.sportscardspro.com/game/baseball-cards-2020-bowman-draft-chrome/emerson-hancock-bd-12,https://www.sportscardspro.com/game/baseball-cards-2020-bowman-draft-picks-chrome-autographs/emerson-hancock-cda-eha,
Evan Carter,694497,2020,draft,hitter,bowman_1st_base,baseball-cards-2020-bowman-draft-chrome,https://www.sportscardspro.com/game/baseball-cards-2020-bowman-draft-chrome/evan-carter-bd-126,https://www.sportscardspro.com/game/baseball-cards-2020-bowman-draft-picks-chrome-autographs/evan-carter-cda-ec,
Everson Pereira,677592,2020,chrome,hitter,bowman_1st_base,baseball-cards-2020-bowman-chrome-prospects,https://www.sportscardspro.com/game/baseball-cards-2020-bowman-chrome-prospects/everson-pereira-bcp-51,https://www.sportscardspro.com/game/baseball-cards-2020-bowman-chrome-prospects-autograph/everson-pereira-cpa-ep,
Ezequiel Duran,677649,2020,chrome,hitter,bowman_1st_base,,,https://www.sportscardspro.com/game/baseball-cards-2020-bowman-chrome-prospects-autograph/ezequiel-duran-cpa-ed,
Ford Proctor,665154,2020,chrome,hitter,bowman_1st_base,,,https://www.sportscardspro.com/game/baseball-cards-2020-bowman-chrome-prospects-autograph/ford-proctor-cpa-fp,
Francisco Alvarez,682626,2020,chrome,hitter,bowman_1st_base,baseball-cards-2020-bowman-chrome-prospects,https://www.sportscardspro.com/game/baseball-cards-2020-bowman-chrome-prospects/francisco-alvarez-bcp-198,https://www.sportscardspro.com/game/baseball-cards-2020-bowman-chrome-prospects-autograph/francisco-alvarez-cpa-fa,
Gabriel Moreno,672515,2020,chrome,hitter,bowman_1st_base,,,https://www.sportscardspro.com/game/baseball-cards-2020-bowman-chrome-prospects-autograph/gabriel-moreno-cpa-gm,
Garrett Crochet,676979,2020,draft,pitcher,bowman_1st_base,baseball-cards-2020-bowman-draft-chrome,https://www.sportscardspro.com/game/baseball-cards-2020-bowman-draft-chrome/garrett-crochet-bd-95,https://www.sportscardspro.com/game/baseball-cards-2020-bowman-draft-picks-chrome-autographs/garrett-crochet-cda-gc,
Garrett Mitchell,669003,2020,draft,hitter,bowman_1st_base,baseball-cards-2020-bowman-draft-chrome,https://www.sportscardspro.com/game/baseball-cards-2020-bowman-draft-chrome/garrett-mitchell-bd-118,https://www.sportscardspro.com/game/baseball-cards-2020-bowman-draft-picks-chrome-autographs/garrett-mitchell-cda-gm,
Gus Varland,681402,2020,chrome,pitcher,bowman_1st_base,baseball-cards-2020-bowman-chrome-prospects,https://www.sportscardspro.com/game/baseball-cards-2020-bowman-chrome-prospects/gus-varland-bcp-38,https://www.sportscardspro.com/game/baseball-cards-2020-bowman-chrome-prospects-autograph/gus-varland-cpa-gv,
Heston Kjerstad,677008,2020,draft,hitter,bowman_1st_base,baseball-cards-2020-bowman-draft-chrome,https://www.sportscardspro.com/game/baseball-cards-2020-bowman-draft-chrome/heston-kjerstad-bd-122,https://www.sportscardspro.com/game/baseball-cards-2020-bowman-draft-picks-chrome-autographs/heston-kjerstad-cda-hk,
Hogan Harris,663687,2020,chrome,pitcher,bowman_1st_base,,,https://www.sportscardspro.com/game/baseball-cards-2020-bowman-chrome-prospects-autograph/hogan-harris-cpa-hh,
Isaac Paredes,670623,2020,chrome,hitter,bowman_1st_base,baseball-cards-2020-bowman-chrome-prospects,https://www.sportscardspro.com/game/baseball-cards-2020-bowman-chrome-prospects/isaac-paredes-bcp-120,https://www.sportscardspro.com/game/baseball-cards-2020-bowman-chrome-prospects-autograph/isaac-paredes-cpa-ip,
Ivan Herrera,671056,2020,chrome,hitter,bowman_1st_base,baseball-cards-2021-bowman-draft-chrome,https://www.sportscardspro.com/game/baseball-cards-2021-bowman-draft-chrome/ivan-herrera-bdc-94,https://www.sportscardspro.com/game/baseball-cards-2020-bowman-chrome-prospects-autograph/ivan-herrera-cpa-ih,
Jackson Rutledge,671131,2020,chrome,pitcher,bowman_1st_base,baseball-cards-2020-bowman-chrome-prospects,https://www.sportscardspro.com/game/baseball-cards-2020-bowman-chrome-prospects/jackson-rutledge-bcp-239,https://www.sportscardspro.com/game/baseball-cards-2020-bowman-chrome-prospects-autograph/jackson-rutledge-cpa-jr,
Jacob Amaya,676070,2020,chrome,hitter,bowman_1st_base,baseball-cards-2020-bowman-chrome-prospects,https://www.sportscardspro.com/game/baseball-cards-2020-bowman-chrome-prospects/jacob-amaya-bcp-3,https://www.sportscardspro.com/game/baseball-cards-2020-bowman-chrome-prospects-autograph/jacob-amaya-cpa-ja,
Jared Shuster,694363,2020,draft,pitcher,bowman_1st_base,baseball-cards-2020-bowman-draft-chrome,https://www.sportscardspro.com/game/baseball-cards-2020-bowman-draft-chrome/jared-shuster-bd-16,https://www.sportscardspro.com/game/baseball-cards-2020-bowman-draft-picks-chrome-autographs/jared-shuster-cda-js,
Jarren Duran,680776,2020,chrome,hitter,bowman_1st_base,baseball-cards-2020-bowman-chrome-prospects,https://www.sportscardspro.com/game/baseball-cards-2020-bowman-chrome-prospects/jarren-duran-bcp-144,https://www.sportscardspro.com/game/baseball-cards-2020-bowman-chrome-prospects-autograph/jarren-duran-cpa-jd,
Jasson Dominguez,691176,2020,chrome,hitter,bowman_1st_base,baseball-cards-2020-bowman-chrome-prospects,https://www.sportscardspro.com/game/baseball-cards-2020-bowman-chrome-prospects/jasson-dominguez-bcp-243,https://www.sportscardspro.com/game/baseball-cards-2020-bowman-chrome-prospects-autograph/jasson-dominguez-cpa-jdo,
Jerar Encarnacion,666464,2020,chrome,hitter,bowman_1st_base,baseball-cards-2020-bowman-chrome-prospects,https://www.sportscardspro.com/game/baseball-cards-2020-bowman-chrome-prospects/jerar-encarnacion-bcp-96,https://www.sportscardspro.com/game/baseball-cards-2020-bowman-chrome-prospects-autograph/jerar-encarnacion-cpa-je,
Jeremy Pena,665161,2020,chrome,hitter,bowman_1st_base,baseball-cards-2020-bowman-chrome-prospects,https://www.sportscardspro.com/game/baseball-cards-2020-bowman-chrome-prospects/jeremy-pena-bcp-61,https://www.sportscardspro.com/game/baseball-cards-2020-bowman-chrome-prospects-autograph/jeremy-pena-cpa-jp,
Joe Boyle,671212,2020,draft,pitcher,bowman_1st_base,baseball-cards-2020-bowman-draft-chrome,https://www.sportscardspro.com/game/baseball-cards-2020-bowman-draft-chrome/joe-boyle-bd-165,https://www.sportscardspro.com/game/baseball-cards-2020-bowman-draft-picks-chrome-autographs/joe-boyle-cda-jbo,
Joe Ryan,657746,2020,chrome,pitcher,bowman_1st_base,baseball-cards-2020-bowman-chrome-prospects,https://www.sportscardspro.com/game/baseball-cards-2020-bowman-chrome-prospects/joe-ryan-bcp-117,https://www.sportscardspro.com/game/baseball-cards-2020-bowman-chrome-prospects-autograph/joe-ryan-cpa-jry,
Jonathan Stiever,680692,2020,chrome,pitcher,bowman_1st_base,,,https://www.sportscardspro.com/game/baseball-cards-2020-bowman-chrome-prospects-autograph/jonathan-stiever-cpa-js,
Jordan Balazovic,666364,2020,chrome,pitcher,bowman_1st_base,baseball-cards-2020-bowman-chrome-prospects,https://www.sportscardspro.com/game/baseball-cards-2020-bowman-chrome-prospects/jordan-balazovic-bcp-123,https://www.sportscardspro.com/game/baseball-cards-2020-bowman-chrome-prospects-autograph/jordan-balazovic-cpa-jb,
Jordan Walker,691023,2020,draft,hitter,bowman_1st_base,baseball-cards-2020-bowman-draft-chrome,https://www.sportscardspro.com/game/baseball-cards-2020-bowman-draft-chrome/jordan-walker-bd-57,https://www.sportscardspro.com/game/baseball-cards-2020-bowman-draft-picks-chrome-autographs/jordan-walker-cda-jw,
Jordan Westburg,676059,2020,draft,hitter,bowman_1st_base,baseball-cards-2020-bowman-draft-chrome,https://www.sportscardspro.com/game/baseball-cards-2020-bowman-draft-chrome/jordan-westburg-bd-111,https://www.sportscardspro.com/game/baseball-cards-2020-bowman-draft-picks-chrome-autographs/jordan-westburg-cda-jwe,
Karl Kauffmann,666154,2020,chrome,pitcher,bowman_1st_base,,,https://www.sportscardspro.com/game/baseball-cards-2020-bowman-chrome-prospects-autograph/karl-kauffmann-cpa-kk,
Kyle Nicolas,693312,2020,draft,pitcher,bowman_1st_base,baseball-cards-2020-bowman-draft-chrome,https://www.sportscardspro.com/game/baseball-cards-2020-bowman-draft-chrome/kyle-nicolas-bd-64,https://www.sportscardspro.com/game/baseball-cards-2020-bowman-draft-picks-chrome-autographs/kyle-nicolas-cda-kni,
Lewin Diaz,650331,2020,chrome,hitter,bowman_1st_base,,,https://www.sportscardspro.com/game/baseball-cards-2020-bowman-chrome-prospects-autograph/lewin-diaz-cpa-ld,
Logan O'Hoppe,681351,2020,chrome,hitter,bowman_1st_base,,,https://www.sportscardspro.com/game/baseball-cards-2020-bowman-chrome-prospects-autograph/logan-o%27hoppe-cpa-loh,
Luis Matos,682641,2020,chrome,hitter,bowman_1st_base,baseball-cards-2021-bowman-draft-chrome,https://www.sportscardspro.com/game/baseball-cards-2021-bowman-draft-chrome/luis-matos-bdc-5,https://www.sportscardspro.com/game/baseball-cards-2020-bowman-chrome-prospects-autograph/luis-matos-cpa-lm,
Luis Patino,672715,2020,chrome,pitcher,bowman_1st_base,baseball-cards-2020-bowman-chrome-prospects,https://www.sportscardspro.com/game/baseball-cards-2020-bowman-chrome-prospects/luis-patino-bcp-235,https://www.sportscardspro.com/game/baseball-cards-2020-bowman-chrome-prospects-autograph/luis-patino-cpa-lp,
Luke Little,681432,2020,draft,pitcher,bowman_1st_base,baseball-cards-2020-bowman-draft-chrome,https://www.sportscardspro.com/game/baseball-cards-2020-bowman-draft-chrome/luke-little-bd-105,https://www.sportscardspro.com/game/baseball-cards-2020-bowman-draft-picks-chrome-autographs/luke-little-cda-ll,
Mario Feliciano,666128,2020,chrome,hitter,bowman_1st_base,baseball-cards-2021-bowman-chrome-prospects,https://www.sportscardspro.com/game/baseball-cards-2021-bowman-chrome-prospects/mario-feliciano-bcp-133,https://www.sportscardspro.com/game/baseball-cards-2020-bowman-chrome-prospects-autograph/mario-feliciano-cpa-mf,
Max Meyer,676974,2020,draft,pitcher,bowman_1st_base,baseball-cards-2020-bowman-draft-chrome,https://www.sportscardspro.com/game/baseball-cards-2020-bowman-draft-chrome/max-meyer-bd-50,https://www.sportscardspro.com/game/baseball-cards-2020-bowman-draft-picks-chrome-autographs/max-meyer-cda-mm,
Michael Massey,686681,2020,chrome,hitter,bowman_1st_base,,,https://www.sportscardspro.com/game/baseball-cards-2020-bowman-chrome-prospects-autograph/michael-massey-cpa-mm,
Miguel Vargas,678246,2020,chrome,hitter,bowman_1st_base,baseball-cards-2020-bowman-chrome-prospects,https://www.sportscardspro.com/game/baseball-cards-2020-bowman-chrome-prospects/miguel-vargas-bcp-131,https://www.sportscardspro.com/game/baseball-cards-2020-bowman-chrome-prospects-autograph/miguel-vargas-cpa-mv,
Nick Gonzales,693304,2020,draft,hitter,bowman_1st_base,baseball-cards-2020-bowman-draft-chrome,https://www.sportscardspro.com/game/baseball-cards-2020-bowman-draft-chrome/nick-gonzales-bd-81,https://www.sportscardspro.com/game/baseball-cards-2020-bowman-draft-picks-chrome-autographs/nick-gonzales-cda-ngo,
Nick Loftin,679845,2020,draft,hitter,bowman_1st_base,baseball-cards-2020-bowman-draft-chrome,https://www.sportscardspro.com/game/baseball-cards-2020-bowman-draft-chrome/nick-loftin-bd-14,https://www.sportscardspro.com/game/baseball-cards-2020-bowman-draft-picks-chrome-autographs/nick-loftin-cda-nl,
Oscar Gonzalez,660757,2020,chrome,hitter,bowman_1st_base,baseball-cards-2020-bowman-chrome-prospects,https://www.sportscardspro.com/game/baseball-cards-2020-bowman-chrome-prospects/oscar-gonzalez-bcp-109,https://www.sportscardspro.com/game/baseball-cards-2020-bowman-chrome-prospects-autograph/oscar-gonzalez-cpa-og,
Oswald Peraza,672724,2020,chrome,hitter,bowman_1st_base,baseball-cards-2020-bowman-draft-chrome,https://www.sportscardspro.com/game/baseball-cards-2020-bowman-draft-chrome/oswald-peraza-bd-27,https://www.sportscardspro.com/game/baseball-cards-2020-bowman-chrome-prospects-autograph/oswald-peraza-cpa-op,
Packy Naughton,676050,2020,chrome,pitcher,bowman_1st_base,,,https://www.sportscardspro.com/game/baseball-cards-2020-bowman-chrome-prospects-autograph/packy-naughton-cpa-pn,
Patrick Bailey,672275,2020,draft,hitter,bowman_1st_base,baseball-cards-2020-bowman-draft-chrome,https://www.sportscardspro.com/game/baseball-cards-2020-bowman-draft-chrome/patrick-bailey-bd-146,https://www.sportscardspro.com/game/baseball-cards-2020-bowman-draft-picks-chrome-autographs/patrick-bailey-cda-pb,
Reid Detmers,672282,2020,draft,pitcher,bowman_1st_base,baseball-cards-2020-bowman-draft-chrome,https://www.sportscardspro.com/game/baseball-cards-2020-bowman-draft-chrome/reid-detmers-bd-41,https://www.sportscardspro.com/game/baseball-cards-2020-bowman-draft-picks-chrome-autographs/reid-detmers-cda-rd,
Ryan Pepiot,686752,2020,chrome,pitcher,bowman_1st_base,,,https://www.sportscardspro.com/game/baseball-cards-2020-bowman-chrome-prospects-autograph/ryan-pepiot-cpa-rpe,
Sam Huff,669087,2020,chrome,hitter,bowman_1st_base,baseball-cards-2020-bowman-chrome-prospects,https://www.sportscardspro.com/game/baseball-cards-2020-bowman-chrome-prospects/sam-huff-bcp-237,https://www.sportscardspro.com/game/baseball-cards-2020-bowman-chrome-prospects-autograph/sam-huff-cpa-sh,
Sherten Apostel,665947,2020,chrome,hitter,bowman_1st_base,baseball-cards-2020-bowman-chrome-prospects,https://www.sportscardspro.com/game/baseball-cards-2020-bowman-chrome-prospects/sherten-apostel-bcp-46,https://www.sportscardspro.com/game/baseball-cards-2020-bowman-chrome-prospects-autograph/sherten-apostel-cpa-sa,
Slade Cecconi,677944,2020,draft,pitcher,bowman_1st_base,baseball-cards-2020-bowman-draft-chrome,https://www.sportscardspro.com/game/baseball-cards-2020-bowman-draft-chrome/slade-cecconi-bd-85,https://www.sportscardspro.com/game/baseball-cards-2020-bowman-draft-picks-chrome-autographs/slade-cecconi-cda-sc,
Spencer Strider,675911,2020,draft,pitcher,bowman_1st_base,baseball-cards-2020-bowman-draft-chrome,https://www.sportscardspro.com/game/baseball-cards-2020-bowman-draft-chrome/spencer-strider-bd-20,https://www.sportscardspro.com/game/baseball-cards-2020-bowman-draft-picks-chrome-autographs/spencer-strider-cda-ss,
Spencer Torkelson,679529,2020,draft,hitter,bowman_1st_base,baseball-cards-2020-bowman-draft-chrome,https://www.sportscardspro.com/game/baseball-cards-2020-bowman-draft-chrome/spencer-torkelson-bd-121,https://www.sportscardspro.com/game/baseball-cards-2020-bowman-draft-picks-chrome-autographs/spencer-torkelson-cda-st,
Tarik Skubal,669373,2020,chrome,pitcher,bowman_1st_base,baseball-cards-2020-bowman-chrome-prospects,https://www.sportscardspro.com/game/baseball-cards-2020-bowman-chrome-prospects/tarik-skubal-bcp-108,https://www.sportscardspro.com/game/baseball-cards-2020-bowman-chrome-prospects-autograph/tarik-skubal-cpa-ts,
Taylor Jones,622100,2020,chrome,hitter,bowman_1st_base,,,https://www.sportscardspro.com/game/baseball-cards-2020-bowman-chrome-prospects-autograph/taylor-jones-cpa-tj,
Tucupita Marcano,672779,2020,chrome,hitter,bowman_1st_base,,,https://www.sportscardspro.com/game/baseball-cards-2020-bowman-chrome-prospects-autograph/tucupita-marcano-cpa-tm,
Tyler Ivey,663959,2020,chrome,pitcher,bowman_1st_base,,,https://www.sportscardspro.com/game/baseball-cards-2020-bowman-chrome-prospects-autograph/tyler-ivey-cpa-ti,
Tyler Soderstrom,691016,2020,draft,hitter,bowman_1st_base,baseball-cards-2020-bowman-draft-chrome,https://www.sportscardspro.com/game/baseball-cards-2020-bowman-draft-chrome/tyler-soderstrom-bd-119,https://www.sportscardspro.com/game/baseball-cards-2020-bowman-draft-picks-chrome-autographs/tyler-soderstrom-cda-ts,
Vaughn Grissom,687093,2020,chrome,hitter,bowman_1st_base,,,https://www.sportscardspro.com/game/baseball-cards-2020-bowman-chrome-prospects-autograph/vaughn-grissom-cpa-vg,
Vidal Brujan,660644,2020,chrome,hitter,bowman_1st_base,baseball-cards-2020-bowman-chrome-prospects,https://www.sportscardspro.com/game/baseball-cards-2020-bowman-chrome-prospects/vidal-brujan-bcp-241,https://www.sportscardspro.com/game/baseball-cards-2020-bowman-chrome-prospects-autograph/vidal-brujan-cpa-vb,
Xavier Edwards,669364,2020,chrome,hitter,bowman_1st_base,baseball-cards-2020-bowman-chrome-prospects,https://www.sportscardspro.com/game/baseball-cards-2020-bowman-chrome-prospects/xavier-edwards-bcp-10,https://www.sportscardspro.com/game/baseball-cards-2020-bowman-chrome-prospects-autograph/xavier-edwards-cpa-xe,
Yoendrys Gomez,672782,2020,chrome,pitcher,bowman_1st_base,,,https://www.sportscardspro.com/game/baseball-cards-2020-bowman-chrome-prospects-autograph/yoendrys-gomez-cpa-yg,
Adael Amador,691182,2021,chrome,hitter,bowman_1st_base,baseball-cards-2021-bowman-draft-chrome,https://www.sportscardspro.com/game/baseball-cards-2021-bowman-draft-chrome/adael-amador-bdc-195,https://www.sportscardspro.com/game/baseball-cards-2021-bowman-chrome-prospect-autographs/adael-amador-cpa-aam,
Adrian Del Castillo,680728,2021,draft,hitter,bowman_1st_base,baseball-cards-2021-bowman-draft-chrome,https://www.sportscardspro.com/game/baseball-cards-2021-bowman-draft-chrome/adrian-del-castillo-bdc-108,https://www.sportscardspro.com/game/baseball-cards-2021-bowman-draft-pick-chrome-autographs/adrian-del-castillo-cda-ad,
Andrew Abbott,671096,2021,draft,pitcher,bowman_1st_base,baseball-cards-2021-bowman-draft-chrome,https://www.sportscardspro.com/game/baseball-cards-2021-bowman-draft-chrome/andrew-abbott-bdc-8,https://www.sportscardspro.com/game/baseball-cards-2021-bowman-draft-pick-chrome-autographs/andrew-abbott-cda-aa,
Angel Martinez,682657,2021,chrome,hitter,bowman_1st_base,baseball-cards-2021-bowman-draft-chrome,https://www.sportscardspro.com/game/baseball-cards-2021-bowman-draft-chrome/angel-martinez-bdc-34,https://www.sportscardspro.com/game/baseball-cards-2021-bowman-chrome-prospect-autographs/angel-martinez-cpa-ama,
Angel Rondon,667373,2021,chrome,pitcher,bowman_1st_base,,,https://www.sportscardspro.com/game/baseball-cards-2021-bowman-chrome-prospect-autographs/angel-rondon-cpa-aro,
Austin Cox,680735,2021,chrome,pitcher,bowman_1st_base,,,https://www.sportscardspro.com/game/baseball-cards-2021-bowman-chrome-prospect-autographs/austin-cox-cpa-ac,
Austin Martin,668885,2021,chrome,hitter,bowman_1st_base,baseball-cards-2021-bowman-chrome-prospects,https://www.sportscardspro.com/game/baseball-cards-2021-bowman-chrome-prospects/austin-martin-bcp-87,https://www.sportscardspro.com/game/baseball-cards-2021-bowman-chrome-prospect-autographs/austin-martin-cpa-am,
Ben Casparius,676508,2021,draft,pitcher,bowman_1st_base,,,https://www.sportscardspro.com/game/baseball-cards-2021-bowman-draft-pick-chrome-autographs/ben-casparius-cda-bca,
Bryan Ramos,682868,2021,chrome,hitter,bowman_1st_base,,,https://www.sportscardspro.com/game/baseball-cards-2021-bowman-chrome-prospect-autographs/bryan-ramos-cpa-br,
Bryce Miller,682243,2021,draft,pitcher,bowman_1st_base,baseball-cards-2021-bowman-draft-chrome,https://www.sportscardspro.com/game/baseball-cards-2021-bowman-draft-chrome/bryce-miller-bdc-64,https://www.sportscardspro.com/game/baseball-cards-2021-bowman-draft-pick-chrome-autographs/bryce-miller-cda-bmi,
Cade Povich,700249,2021,draft,pitcher,bowman_1st_base,baseball-cards-2021-bowman-draft-chrome,https://www.sportscardspro.com/game/baseball-cards-2021-bowman-draft-chrome/cade-povich-bdc-104,https://www.sportscardspro.com/game/baseball-cards-2021-bowman-draft-pick-chrome-autographs/cade-povich-cda-cpo,
Carlos Rodriguez,692230,2021,chrome,pitcher,bowman_1st_base,,,https://www.sportscardspro.com/game/baseball-cards-2021-bowman-chrome-prospect-autographs/carlos-rodriguez-cpa-cr,
Christian Scott,681035,2021,draft,pitcher,bowman_1st_base,,,https://www.sportscardspro.com/game/baseball-cards-2021-bowman-draft-pick-chrome-autographs/christian-scott-cda-cs,
Christopher Morel,666624,2021,chrome,hitter,bowman_1st_base,baseball-cards-2021-bowman-chrome-prospects,https://www.sportscardspro.com/game/baseball-cards-2021-bowman-chrome-prospects/christopher-morel-bcp-131,https://www.sportscardspro.com/game/baseball-cards-2021-bowman-chrome-prospect-autographs/christopher-morel-cpa-cmo,
Coby Mayo,691723,2021,chrome,hitter,bowman_1st_base,baseball-cards-2022-bowman-draft-chrome,https://www.sportscardspro.com/game/baseball-cards-2022-bowman-draft-chrome/coby-mayo-bdc-127,https://www.sportscardspro.com/game/baseball-cards-2021-bowman-chrome-prospect-autographs/coby-mayo-cpa-cma,
Colton Cowser,681297,2021,draft,hitter,bowman_1st_base,baseball-cards-2021-bowman-draft-chrome,https://www.sportscardspro.com/game/baseball-cards-2021-bowman-draft-chrome/colton-cowser-bdc-166,https://www.sportscardspro.com/game/baseball-cards-2021-bowman-draft-pick-chrome-autographs/colton-cowser-cda-cc,
Connor Norby,681393,2021,draft,hitter,bowman_1st_base,baseball-cards-2021-bowman-draft-chrome,https://www.sportscardspro.com/game/baseball-cards-2021-bowman-draft-chrome/connor-norby-bdc-50,https://www.sportscardspro.com/game/baseball-cards-2021-bowman-draft-pick-chrome-autographs/connor-norby-cda-cn,
Eguy Rosario,666703,2021,chrome,hitter,bowman_1st_base,baseball-cards-2021-bowman-draft-chrome,https://www.sportscardspro.com/game/baseball-cards-2021-bowman-draft-chrome/eguy-rosario-bdc-33,https://www.sportscardspro.com/game/baseball-cards-2021-bowman-chrome-prospect-autographs/eguy-rosario-cpa-er,
Endy Rodriguez,682848,2021,chrome,hitter,bowman_1st_base,baseball-cards-2021-bowman-draft-chrome,https://www.sportscardspro.com/game/baseball-cards-2021-bowman-draft-chrome/endy-rodriguez-bdc-168,https://www.sportscardspro.com/game/baseball-cards-2021-bowman-chrome-prospect-autographs/endy-rodriguez-cpa-er,
Ezequiel Tovar,678662,2021,chrome,hitter,bowman_1st_base,baseball-cards-2022-bowman-chrome-prospects,https://www.sportscardspro.com/game/baseball-cards-2022-bowman-chrome-prospects/ezequiel-tovar-bcp-231,https://www.sportscardspro.com/game/baseball-cards-2021-bowman-chrome-prospect-autographs/ezequiel-tovar-cpa-eto,
Gabriel Arias,672356,2021,chrome,hitter,bowman_1st_base,baseball-cards-2021-bowman-chrome-prospects,https://www.sportscardspro.com/game/baseball-cards-2021-bowman-chrome-prospects/gabriel-arias-bcp-172,https://www.sportscardspro.com/game/baseball-cards-2021-bowman-chrome-prospect-autographs/gabriel-arias-cpa-ga,
Gavin Williams,668909,2021,draft,pitcher,bowman_1st_base,baseball-cards-2021-bowman-draft-chrome,https://www.sportscardspro.com/game/baseball-cards-2021-bowman-draft-chrome/gavin-williams-bdc-93,https://www.sportscardspro.com/game/baseball-cards-2021-bowman-draft-pick-chrome-autographs/gavin-williams-cda-gw,
Gilberto Celestino,665482,2021,chrome,hitter,bowman_1st_base,baseball-cards-2021-bowman-chrome-prospects,https://www.sportscardspro.com/game/baseball-cards-2021-bowman-chrome-prospects/gilberto-celestino-bcp-232,https://www.sportscardspro.com/game/baseball-cards-2021-bowman-chrome-prospect-autographs/gilberto-celestino-cpa-gc,
Gregory Santos,666619,2021,chrome,pitcher,bowman_1st_base,,,https://www.sportscardspro.com/game/baseball-cards-2021-bowman-chrome-prospect-autographs/gregory-santos-cpa-gs,
Henry Davis,680779,2021,draft,hitter,bowman_1st_base,baseball-cards-2021-bowman-draft-chrome,https://www.sportscardspro.com/game/baseball-cards-2021-bowman-draft-chrome/henry-davis-bdc-48,https://www.sportscardspro.com/game/baseball-cards-2021-bowman-draft-pick-chrome-autographs/henry-davis-cda-hd,
Hunter Goodman,696100,2021,draft,hitter,bowman_1st_base,baseball-cards-2021-bowman-draft-chrome,https://www.sportscardspro.com/game/baseball-cards-2021-bowman-draft-chrome/hunter-goodman-bdc-66,https://www.sportscardspro.com/game/baseball-cards-2021-bowman-draft-pick-chrome-autographs/hunter-goodman-cda-hg,
Jackson Jobe,695549,2021,draft,pitcher,bowman_1st_base,baseball-cards-2021-bowman-draft-chrome,https://www.sportscardspro.com/game/baseball-cards-2021-bowman-draft-chrome/jackson-jobe-bdc-69,https://www.sportscardspro.com/game/baseball-cards-2021-bowman-draft-pick-chrome-autographs/jackson-jobe-cda-jj,
Jaden Hill,677955,2021,draft,pitcher,bowman_1st_base,baseball-cards-2021-bowman-draft-chrome,https://www.sportscardspro.com/game/baseball-cards-2021-bowman-draft-chrome/jaden-hill-bdc-142,https://www.sportscardspro.com/game/baseball-cards-2021-bowman-draft-pick-chrome-autographs/jaden-hill-cda-jh,
Jake Eder,671109,2021,chrome,pitcher,bowman_1st_base,,,https://www.sportscardspro.com/game/baseball-cards-2021-bowman-chrome-prospect-autographs/jake-eder-cpa-jed,
Johan Rojas,679032,2021,chrome,hitter,bowman_1st_base,,,https://www.sportscardspro.com/game/baseball-cards-2021-bowman-chrome-prospect-autographs/johan-rojas-cpa-jr,
Jordan Diaz,672478,2021,chrome,hitter,bowman_1st_base,,,https://www.sportscardspro.com/game/baseball-cards-2021-bowman-chrome-prospect-autographs/jordan-diaz-cpa-jdi,
Jordan Lawlar,691783,2021,draft,hitter,bowman_1st_base,baseball-cards-2021-bowman-draft-chrome,https://www.sportscardspro.com/game/baseball-cards-2021-bowman-draft-chrome/jordan-lawlar-bdc-194,https://www.sportscardspro.com/game/baseball-cards-2021-bowman-draft-pick-chrome-autographs/jordan-lawlar-cda-jla,
Jose Butto,676130,2021,chrome,pitcher,bowman_1st_base,,,https://www.sportscardspro.com/game/baseball-cards-2021-bowman-chrome-prospect-autographs/jose-butto-cpa-jbu,
Jose Rodriguez,679563,2021,chrome,hitter,bowman_1st_base,baseball-cards-2022-bowman-chrome-prospects,https://www.sportscardspro.com/game/baseball-cards-2022-bowman-chrome-prospects/jose-rodriguez-bcp-185,https://www.sportscardspro.com/game/baseball-cards-2021-bowman-chrome-prospect-autographs/jose-rodriguez-cpa-jro,
Jose Tena,677588,2021,chrome,hitter,bowman_1st_base,baseball-cards-2021-bowman-chrome-prospects,https://www.sportscardspro.com/game/baseball-cards-2021-bowman-chrome-prospects/jose-tena-bcp-128,https://www.sportscardspro.com/game/baseball-cards-2021-bowman-chrome-prospect-autographs/jose-tena-cpa-jt,
Josh Winckowski,670174,2021,chrome,pitcher,bowman_1st_base,,,https://www.sportscardspro.com/game/baseball-cards-2021-bowman-chrome-prospect-autographs/josh-winckowski-cpa-jwi,
Juan Then,672730,2021,chrome,pitcher,bowman_1st_base,,,https://www.sportscardspro.com/game/baseball-cards-2021-bowman-chrome-prospect-autographs/juan-then-cpa-jth,
Justin Martinez,679885,2021,chrome,pitcher,bowman_1st_base,,,https://www.sportscardspro.com/game/baseball-cards-2021-bowman-chrome-prospect-autographs/justin-martinez-cpa-jm,
Kevin Alcantara,682634,2021,chrome,hitter,bowman_1st_base,baseball-cards-2021-bowman-chrome-prospects,https://www.sportscardspro.com/game/baseball-cards-2021-bowman-chrome-prospects/kevin-alcantara-bcp-97,https://www.sportscardspro.com/game/baseball-cards-2021-bowman-chrome-prospect-autographs/kevin-alcantara-cpa-ka,
Kyle Hurt,669165,2021,chrome,pitcher,bowman_1st_base,,,https://www.sportscardspro.com/game/baseball-cards-2021-bowman-chrome-prospect-autographs/kyle-hurt-cpa-khu,
Kyle Manzardo,700932,2021,draft,hitter,bowman_1st_base,baseball-cards-2021-bowman-draft-chrome,https://www.sportscardspro.com/game/baseball-cards-2021-bowman-draft-chrome/kyle-manzardo-bdc-191,https://www.sportscardspro.com/game/baseball-cards-2021-bowman-draft-pick-chrome-autographs/kyle-manzardo-cda-km,
Liover Peguero,678894,2021,chrome,hitter,bowman_1st_base,baseball-cards-2021-bowman-chrome-prospects,https://www.sportscardspro.com/game/baseball-cards-2021-bowman-chrome-prospects/liover-peguero-bcp-52,https://www.sportscardspro.com/game/baseball-cards-2021-bowman-chrome-prospect-autographs/liover-peguero-cpa-lp,
Luis Frias,666818,2021,chrome,pitcher,bowman_1st_base,,,https://www.sportscardspro.com/game/baseball-cards-2021-bowman-chrome-prospect-autographs/luis-frias-cpa-lf,
Mason Black,696131,2021,draft,pitcher,bowman_1st_base,baseball-cards-2021-bowman-draft-chrome,https://www.sportscardspro.com/game/baseball-cards-2021-bowman-draft-chrome/mason-black-bdc-129,https://www.sportscardspro.com/game/baseball-cards-2021-bowman-draft-pick-chrome-autographs/mason-black-cda-mbl,
Mason Miller,695243,2021,draft,pitcher,bowman_1st_base,baseball-cards-2021-bowman-draft-chrome,https://www.sportscardspro.com/game/baseball-cards-2021-bowman-draft-chrome/mason-miller-bdc-85,https://www.sportscardspro.com/game/baseball-cards-2021-bowman-draft-pick-chrome-autographs/mason-miller-cda-mmil,
Michael McGreevy,700241,2021,draft,pitcher,bowman_1st_base,baseball-cards-2021-bowman-draft-chrome,https://www.sportscardspro.com/game/baseball-cards-2021-bowman-draft-chrome/michael-mcgreevy-bdc-91,https://www.sportscardspro.com/game/baseball-cards-2021-bowman-draft-pick-chrome-autographs/michael-mcgreevy-cda-mmcg,
Nick Maton,665155,2021,chrome,hitter,bowman_1st_base,baseball-cards-2021-bowman-chrome-prospects,https://www.sportscardspro.com/game/baseball-cards-2021-bowman-chrome-prospects/nick-maton-bcp-5,https://www.sportscardspro.com/game/baseball-cards-2021-bowman-chrome-prospect-autographs/nick-maton-cpa-nm,
Osleivis Basabe,678545,2021,chrome,hitter,bowman_1st_base,baseball-cards-2021-bowman-draft-chrome,https://www.sportscardspro.com/game/baseball-cards-2021-bowman-draft-chrome/osleivis-basabe-bdc-71,https://www.sportscardspro.com/game/baseball-cards-2021-bowman-chrome-prospect-autographs/osleivis-basabe-cpa-ob,
Pedro Leon,694175,2021,chrome,hitter,bowman_1st_base,baseball-cards-2021-bowman-chrome-prospects,https://www.sportscardspro.com/game/baseball-cards-2021-bowman-chrome-prospects/pedro-leon-bcp-189,https://www.sportscardspro.com/game/baseball-cards-2021-bowman-chrome-prospect-autographs/pedro-leon-cpa-pl,
Robert Gasser,688107,2021,draft,pitcher,bowman_1st_base,baseball-cards-2021-bowman-draft-chrome,https://www.sportscardspro.com/game/baseball-cards-2021-bowman-draft-chrome/robert-gasser-bdc-135,https://www.sportscardspro.com/game/baseball-cards-2021-bowman-draft-pick-chrome-autographs/robert-gasser-cda-rg,
Sal Frelick,686217,2021,draft,hitter,bowman_1st_base,baseball-cards-2021-bowman-draft-chrome,https://www.sportscardspro.com/game/baseball-cards-2021-bowman-draft-chrome/sal-frelick-bdc-172,https://www.sportscardspro.com/game/baseball-cards-2021-bowman-draft-pick-chrome-autographs/sal-frelick-cda-sf,
Sam Bachman,696147,2021,draft,pitcher,bowman_1st_base,baseball-cards-2021-bowman-draft-chrome,https://www.sportscardspro.com/game/baseball-cards-2021-bowman-draft-chrome/sam-bachman-bdc-196,https://www.sportscardspro.com/game/baseball-cards-2021-bowman-draft-pick-chrome-autographs/sam-bachman-cda-sb,
Sean Burke,680732,2021,draft,pitcher,bowman_1st_base,baseball-cards-2021-bowman-draft-chrome,https://www.sportscardspro.com/game/baseball-cards-2021-bowman-draft-chrome/sean-burke-bdc-4,https://www.sportscardspro.com/game/baseball-cards-2021-bowman-draft-pick-chrome-autographs/sean-burke-cda-sbu,
Spencer Schwellenbach,680885,2021,draft,pitcher,bowman_1st_base,baseball-cards-2021-bowman-draft-chrome,https://www.sportscardspro.com/game/baseball-cards-2021-bowman-draft-chrome/spencer-schwellenbach-bdc-44,https://www.sportscardspro.com/game/baseball-cards-2021-bowman-draft-pick-chrome-autographs/spencer-schwellenbach-cda-ss,
Tanner Bibee,676440,2021,draft,pitcher,bowman_1st_base,,,https://www.sportscardspro.com/game/baseball-cards-2021-bowman-draft-pick-chrome-autographs/tanner-bibee-cda-tbi,
Tyler Black,672012,2021,draft,hitter,bowman_1st_base,baseball-cards-2021-bowman-draft-chrome,https://www.sportscardspro.com/game/baseball-cards-2021-bowman-draft-chrome/tyler-black-bdc-200,https://www.sportscardspro.com/game/baseball-cards-2021-bowman-draft-pick-chrome-autographs/tyler-black-cda-tb,
Tyler Gentry,694355,2021,chrome,hitter,bowman_1st_base,,,https://www.sportscardspro.com/game/baseball-cards-2021-bowman-chrome-prospect-autographs/tyler-gentry-cpa-tg,
Alex Freeland,690976,2022,draft,hitter,bowman_1st_base,baseball-cards-2022-bowman-draft-chrome,https://www.sportscardspro.com/game/baseball-cards-2022-bowman-draft-chrome/alex-freeland-bdc-194,https://www.sportscardspro.com/game/baseball-cards-2022-bowman-draft-chrome-autographs/alex-freeland-cda-af,
Andry Lara,691251,2022,chrome,pitcher,bowman_1st_base,baseball-cards-2022-bowman-chrome-prospects,https://www.sportscardspro.com/game/baseball-cards-2022-bowman-chrome-prospects/andry-lara-bcp-70,https://www.sportscardspro.com/game/baseball-cards-2022-bowman-chrome-prospect-autographs/andry-lara-cpa-al,
Ben Joyce,690829,2022,draft,pitcher,bowman_1st_base,baseball-cards-2022-bowman-draft-chrome,https://www.sportscardspro.com/game/baseball-cards-2022-bowman-draft-chrome/ben-joyce-bdc-109,https://www.sportscardspro.com/game/baseball-cards-2022-bowman-draft-chrome-autographs/ben-joyce-cda-bj,
Brady House,691781,2022,chrome,hitter,bowman_1st_base,baseball-cards-2022-bowman-draft-chrome,https://www.sportscardspro.com/game/baseball-cards-2022-bowman-draft-chrome/brady-house-bdc-144,https://www.sportscardspro.com/game/baseball-cards-2022-bowman-chrome-prospect-autographs/brady-house-cpa-bh,
Braxton Fulford,690924,2022,chrome,hitter,bowman_1st_base,,,https://www.sportscardspro.com/game/baseball-cards-2022-bowman-chrome-prospect-autographs/braxton-fulford-cpa-bf,
Brayan Bello,678394,2022,chrome,pitcher,bowman_1st_base,baseball-cards-2022-bowman-chrome-prospects,https://www.sportscardspro.com/game/baseball-cards-2022-bowman-chrome-prospects/brayan-bello-bcp-107,https://www.sportscardspro.com/game/baseball-cards-2022-bowman-chrome-prospect-autographs/brayan-bello-cpa-bb,
Brooks Lee,686797,2022,draft,hitter,bowman_1st_base,baseball-cards-2022-bowman-draft-chrome,https://www.sportscardspro.com/game/baseball-cards-2022-bowman-draft-chrome/brooks-lee-bdc-153,https://www.sportscardspro.com/game/baseball-cards-2022-bowman-draft-chrome-autographs/brooks-lee-cda-bl,
Cade Horton,690990,2022,draft,pitcher,bowman_1st_base,baseball-cards-2022-bowman-draft-chrome,https://www.sportscardspro.com/game/baseball-cards-2022-bowman-draft-chrome/cade-horton-bdc-193,https://www.sportscardspro.com/game/baseball-cards-2022-bowman-draft-chrome-autographs/cade-horton-cda-chn,
Cade Marlowe,687799,2022,chrome,hitter,bowman_1st_base,,,https://www.sportscardspro.com/game/baseball-cards-2022-bowman-chrome-prospect-autographs/cade-marlowe-cpa-cm,
Ceddanne Rafaela,678882,2022,chrome,hitter,bowman_1st_base,baseball-cards-2022-bowman-chrome-prospects,https://www.sportscardspro.com/game/baseball-cards-2022-bowman-chrome-prospects/ceddanne-rafaela-bcp-61,https://www.sportscardspro.com/game/baseball-cards-2022-bowman-chrome-prospect-autographs/ceddanne-rafaela-cpa-crl,
Cesar Prieto,693409,2022,chrome,hitter,bowman_1st_base,baseball-cards-2022-bowman-chrome-prospects,https://www.sportscardspro.com/game/baseball-cards-2022-bowman-chrome-prospects/cesar-prieto-bcp-206,https://www.sportscardspro.com/game/baseball-cards-2022-bowman-chrome-prospect-autographs/cesar-prieto-cpa-cp,
Chandler Simpson,802415,2022,draft,hitter,bowman_1st_base,baseball-cards-2022-bowman-draft-chrome,https://www.sportscardspro.com/game/baseball-cards-2022-bowman-draft-chrome/chandler-simpson-bdc-26,https://www.sportscardspro.com/game/baseball-cards-2022-bowman-draft-chrome-autographs/chandler-simpson-cda-csn,
Chase Meidroth,805367,2022,draft,hitter,bowman_1st_base,baseball-cards-2022-bowman-draft-chrome,https://www.sportscardspro.com/game/baseball-cards-2022-bowman-draft-chrome/chase-meidroth-bdc-92,https://www.sportscardspro.com/game/baseball-cards-2022-bowman-draft-chrome-autographs/chase-meidroth-cda-cm,
Christian Roa,685005,2022,chrome,pitcher,bowman_1st_base,baseball-cards-2022-bowman-chrome-prospects,https://www.sportscardspro.com/game/baseball-cards-2022-bowman-chrome-prospects/christian-roa-bcp-130,https://www.sportscardspro.com/game/baseball-cards-2022-bowman-chrome-prospect-autographs/christian-roa-cpa-cra,
Cole Young,702284,2022,draft,hitter,bowman_1st_base,baseball-cards-2022-bowman-draft-chrome,https://www.sportscardspro.com/game/baseball-cards-2022-bowman-draft-chrome/cole-young-bdc-112,https://www.sportscardspro.com/game/baseball-cards-2022-bowman-draft-chrome-autographs/cole-young-cda-cy,
Colson Montgomery,695657,2022,chrome,hitter,bowman_1st_base,baseball-cards-2022-bowman-chrome-prospects,https://www.sportscardspro.com/game/baseball-cards-2022-bowman-chrome-prospects/colson-montgomery-bcp-212,https://www.sportscardspro.com/game/baseball-cards-2022-bowman-chrome-prospect-autographs/colson-montgomery-cpa-cmy,
Curtis Mead,678554,2022,chrome,hitter,bowman_1st_base,baseball-cards-2022-bowman-chrome-prospects,https://www.sportscardspro.com/game/baseball-cards-2022-bowman-chrome-prospects/curtis-mead-bcp-10,https://www.sportscardspro.com/game/baseball-cards-2022-bowman-chrome-prospect-autographs/curtis-mead-cpa-cm,
Dalton Rushing,687221,2022,draft,hitter,bowman_1st_base,baseball-cards-2022-bowman-draft-chrome,https://www.sportscardspro.com/game/baseball-cards-2022-bowman-draft-chrome/dalton-rushing-bdc-84,https://www.sportscardspro.com/game/baseball-cards-2022-bowman-draft-chrome-autographs/dalton-rushing-cda-drg,
Darell Hernaiz,687231,2022,chrome,hitter,bowman_1st_base,baseball-cards-2022-bowman-chrome-prospects,https://www.sportscardspro.com/game/baseball-cards-2022-bowman-chrome-prospects/darell-hernaiz-bcp-27,https://www.sportscardspro.com/game/baseball-cards-2022-bowman-chrome-prospect-autographs/darell-hernaiz-cpa-dhz,
Darren Baker,671117,2022,chrome,hitter,bowman_1st_base,baseball-cards-2022-bowman-chrome-prospects,https://www.sportscardspro.com/game/baseball-cards-2022-bowman-chrome-prospects/darren-baker-bcp-131,https://www.sportscardspro.com/game/baseball-cards-2022-bowman-chrome-prospect-autographs/darren-baker-cpa-db,
Daylen Lile,695734,2022,chrome,hitter,bowman_1st_base,,,https://www.sportscardspro.com/game/baseball-cards-2022-bowman-chrome-prospect-autographs/daylen-lile-cpa-dl,
Denzel Clarke,672016,2022,chrome,hitter,bowman_1st_base,,,https://www.sportscardspro.com/game/baseball-cards-2022-bowman-chrome-prospect-autographs/denzel-clarke-cpa-dc,
Denzer Guzman,694203,2022,chrome,hitter,bowman_1st_base,baseball-cards-2022-bowman-chrome-prospects,https://www.sportscardspro.com/game/baseball-cards-2022-bowman-chrome-prospects/denzer-guzman-bcp-138,https://www.sportscardspro.com/game/baseball-cards-2022-bowman-chrome-prospect-autographs/denzer-guzman-cpa-dg,
Drake Baldwin,686948,2022,draft,hitter,bowman_1st_base,,,https://www.sportscardspro.com/game/baseball-cards-2022-bowman-draft-chrome-autographs/drake-baldwin-cda-dbn,
Drew Gilbert,687551,2022,draft,hitter,bowman_1st_base,baseball-cards-2022-bowman-draft-chrome,https://www.sportscardspro.com/game/baseball-cards-2022-bowman-draft-chrome/drew-gilbert-bdc-152,https://www.sportscardspro.com/game/baseball-cards-2022-bowman-draft-chrome-autographs/drew-gilbert-cda-dg,
Drew Thorpe,689672,2022,draft,pitcher,bowman_1st_base,baseball-cards-2022-bowman-draft-chrome,https://www.sportscardspro.com/game/baseball-cards-2022-bowman-draft-chrome/drew-thorpe-bdc-25,https://www.sportscardspro.com/game/baseball-cards-2022-bowman-draft-chrome-autographs/drew-thorpe-cda-dt,
Dustin Harris,687957,2022,chrome,hitter,bowman_1st_base,baseball-cards-2022-bowman-chrome-prospects,https://www.sportscardspro.com/game/baseball-cards-2022-bowman-chrome-prospects/dustin-harris-bcp-119,https://www.sportscardspro.com/game/baseball-cards-2022-bowman-chrome-prospect-autographs/dustin-harris-cpa-dhr,
Dylan Beavers,687637,2022,draft,hitter,bowman_1st_base,baseball-cards-2022-bowman-draft-chrome,https://www.sportscardspro.com/game/baseball-cards-2022-bowman-draft-chrome/dylan-beavers-bdc-160,https://www.sportscardspro.com/game/baseball-cards-2022-bowman-draft-chrome-autographs/dylan-beavers-cda-db,
Dylan Dodd,689266,2022,chrome,pitcher,bowman_1st_base,,,https://www.sportscardspro.com/game/baseball-cards-2022-bowman-chrome-prospect-autographs/dylan-dodd-cpa-dd,
Edgar Quero,700337,2022,chrome,hitter,bowman_1st_base,baseball-cards-2022-bowman-chrome-prospects,https://www.sportscardspro.com/game/baseball-cards-2022-bowman-chrome-prospects/edgar-quero-bcp-123,https://www.sportscardspro.com/game/baseball-cards-2022-bowman-chrome-prospect-autographs/edgar-quero-cpa-eq,
Elly De LA Cruz,682829,2022,chrome,hitter,bowman_1st_base,baseball-cards-2022-bowman-chrome-prospects,https://www.sportscardspro.com/game/baseball-cards-2022-bowman-chrome-prospects/elly-de-la-cruz-bcp-50,https://www.sportscardspro.com/game/baseball-cards-2022-bowman-chrome-prospect-autographs/elly-de-la-cruz-cpa-ed,
Enmanuel Valdez,665839,2022,chrome,hitter,bowman_1st_base,,,https://www.sportscardspro.com/game/baseball-cards-2022-bowman-chrome-prospect-autographs/enmanuel-valdez-cpa-ev,
Evan Lee,681885,2022,chrome,pitcher,bowman_1st_base,,,https://www.sportscardspro.com/game/baseball-cards-2022-bowman-chrome-prospect-autographs/evan-lee-cpa-el,
Gavin Stone,694813,2022,chrome,pitcher,bowman_1st_base,,,https://www.sportscardspro.com/game/baseball-cards-2022-bowman-chrome-prospect-autographs/gavin-stone-cpa-gs,
George Valera,671655,2022,chrome,hitter,bowman_1st_base,baseball-cards-2022-bowman-chrome-prospects,https://www.sportscardspro.com/game/baseball-cards-2022-bowman-chrome-prospects/george-valera-bcp-22,https://www.sportscardspro.com/game/baseball-cards-2022-bowman-chrome-prospect-autographs/george-valera-cpa-gv,
Graham Ashcraft,668933,2022,chrome,pitcher,bowman_1st_base,,,https://www.sportscardspro.com/game/baseball-cards-2022-bowman-chrome-prospect-autographs/graham-ashcraft-cpa-ga,
Jace Jung,690291,2022,draft,hitter,bowman_1st_base,baseball-cards-2022-bowman-draft-chrome,https://www.sportscardspro.com/game/baseball-cards-2022-bowman-draft-chrome/jace-jung-bdc-15,https://www.sportscardspro.com/game/baseball-cards-2022-bowman-draft-chrome-autographs/jace-jung-cda-jj,
Jack Suwinski,669261,2022,chrome,hitter,bowman_1st_base,baseball-cards-2022-bowman-chrome-prospects,https://www.sportscardspro.com/game/baseball-cards-2022-bowman-chrome-prospects/jack-suwinski-bcp-84,https://www.sportscardspro.com/game/baseball-cards-2022-bowman-chrome-prospect-autographs/jack-suwinski-cpa-js,
Jackson Chourio,694192,2022,chrome,hitter,bowman_1st_base,baseball-cards-2022-bowman-chrome-prospects,https://www.sportscardspro.com/game/baseball-cards-2022-bowman-chrome-prospects/jackson-chourio-bcp-79,https://www.sportscardspro.com/game/baseball-cards-2022-bowman-chrome-prospect-autographs/jackson-chourio-cpa-jco,
Jackson Holliday,702616,2022,draft,hitter,bowman_1st_base,baseball-cards-2022-bowman-draft-chrome,https://www.sportscardspro.com/game/baseball-cards-2022-bowman-draft-chrome/jackson-holliday-bdc-168,https://www.sportscardspro.com/game/baseball-cards-2022-bowman-draft-chrome-autographs/jackson-holliday-cda-jh,
Jackson Merrill,701538,2022,chrome,hitter,bowman_1st_base,baseball-cards-2023-bowman-chrome-prospects,https://www.sportscardspro.com/game/baseball-cards-2023-bowman-chrome-prospects/jackson-merrill-bcp-244,https://www.sportscardspro.com/game/baseball-cards-2022-bowman-chrome-prospect-autographs/jackson-merrill-cpa-jme,
Jacob Misiorowski,694819,2022,draft,pitcher,bowman_1st_base,baseball-cards-2022-bowman-draft-chrome,https://www.sportscardspro.com/game/baseball-cards-2022-bowman-draft-chrome/jacob-misiorowski-bdc-132,https://www.sportscardspro.com/game/baseball-cards-2022-bowman-draft-chrome-autographs/jacob-misiorowski-cda-jmi,
Jakob Marsee,805300,2022,draft,hitter,bowman_1st_base,baseball-cards-2022-bowman-draft-chrome,https://www.sportscardspro.com/game/baseball-cards-2022-bowman-draft-chrome/jakob-marsee-bdc-73,https://www.sportscardspro.com/game/baseball-cards-2022-bowman-draft-chrome-autographs/jakob-marsee-cda-jme,
James Wood,695578,2022,chrome,hitter,bowman_1st_base,baseball-cards-2022-bowman-chrome-prospects,https://www.sportscardspro.com/game/baseball-cards-2022-bowman-chrome-prospects/james-wood-bcp-108,https://www.sportscardspro.com/game/baseball-cards-2022-bowman-chrome-prospect-autographs/james-wood-cpa-jwd,
Jhonkensy Noel,678877,2022,chrome,hitter,bowman_1st_base,baseball-cards-2022-bowman-chrome-prospects,https://www.sportscardspro.com/game/baseball-cards-2022-bowman-chrome-prospects/jhonkensy-noel-bcp-2,https://www.sportscardspro.com/game/baseball-cards-2022-bowman-chrome-prospect-autographs/jhonkensy-noel-cpa-jn,
Jonatan Clase,682729,2022,chrome,hitter,bowman_1st_base,baseball-cards-2022-bowman-chrome-prospects,https://www.sportscardspro.com/game/baseball-cards-2022-bowman-chrome-prospects/jonatan-clase-bcp-118,https://www.sportscardspro.com/game/baseball-cards-2022-bowman-chrome-prospect-autographs/jonatan-clase-cpa-jcl,
Jorbit Vivas,678391,2022,chrome,hitter,bowman_1st_base,baseball-cards-2022-bowman-chrome-prospects,https://www.sportscardspro.com/game/baseball-cards-2022-bowman-chrome-prospects/jorbit-vivas-bcp-24,https://www.sportscardspro.com/game/baseball-cards-2022-bowman-chrome-prospect-autographs/jorbit-vivas-cpa-jv,
Jordan Beck,687597,2022,draft,hitter,bowman_1st_base,baseball-cards-2022-bowman-draft-chrome,https://www.sportscardspro.com/game/baseball-cards-2022-bowman-draft-chrome/jordan-beck-bdc-34,https://www.sportscardspro.com/game/baseball-cards-2022-bowman-draft-chrome-autographs/jordan-beck-cda-jbe,
Jordan Wicks,696136,2022,chrome,pitcher,bowman_1st_base,,,https://www.sportscardspro.com/game/baseball-cards-2022-bowman-chrome-prospect-autographs/jordan-wicks-cpa-jw,
Jorge Barrosa,678489,2022,chrome,hitter,bowman_1st_base,,,https://www.sportscardspro.com/game/baseball-cards-2022-bowman-chrome-prospect-autographs/jorge-barrosa-cpa-jba,
Jose Fermin,665877,2022,chrome,hitter,bowman_1st_base,,,https://www.sportscardspro.com/game/baseball-cards-2022-bowman-chrome-prospect-autographs/jose-fermin-cpa-jf,
Kumar Rocker,677958,2022,draft,pitcher,bowman_1st_base,baseball-cards-2022-bowman-draft-chrome,https://www.sportscardspro.com/game/baseball-cards-2022-bowman-draft-chrome/kumar-rocker-bdc-164,https://www.sportscardspro.com/game/baseball-cards-2022-bowman-draft-chrome-autographs/kumar-rocker-cda-kr,
Lenyn Sosa,672820,2022,chrome,hitter,bowman_1st_base,baseball-cards-2022-bowman-chrome-prospects,https://www.sportscardspro.com/game/baseball-cards-2022-bowman-chrome-prospects/lenyn-sosa-bcp-76,https://www.sportscardspro.com/game/baseball-cards-2022-bowman-chrome-prospect-autographs/lenyn-sosa-cpa-ls,
Maikel Garcia,672580,2022,chrome,hitter,bowman_1st_base,,,https://www.sportscardspro.com/game/baseball-cards-2022-bowman-chrome-prospect-autographs/maikel-garcia-cpa-mg,
Mason Barnett,686930,2022,draft,pitcher,bowman_1st_base,baseball-cards-2022-bowman-draft-chrome,https://www.sportscardspro.com/game/baseball-cards-2022-bowman-draft-chrome/mason-barnett-bdc-172,https://www.sportscardspro.com/game/baseball-cards-2022-bowman-draft-chrome-autographs/mason-barnett-cda-mb,
Matt McLain,680574,2022,chrome,hitter,bowman_1st_base,baseball-cards-2022-bowman-chrome-prospects,https://www.sportscardspro.com/game/baseball-cards-2022-bowman-chrome-prospects/matt-mclain-bcp-245,https://www.sportscardspro.com/game/baseball-cards-2022-bowman-chrome-prospect-autographs/matt-mclain-cpa-mm,
Max Muncy,571970,2022,chrome,hitter,bowman_1st_base,baseball-cards-2022-bowman-chrome-prospects,https://www.sportscardspro.com/game/baseball-cards-2022-bowman-chrome-prospects/max-muncy-bcp-222,https://www.sportscardspro.com/game/baseball-cards-2022-bowman-chrome-prospect-autographs/max-muncy-cpa-mmu,
Nelson Velazquez,676369,2022,chrome,hitter,bowman_1st_base,baseball-cards-2022-bowman-chrome-prospects,https://www.sportscardspro.com/game/baseball-cards-2022-bowman-chrome-prospects/nelson-velazquez-bcp-194,https://www.sportscardspro.com/game/baseball-cards-2022-bowman-chrome-prospect-autographs/nelson-velazquez-cpa-nv,
Niko Kavadas,694359,2022,chrome,hitter,bowman_1st_base,baseball-cards-2022-bowman-chrome-prospects,https://www.sportscardspro.com/game/baseball-cards-2022-bowman-chrome-prospects/niko-kavadas-bcp-68,https://www.sportscardspro.com/game/baseball-cards-2022-bowman-chrome-prospect-autographs/niko-kavadas-cpa-nk,
Oscar Colas,693049,2022,chrome,hitter,bowman_1st_base,baseball-cards-2022-bowman-chrome-prospects,https://www.sportscardspro.com/game/baseball-cards-2022-bowman-chrome-prospects/oscar-colas-bcp-152,https://www.sportscardspro.com/game/baseball-cards-2022-bowman-chrome-prospect-autographs/oscar-colas-cpa-ocs,
Oswaldo Cabrera,665828,2022,chrome,hitter,bowman_1st_base,baseball-cards-2022-bowman-chrome-prospects,https://www.sportscardspro.com/game/baseball-cards-2022-bowman-chrome-prospects/oswaldo-cabrera-bcp-17,https://www.sportscardspro.com/game/baseball-cards-2022-bowman-chrome-prospect-autographs/oswaldo-cabrera-cpa-oc,
Randy Vasquez,681190,2022,chrome,pitcher,bowman_1st_base,,,https://www.sportscardspro.com/game/baseball-cards-2022-bowman-chrome-prospect-autographs/randy-vasquez-cpa-rv,
Ronny Henriquez,678692,2022,chrome,pitcher,bowman_1st_base,,,https://www.sportscardspro.com/game/baseball-cards-2022-bowman-chrome-prospect-autographs/ronny-henriquez-cpa-rh,
Ryan Bliss,669208,2022,chrome,hitter,bowman_1st_base,,,https://www.sportscardspro.com/game/baseball-cards-2022-bowman-chrome-prospect-autographs/ryan-bliss-cpa-rb,
Ryan Ritter,690022,2022,draft,hitter,bowman_1st_base,baseball-cards-2022-bowman-draft-chrome,https://www.sportscardspro.com/game/baseball-cards-2022-bowman-draft-chrome/ryan-ritter-bdc-136,https://www.sportscardspro.com/game/baseball-cards-2022-bowman-draft-chrome-autographs/ryan-ritter-cda-rr,
Sal Stewart,701398,2022,draft,hitter,bowman_1st_base,baseball-cards-2022-bowman-draft-chrome,https://www.sportscardspro.com/game/baseball-cards-2022-bowman-draft-chrome/sal-stewart-bdc-122,https://www.sportscardspro.com/game/baseball-cards-2022-bowman-draft-chrome-autographs/sal-stewart-cda-ss,
Simon Muzziotti,665922,2022,chrome,hitter,bowman_1st_base,baseball-cards-2022-bowman-chrome-prospects,https://www.sportscardspro.com/game/baseball-cards-2022-bowman-chrome-prospects/simon-muzziotti-bcp-40,https://www.sportscardspro.com/game/baseball-cards-2022-bowman-chrome-prospect-autographs/simon-muzziotti-cpa-smz,
Taj Bradley,671737,2022,chrome,pitcher,bowman_1st_base,,,https://www.sportscardspro.com/game/baseball-cards-2022-bowman-chrome-prospect-autographs/taj-bradley-cpa-tb,
Trey Lipscomb,702358,2022,draft,hitter,bowman_1st_base,baseball-cards-2022-bowman-draft-chrome,https://www.sportscardspro.com/game/baseball-cards-2022-bowman-draft-chrome/trey-lipscomb-bdc-197,https://www.sportscardspro.com/game/baseball-cards-2022-bowman-draft-chrome-autographs/trey-lipscomb-cda-tlb,
Trey Sweeney,700242,2022,chrome,hitter,bowman_1st_base,baseball-cards-2022-bowman-chrome-prospects,https://www.sportscardspro.com/game/baseball-cards-2022-bowman-chrome-prospects/trey-sweeney-bcp-214,https://www.sportscardspro.com/game/baseball-cards-2022-bowman-chrome-prospect-autographs/trey-sweeney-cpa-ts,
Troy Melton,675512,2022,draft,pitcher,bowman_1st_base,baseball-cards-2022-bowman-draft-chrome,https://www.sportscardspro.com/game/baseball-cards-2022-bowman-draft-chrome/troy-melton-bdc-118,https://www.sportscardspro.com/game/baseball-cards-2022-bowman-draft-chrome-autographs/troy-melton-cda-tmn,
Tyler Locklear,682988,2022,draft,hitter,bowman_1st_base,,,https://www.sportscardspro.com/game/baseball-cards-2022-bowman-draft-chrome-autographs/tyler-locklear-cda-tl,
Victor Mederos,682989,2022,draft,pitcher,bowman_1st_base,,,https://www.sportscardspro.com/game/baseball-cards-2022-bowman-draft-chrome-autographs/victor-mederos-cda-vm,
Victor Scott II,687363,2022,draft,hitter,bowman_1st_base,,,https://www.sportscardspro.com/game/baseball-cards-2022-bowman-draft-chrome-autographs/victor-scott-ii-cda-vs,
Warming Bernabel,682653,2022,chrome,hitter,bowman_1st_base,baseball-cards-2022-bowman-chrome-prospects,https://www.sportscardspro.com/game/baseball-cards-2022-bowman-chrome-prospects/warming-bernabel-bcp-188,https://www.sportscardspro.com/game/baseball-cards-2022-bowman-chrome-prospect-autographs/warming-bernabel-cpa-wb,
Yanquiel Fernandez,692585,2022,chrome,hitter,bowman_1st_base,baseball-cards-2022-bowman-chrome-prospects,https://www.sportscardspro.com/game/baseball-cards-2022-bowman-chrome-prospects/yanquiel-fernandez-bcp-191,https://www.sportscardspro.com/game/baseball-cards-2022-bowman-chrome-prospect-autographs/yanquiel-fernandez-cpa-yfz,
Zach Maxwell,687209,2022,draft,pitcher,bowman_1st_base,,,https://www.sportscardspro.com/game/baseball-cards-2022-bowman-draft-chrome-autographs/zach-maxwell-cda-zm,
Zach Neto,687263,2022,draft,hitter,bowman_1st_base,baseball-cards-2022-bowman-draft-chrome,https://www.sportscardspro.com/game/baseball-cards-2022-bowman-draft-chrome/zach-neto-bdc-18,https://www.sportscardspro.com/game/baseball-cards-2022-bowman-draft-chrome-autographs/zach-neto-cda-zn,
Abner Uribe,682842,2023,chrome,pitcher,bowman_1st_base,,,https://www.sportscardspro.com/game/baseball-cards-2023-bowman-chrome-prospect-autographs/abner-uribe-cpa-au,
Andrew Pinckney,687605,2023,draft,hitter,bowman_1st_base,baseball-cards-2023-bowman-draft-chrome,https://www.sportscardspro.com/game/baseball-cards-2023-bowman-draft-chrome/andrew-pinckney-bdc-40,https://www.sportscardspro.com/game/baseball-cards-2023-bowman-draft-chrome-prospect-autographs/andrew-pinckney-cda-ap,
Angel Genao,694197,2023,chrome,hitter,bowman_1st_base,baseball-cards-2023-bowman-chrome-prospects,https://www.sportscardspro.com/game/baseball-cards-2023-bowman-chrome-prospects/angel-genao-bcp-140,https://www.sportscardspro.com/game/baseball-cards-2023-bowman-chrome-prospect-autographs/angel-genao-cpa-ag,
Ben Brown,676962,2023,chrome,pitcher,bowman_1st_base,,,https://www.sportscardspro.com/game/baseball-cards-2023-bowman-chrome-prospect-autographs/ben-brown-cpa-bbn,
Blade Tidwell,694918,2023,chrome,pitcher,bowman_1st_base,,,https://www.sportscardspro.com/game/baseball-cards-2023-bowman-chrome-prospect-autographs/blade-tidwell-cpa-bt,
Blaine Crim,688760,2023,chrome,hitter,bowman_1st_base,,,https://www.sportscardspro.com/game/baseball-cards-2023-bowman-chrome-prospect-autographs/blaine-crim-cpa-bc,
Brandon Walter,687888,2023,chrome,pitcher,bowman_1st_base,,,https://www.sportscardspro.com/game/baseball-cards-2023-bowman-chrome-prospect-autographs/brandon-walter-cpa-bwr,
Brett Wisely,689172,2023,chrome,hitter,bowman_1st_base,,,https://www.sportscardspro.com/game/baseball-cards-2023-bowman-chrome-prospect-autographs/brett-wisely-cpa-bw,
Brock Rodden,801126,2023,draft,hitter,bowman_1st_base,baseball-cards-2023-bowman-draft-chrome,https://www.sportscardspro.com/game/baseball-cards-2023-bowman-draft-chrome/brock-rodden-bdc-171,https://www.sportscardspro.com/game/baseball-cards-2023-bowman-draft-chrome-prospect-autographs/brock-rodden-cda-br,
Bryce Eldridge,805811,2023,draft,hitter,bowman_1st_base,baseball-cards-2023-bowman-draft-chrome,https://www.sportscardspro.com/game/baseball-cards-2023-bowman-draft-chrome/bryce-eldridge-bdc-107,https://www.sportscardspro.com/game/baseball-cards-2023-bowman-draft-chrome-prospect-autographs/bryce-eldridge-cda-be,
Caden Dana,702674,2023,chrome,pitcher,bowman_1st_base,,,https://www.sportscardspro.com/game/baseball-cards-2023-bowman-chrome-prospect-autographs/caden-dana-cpa-cd,
Carlos Jorge,699115,2023,chrome,hitter,bowman_1st_base,baseball-cards-2023-bowman-chrome-prospects,https://www.sportscardspro.com/game/baseball-cards-2023-bowman-chrome-prospects/carlos-jorge-bcp-120,https://www.sportscardspro.com/game/baseball-cards-2023-bowman-chrome-prospect-autographs/carlos-jorge-cpa-cj,
Colby Thomas,687515,2023,chrome,hitter,bowman_1st_base,baseball-cards-2023-bowman-chrome-prospects,https://www.sportscardspro.com/game/baseball-cards-2023-bowman-chrome-prospects/colby-thomas-bcp-32,https://www.sportscardspro.com/game/baseball-cards-2023-bowman-chrome-prospect-autographs/colby-thomas-cpa-ct,
Cole Carrigg,694249,2023,draft,hitter,bowman_1st_base,baseball-cards-2023-bowman-draft-chrome,https://www.sportscardspro.com/game/baseball-cards-2023-bowman-draft-chrome/cole-carrigg-bdc-151,https://www.sportscardspro.com/game/baseball-cards-2023-bowman-draft-chrome-prospect-autographs/cole-carrigg-cda-cc,
Colt Emerson,806068,2023,draft,hitter,bowman_1st_base,baseball-cards-2023-bowman-draft-chrome,https://www.sportscardspro.com/game/baseball-cards-2023-bowman-draft-chrome/colt-emerson-bdc-42,https://www.sportscardspro.com/game/baseball-cards-2023-bowman-draft-chrome-prospect-autographs/colt-emerson-cda-ce,
Cooper Ingle,694876,2023,draft,hitter,bowman_1st_base,baseball-cards-2023-bowman-draft-chrome,https://www.sportscardspro.com/game/baseball-cards-2023-bowman-draft-chrome/cooper-ingle-bdc-85,https://www.sportscardspro.com/game/baseball-cards-2023-bowman-draft-chrome-prospect-autographs/cooper-ingle-cda-ci,
Cristian Mena,691441,2023,chrome,pitcher,bowman_1st_base,,,https://www.sportscardspro.com/game/baseball-cards-2023-bowman-chrome-prospect-autographs/cristian-mena-cpa-cm,
Deyvison De Los Santos,691277,2023,chrome,hitter,bowman_1st_base,baseball-cards-2023-bowman-chrome-prospects,https://www.sportscardspro.com/game/baseball-cards-2023-bowman-chrome-prospects/deyvison-de-los-santos-bcp-116,https://www.sportscardspro.com/game/baseball-cards-2023-bowman-chrome-prospect-autographs/deyvison-de-los-santos-cpa-dd,
Dominic Canzone,686527,2023,chrome,hitter,bowman_1st_base,,,https://www.sportscardspro.com/game/baseball-cards-2023-bowman-chrome-prospect-autographs/dominic-canzone-cpa-dc,
Edouard Julien,666397,2023,chrome,hitter,bowman_1st_base,baseball-cards-2023-bowman-chrome-prospects,https://www.sportscardspro.com/game/baseball-cards-2023-bowman-chrome-prospects/edouard-julien-bcp-82,https://www.sportscardspro.com/game/baseball-cards-2023-bowman-chrome-prospect-autographs/edouard-julien-cpa-ej,
Ethan Salas,806956,2023,chrome,hitter,bowman_1st_base,baseball-cards-2023-bowman-chrome-prospects,https://www.sportscardspro.com/game/baseball-cards-2023-bowman-chrome-prospects/ethan-salas-bcp-171,https://www.sportscardspro.com/game/baseball-cards-2023-bowman-chrome-prospect-autographs/ethan-salas-cpa-ess,
Gabriel Gonzalez,694224,2023,chrome,hitter,bowman_1st_base,baseball-cards-2023-bowman-chrome-prospects,https://www.sportscardspro.com/game/baseball-cards-2023-bowman-chrome-prospects/gabriel-gonzalez-bcp-133,https://www.sportscardspro.com/game/baseball-cards-2023-bowman-chrome-prospect-autographs/gabriel-gonzalez-cpa-gg,
Gordon Graceffo,700669,2023,chrome,pitcher,bowman_1st_base,,,https://www.sportscardspro.com/game/baseball-cards-2023-bowman-chrome-prospect-autographs/gordon-graceffo-cpa-ggo,
Grant Taylor,691799,2023,draft,pitcher,bowman_1st_base,baseball-cards-2023-bowman-draft-chrome,https://www.sportscardspro.com/game/baseball-cards-2023-bowman-draft-chrome/grant-taylor-bdc-8,https://www.sportscardspro.com/game/baseball-cards-2023-bowman-draft-chrome-prospect-autographs/grant-taylor-cda-gt,
Hayden Juenger,696522,2023,chrome,pitcher,bowman_1st_base,,,https://www.sportscardspro.com/game/baseball-cards-2023-bowman-chrome-prospect-autographs/hayden-juenger-cpa-hj,
Hector Rodriguez,699302,2023,chrome,hitter,bowman_1st_base,baseball-cards-2023-bowman-chrome-prospects,https://www.sportscardspro.com/game/baseball-cards-2023-bowman-chrome-prospects/hector-rodriguez-bcp-95,https://www.sportscardspro.com/game/baseball-cards-2023-bowman-chrome-prospect-autographs/hector-rodriguez-cpa-hro,
Henry Ramos,592656,2023,chrome,hitter,bowman_1st_base,baseball-cards-2023-bowman-chrome-prospects,https://www.sportscardspro.com/game/baseball-cards-2023-bowman-chrome-prospects/henry-ramos-bcp-96,https://www.sportscardspro.com/game/baseball-cards-2023-bowman-chrome-prospect-autographs/henry-ramos-cpa-hr,
Hurston Waldrep,694462,2023,draft,pitcher,bowman_1st_base,baseball-cards-2023-bowman-draft-chrome,https://www.sportscardspro.com/game/baseball-cards-2023-bowman-draft-chrome/hurston-waldrep-bdc-114,https://www.sportscardspro.com/game/baseball-cards-2023-bowman-draft-chrome-prospect-autographs/hurston-waldrep-cda-hwa,
Jacob Gonzalez,694378,2023,draft,hitter,bowman_1st_base,baseball-cards-2023-bowman-draft-chrome,https://www.sportscardspro.com/game/baseball-cards-2023-bowman-draft-chrome/jacob-gonzalez-bdc-167,https://www.sportscardspro.com/game/baseball-cards-2023-bowman-draft-chrome-prospect-autographs/jacob-gonzalez-cda-jgo,
Jacob Melton,689200,2023,chrome,hitter,bowman_1st_base,baseball-cards-2023-bowman-chrome-prospects,https://www.sportscardspro.com/game/baseball-cards-2023-bowman-chrome-prospects/jacob-melton-bcp-196,https://www.sportscardspro.com/game/baseball-cards-2023-bowman-chrome-prospect-autographs/jacob-melton-cpa-jml,
Jacob Wilson,805779,2023,draft,hitter,bowman_1st_base,baseball-cards-2023-bowman-draft-chrome,https://www.sportscardspro.com/game/baseball-cards-2023-bowman-draft-chrome/jacob-wilson-bdc-121,https://www.sportscardspro.com/game/baseball-cards-2023-bowman-draft-chrome-prospect-autographs/jacob-wilson-cda-jwi,
Jase Bowen,687749,2023,chrome,hitter,bowman_1st_base,baseball-cards-2023-bowman-chrome-prospects,https://www.sportscardspro.com/game/baseball-cards-2023-bowman-chrome-prospects/jase-bowen-bcp-146,https://www.sportscardspro.com/game/baseball-cards-2023-bowman-chrome-prospect-autographs/jase-bowen-cpa-jbn,
Javier Sanoja,691594,2023,chrome,hitter,bowman_1st_base,,,https://www.sportscardspro.com/game/baseball-cards-2023-bowman-chrome-prospect-autographs/javier-sanoja-cpa-jsj,
Joey Estes,683155,2023,chrome,pitcher,bowman_1st_base,,,https://www.sportscardspro.com/game/baseball-cards-2023-bowman-chrome-prospect-autographs/joey-estes-cpa-je,
Joey Ortiz,687401,2023,chrome,hitter,bowman_1st_base,,,https://www.sportscardspro.com/game/baseball-cards-2023-bowman-chrome-prospect-autographs/joey-ortiz-cpa-jor,
Jonah Cox,813841,2023,draft,hitter,bowman_1st_base,baseball-cards-2023-bowman-draft-chrome,https://www.sportscardspro.com/game/baseball-cards-2023-bowman-draft-chrome/jonah-cox-bdc-135,https://www.sportscardspro.com/game/baseball-cards-2023-bowman-draft-chrome-prospect-autographs/jonah-cox-cda-jco,
Josue De Paula,800543,2023,chrome,hitter,bowman_1st_base,baseball-cards-2023-bowman-chrome-prospects,https://www.sportscardspro.com/game/baseball-cards-2023-bowman-chrome-prospects/josue-de-paula-bcp-111,https://www.sportscardspro.com/game/baseball-cards-2023-bowman-chrome-prospect-autographs/josue-de-paula-cpa-jde,
Juan Brito,682877,2023,chrome,hitter,bowman_1st_base,baseball-cards-2023-bowman-chrome-prospects,https://www.sportscardspro.com/game/baseball-cards-2023-bowman-chrome-prospects/juan-brito-bcp-77,https://www.sportscardspro.com/game/baseball-cards-2023-bowman-chrome-prospect-autographs/juan-brito-cpa-jbo,
Junior Caminero,691406,2023,chrome,hitter,bowman_1st_base,baseball-cards-2023-bowman-chrome-prospects,https://www.sportscardspro.com/game/baseball-cards-2023-bowman-chrome-prospects/junior-caminero-bcp-61,https://www.sportscardspro.com/game/baseball-cards-2023-bowman-chrome-prospect-autographs/junior-caminero-cpa-jcr,
Justin Crawford,702222,2023,chrome,hitter,bowman_1st_base,baseball-cards-2023-bowman-chrome-prospects,https://www.sportscardspro.com/game/baseball-cards-2023-bowman-chrome-prospects/justin-crawford-bcp-3,https://www.sportscardspro.com/game/baseball-cards-2023-bowman-chrome-prospect-autographs/justin-crawford-cpa-jc,
Kenedy Corona,685744,2023,chrome,hitter,bowman_1st_base,baseball-cards-2023-bowman-chrome-prospects,https://www.sportscardspro.com/game/baseball-cards-2023-bowman-chrome-prospects/kenedy-corona-bcp-148,https://www.sportscardspro.com/game/baseball-cards-2023-bowman-chrome-prospect-autographs/kenedy-corona-cpa-kc,
Kristian Campbell,692225,2023,draft,hitter,bowman_1st_base,baseball-cards-2023-bowman-draft-chrome,https://www.sportscardspro.com/game/baseball-cards-2023-bowman-draft-chrome/kristian-campbell-bdc-125,https://www.sportscardspro.com/game/baseball-cards-2023-bowman-draft-chrome-prospect-autographs/kristian-campbell-cda-kca,
Kyle Harrison,690986,2023,chrome,pitcher,bowman_1st_base,baseball-cards-2023-bowman-chrome-prospects,https://www.sportscardspro.com/game/baseball-cards-2023-bowman-chrome-prospects/kyle-harrison-bcp-93,https://www.sportscardspro.com/game/baseball-cards-2023-bowman-chrome-prospect-autographs/kyle-harrison-cpa-kh,
Kyler Fedko,693459,2023,chrome,hitter,bowman_1st_base,,,https://www.sportscardspro.com/game/baseball-cards-2023-bowman-chrome-prospect-autographs/kyler-fedko-cpa-kf,
Lazaro Montes,703155,2023,chrome,hitter,bowman_1st_base,baseball-cards-2023-bowman-chrome-prospects,https://www.sportscardspro.com/game/baseball-cards-2023-bowman-chrome-prospects/lazaro-montes-bcp-233,https://www.sportscardspro.com/game/baseball-cards-2023-bowman-chrome-prospect-autographs/lazaro-montes-cpa-lm,
Luis Lara,800325,2023,chrome,hitter,bowman_1st_base,baseball-cards-2023-bowman-chrome-prospects,https://www.sportscardspro.com/game/baseball-cards-2023-bowman-chrome-prospects/luis-lara-bcp-100,https://www.sportscardspro.com/game/baseball-cards-2023-bowman-chrome-prospect-autographs/luis-lara-cpa-ll,
Luis Perales,691384,2023,chrome,pitcher,bowman_1st_base,,,https://www.sportscardspro.com/game/baseball-cards-2023-bowman-chrome-prospect-autographs/luis-perales-cpa-lp,
Luke Keaschall,807712,2023,draft,hitter,bowman_1st_base,baseball-cards-2023-bowman-draft-chrome,https://www.sportscardspro.com/game/baseball-cards-2023-bowman-draft-chrome/luke-keaschall-bdc-53,https://www.sportscardspro.com/game/baseball-cards-2023-bowman-draft-chrome-prospect-autographs/luke-keaschall-cda-lk,
Matt Mervis,670223,2023,chrome,hitter,bowman_1st_base,baseball-cards-2023-bowman-chrome-prospects,https://www.sportscardspro.com/game/baseball-cards-2023-bowman-chrome-prospects/matt-mervis-bcp-74,https://www.sportscardspro.com/game/baseball-cards-2023-bowman-chrome-prospect-autographs/matt-mervis-cpa-mm,
Matt Shaw,807713,2023,draft,hitter,bowman_1st_base,baseball-cards-2023-bowman-draft-chrome,https://www.sportscardspro.com/game/baseball-cards-2023-bowman-draft-chrome/matt-shaw-bdc-33,https://www.sportscardspro.com/game/baseball-cards-2023-bowman-draft-chrome-prospect-autographs/matt-shaw-cda-ms,
Max Clark,703601,2023,draft,hitter,bowman_1st_base,baseball-cards-2023-bowman-draft-chrome,https://www.sportscardspro.com/game/baseball-cards-2023-bowman-draft-chrome/max-clark-bdc-76,https://www.sportscardspro.com/game/baseball-cards-2023-bowman-draft-chrome-prospect-autographs/max-clark-cda-mc,
Michael Arroyo,703197,2023,chrome,hitter,bowman_1st_base,baseball-cards-2023-bowman-chrome-prospects,https://www.sportscardspro.com/game/baseball-cards-2023-bowman-chrome-prospects/michael-arroyo-bcp-180,https://www.sportscardspro.com/game/baseball-cards-2023-bowman-chrome-prospect-autographs/michael-arroyo-cpa-ma,
Moises Ballesteros,694208,2023,chrome,hitter,bowman_1st_base,baseball-cards-2023-bowman-chrome-prospects,https://www.sportscardspro.com/game/baseball-cards-2023-bowman-chrome-prospects/moises-ballesteros-bcp-11,https://www.sportscardspro.com/game/baseball-cards-2023-bowman-chrome-prospect-autographs/moises-ballesteros-cpa-mbs,
Nick Morabito,703492,2023,chrome,hitter,bowman_1st_base,,,https://www.sportscardspro.com/game/baseball-cards-2023-bowman-chrome-prospect-autographs/nick-morabito-cpa-nm,
Nolan McLean,690997,2023,draft,pitcher,bowman_1st_base,baseball-cards-2023-bowman-draft-chrome,https://www.sportscardspro.com/game/baseball-cards-2023-bowman-draft-chrome/nolan-mclean-bdc-96,https://www.sportscardspro.com/game/baseball-cards-2023-bowman-draft-chrome-prospect-autographs/nolan-mclean-cda-nm,
Paul Skenes,694973,2023,draft,pitcher,bowman_1st_base,baseball-cards-2023-bowman-draft-chrome,https://www.sportscardspro.com/game/baseball-cards-2023-bowman-draft-chrome/paul-skenes-bdc-14,https://www.sportscardspro.com/game/baseball-cards-2023-bowman-draft-chrome-prospect-autographs/paul-skenes-cda-ps,
Pedro Ramirez,699393,2023,chrome,hitter,bowman_1st_base,baseball-cards-2023-bowman-chrome-prospects,https://www.sportscardspro.com/game/baseball-cards-2023-bowman-chrome-prospects/pedro-ramirez-bcp-2,https://www.sportscardspro.com/game/baseball-cards-2023-bowman-chrome-prospect-autographs/pedro-ramirez-cpa-pr,
Prelander Berroa,672860,2023,chrome,pitcher,bowman_1st_base,,,https://www.sportscardspro.com/game/baseball-cards-2023-bowman-chrome-prospect-autographs/prelander-berroa-cpa-pb,
Rhett Lowder,695076,2023,draft,pitcher,bowman_1st_base,baseball-cards-2023-bowman-draft-chrome,https://www.sportscardspro.com/game/baseball-cards-2023-bowman-draft-chrome/rhett-lowder-bdc-52,https://www.sportscardspro.com/game/baseball-cards-2023-bowman-draft-chrome-prospect-autographs/rhett-lowder-cda-rlo,
Roman Anthony,701350,2023,chrome,hitter,bowman_1st_base,baseball-cards-2023-bowman-chrome-prospects,https://www.sportscardspro.com/game/baseball-cards-2023-bowman-chrome-prospects/roman-anthony-bcp-71,https://www.sportscardspro.com/game/baseball-cards-2023-bowman-chrome-prospect-autographs/roman-anthony-cpa-ra,
Ronny Simon,682927,2023,chrome,hitter,bowman_1st_base,baseball-cards-2023-bowman-chrome-prospects,https://www.sportscardspro.com/game/baseball-cards-2023-bowman-chrome-prospects/ronny-simon-bcp-112,https://www.sportscardspro.com/game/baseball-cards-2023-bowman-chrome-prospect-autographs/ronny-simon-cpa-rs,
Samuel Basallo,694212,2023,chrome,hitter,bowman_1st_base,baseball-cards-2023-bowman-draft-chrome,https://www.sportscardspro.com/game/baseball-cards-2023-bowman-draft-chrome/samuel-basallo-bdc-179,https://www.sportscardspro.com/game/baseball-cards-2023-bowman-chrome-prospect-autographs/samuel-basallo-cpa-sb,
Sean Sullivan,807743,2023,draft,pitcher,bowman_1st_base,baseball-cards-2023-bowman-draft-chrome,https://www.sportscardspro.com/game/baseball-cards-2023-bowman-draft-chrome/sean-sullivan-bdc-88,https://www.sportscardspro.com/game/baseball-cards-2023-bowman-draft-chrome-prospect-autographs/sean-sullivan-cda-ss,
Shay Whitcomb,694376,2023,chrome,hitter,bowman_1st_base,,,https://www.sportscardspro.com/game/baseball-cards-2023-bowman-chrome-prospect-autographs/shay-whitcomb-cpa-sw,
Spencer Jones,682987,2023,chrome,hitter,bowman_1st_base,baseball-cards-2023-bowman-chrome-prospects,https://www.sportscardspro.com/game/baseball-cards-2023-bowman-chrome-prospects/spencer-jones-bcp-139,https://www.sportscardspro.com/game/baseball-cards-2023-bowman-chrome-prospect-autographs/spencer-jones-cpa-sj,
Tim Tawa,694374,2023,chrome,hitter,bowman_1st_base,,,https://www.sportscardspro.com/game/baseball-cards-2023-bowman-chrome-prospect-autographs/tim-tawa-cpa-tt,
Tommy Troy,694371,2023,draft,hitter,bowman_1st_base,baseball-cards-2023-bowman-draft-chrome,https://www.sportscardspro.com/game/baseball-cards-2023-bowman-draft-chrome/tommy-troy-bdc-103,https://www.sportscardspro.com/game/baseball-cards-2023-bowman-draft-chrome-prospect-autographs/tommy-troy-cda-tt,
Troy Johnston,687859,2023,chrome,hitter,bowman_1st_base,,,https://www.sportscardspro.com/game/baseball-cards-2023-bowman-chrome-prospect-autographs/troy-johnston-cpa-tjn,
Wikelman Gonzalez,682790,2023,chrome,pitcher,bowman_1st_base,,,https://www.sportscardspro.com/game/baseball-cards-2023-bowman-chrome-prospect-autographs/wikelman-gonzalez-cpa-wg,
Will Warren,701542,2023,chrome,pitcher,bowman_1st_base,,,https://www.sportscardspro.com/game/baseball-cards-2023-bowman-chrome-prospect-autographs/will-warren-cpa-ww,
Wilmer Flores,527038,2023,chrome,hitter,bowman_1st_base,,,https://www.sportscardspro.com/game/baseball-cards-2023-bowman-chrome-prospect-autographs/wilmer-flores-cpa-wf,
Wilyer Abreu,677800,2023,chrome,hitter,bowman_1st_base,,,https://www.sportscardspro.com/game/baseball-cards-2023-bowman-chrome-prospect-autographs/wilyer-abreu-cpa-wa,
Wyatt Langford,694671,2023,draft,hitter,bowman_1st_base,baseball-cards-2023-bowman-draft-chrome,https://www.sportscardspro.com/game/baseball-cards-2023-bowman-draft-chrome/wyatt-langford-bdc-106,https://www.sportscardspro.com/game/baseball-cards-2023-bowman-draft-chrome-prospect-autographs/wyatt-langford-cda-wl,
Yosver Zulueta,691172,2023,chrome,pitcher,bowman_1st_base,,,https://www.sportscardspro.com/game/baseball-cards-2023-bowman-chrome-prospect-autographs/yosver-zulueta-cpa-yz,
Zack Gelof,680869,2023,chrome,hitter,bowman_1st_base,baseball-cards-2023-bowman-chrome-prospects,https://www.sportscardspro.com/game/baseball-cards-2023-bowman-chrome-prospects/zack-gelof-bcp-1,https://www.sportscardspro.com/game/baseball-cards-2023-bowman-chrome-prospect-autographs/zack-gelof-cpa-zg,
Abimelec Ortiz,694673,2024,chrome,hitter,bowman_1st_base,baseball-cards-2024-bowman-chrome-prospects,https://www.sportscardspro.com/game/baseball-cards-2024-bowman-chrome-prospects/abimelec-ortiz-bcp-16,https://www.sportscardspro.com/game/baseball-cards-2024-bowman-chrome-prospects-autograph/abimelec-ortiz-cpa-ao,
Agustin Ramirez,682663,2024,chrome,hitter,bowman_1st_base,baseball-cards-2024-bowman-chrome-prospects,https://www.sportscardspro.com/game/baseball-cards-2024-bowman-chrome-prospects/agustin-ramirez-bcp-85,https://www.sportscardspro.com/game/baseball-cards-2024-bowman-chrome-prospects-autograph/agustin-ramirez-cpa-ar,
Andrew Walters,689958,2024,chrome,pitcher,bowman_1st_base,,,https://www.sportscardspro.com/game/baseball-cards-2024-bowman-chrome-prospects-autograph/andrew-walters-cpa-aw,
Ben Williamson,810938,2024,chrome,hitter,bowman_1st_base,baseball-cards-2024-bowman-chrome-prospects,https://www.sportscardspro.com/game/baseball-cards-2024-bowman-chrome-prospects/ben-williamson-bcp-67,https://www.sportscardspro.com/game/baseball-cards-2024-bowman-chrome-prospects-autograph/ben-williamson-cpa-bwi,
Blake Dunn,694362,2024,chrome,hitter,bowman_1st_base,baseball-cards-2024-bowman-chrome-prospects,https://www.sportscardspro.com/game/baseball-cards-2024-bowman-chrome-prospects/blake-dunn-bcp-187,https://www.sportscardspro.com/game/baseball-cards-2024-bowman-chrome-prospects-autograph/blake-dunn-cpa-bd,
Braden Montgomery,695731,2024,draft,hitter,bowman_1st_base,baseball-cards-2025-bowman-draft-chrome,https://www.sportscardspro.com/game/baseball-cards-2025-bowman-draft-chrome/braden-montgomery-bdc-18,https://www.sportscardspro.com/game/baseball-cards-2024-bowman-draft-chrome-prospect-autograph/braden-montgomery-cpa-bm,
Brandon Sproat,687075,2024,chrome,pitcher,bowman_1st_base,,,https://www.sportscardspro.com/game/baseball-cards-2024-bowman-chrome-prospects-autograph/brandon-sproat-cpa-bs,
Brice Matthews,694728,2024,chrome,hitter,bowman_1st_base,baseball-cards-2024-bowman-chrome-prospects,https://www.sportscardspro.com/game/baseball-cards-2024-bowman-chrome-prospects/brice-matthews-bcp-69,https://www.sportscardspro.com/game/baseball-cards-2024-bowman-chrome-prospects-autograph/brice-matthews-cpa-bm,
Caleb Durbin,702332,2024,chrome,hitter,bowman_1st_base,baseball-cards-2024-bowman-chrome-prospects,https://www.sportscardspro.com/game/baseball-cards-2024-bowman-chrome-prospects/caleb-durbin-bcp-214,https://www.sportscardspro.com/game/baseball-cards-2024-bowman-chrome-prospects-autograph/caleb-durbin-cpa-cd,
Cam Smith,701358,2024,draft,hitter,bowman_1st_base,baseball-cards-2025-bowman-chrome-prospects,https://www.sportscardspro.com/game/baseball-cards-2025-bowman-chrome-prospects/cam-smith-bcp-48,https://www.sportscardspro.com/game/baseball-cards-2024-bowman-draft-chrome-prospect-autograph/cam-smith-cpa-cs,
Carson Benge,701807,2024,draft,hitter,bowman_1st_base,baseball-cards-2025-bowman-draft-chrome,https://www.sportscardspro.com/game/baseball-cards-2025-bowman-draft-chrome/carson-benge-bdc-138,https://www.sportscardspro.com/game/baseball-cards-2024-bowman-draft-chrome-prospect-autograph/carson-benge-cpa-cbg,
Carson Whisenhunt,687931,2024,chrome,pitcher,bowman_1st_base,baseball-cards-2024-bowman-chrome-prospects,https://www.sportscardspro.com/game/baseball-cards-2024-bowman-chrome-prospects/carson-whisenhunt-bcp-96,https://www.sportscardspro.com/game/baseball-cards-2024-bowman-chrome-prospects-autograph/carson-whisenhunt-cpa-cw,
Chase Burns,695505,2024,draft,pitcher,bowman_1st_base,baseball-cards-2025-bowman-chrome-prospects,https://www.sportscardspro.com/game/baseball-cards-2025-bowman-chrome-prospects/chase-burns-bcp-122,https://www.sportscardspro.com/game/baseball-cards-2024-bowman-draft-chrome-prospect-autograph/chase-burns-cpa-cb,
Christian Moore,695681,2024,draft,hitter,bowman_1st_base,baseball-cards-2025-bowman-chrome-prospects,https://www.sportscardspro.com/game/baseball-cards-2025-bowman-chrome-prospects/christian-moore-bcp-107,https://www.sportscardspro.com/game/baseball-cards-2024-bowman-draft-chrome-prospect-autograph/christian-moore-cpa-cm,
Cooper Pratt,806198,2024,chrome,hitter,bowman_1st_base,baseball-cards-2024-bowman-chrome-prospects,https://www.sportscardspro.com/game/baseball-cards-2024-bowman-chrome-prospects/cooper-pratt-bcp-137,https://www.sportscardspro.com/game/baseball-cards-2024-bowman-chrome-prospects-autograph/cooper-pratt-cpa-cpr,
Daniel Susac,691740,2024,chrome,hitter,bowman_1st_base,baseball-cards-2024-bowman-chrome-prospects,https://www.sportscardspro.com/game/baseball-cards-2024-bowman-chrome-prospects/daniel-susac-bcp-42,https://www.sportscardspro.com/game/baseball-cards-2024-bowman-chrome-prospects-autograph/daniel-susac-cpa-ds,
Dylan Crews,686611,2024,chrome,hitter,bowman_1st_base,baseball-cards-2024-bowman-chrome-prospects,https://www.sportscardspro.com/game/baseball-cards-2024-bowman-chrome-prospects/dylan-crews-bcp-23,https://www.sportscardspro.com/game/baseball-cards-2024-bowman-chrome-prospects-autograph/dylan-crews-cpa-dc,
Emiliano Teodo,693713,2024,chrome,pitcher,bowman_1st_base,baseball-cards-2024-bowman-chrome-prospects,https://www.sportscardspro.com/game/baseball-cards-2024-bowman-chrome-prospects/emiliano-teodo-bcp-180,https://www.sportscardspro.com/game/baseball-cards-2024-bowman-chrome-prospects-autograph/emiliano-teodo-cpa-ete,
Esmerlyn Valdez,699013,2024,chrome,hitter,bowman_1st_base,baseball-cards-2025-bowman-draft-chrome,https://www.sportscardspro.com/game/baseball-cards-2025-bowman-draft-chrome/esmerlyn-valdez-bdc-110,https://www.sportscardspro.com/game/baseball-cards-2024-bowman-chrome-prospects-autograph/esmerlyn-valdez-cpa-ev,
Fernando Cruz,518585,2024,chrome,pitcher,bowman_1st_base,baseball-cards-2024-bowman-chrome-prospects,https://www.sportscardspro.com/game/baseball-cards-2024-bowman-chrome-prospects/fernando-cruz-bcp-197,https://www.sportscardspro.com/game/baseball-cards-2024-bowman-chrome-prospects-autograph/fernando-cruz-cpa-fc,
George Lombard Jr.,806146,2024,chrome,hitter,bowman_1st_base,baseball-cards-2024-bowman-chrome-prospects,https://www.sportscardspro.com/game/baseball-cards-2024-bowman-chrome-prospects/george-lombard-jr-bcp-79,https://www.sportscardspro.com/game/baseball-cards-2024-bowman-chrome-prospects-autograph/george-lombard-jr-cpa-glo,
Hagen Smith,696146,2024,draft,pitcher,bowman_1st_base,baseball-cards-2025-bowman-draft-chrome,https://www.sportscardspro.com/game/baseball-cards-2025-bowman-draft-chrome/hagen-smith-bdc-167,https://www.sportscardspro.com/game/baseball-cards-2024-bowman-draft-chrome-prospect-autograph/hagen-smith-cpa-hs,
Jac Caglianone,695506,2024,draft,hitter,bowman_1st_base,baseball-cards-2025-bowman-chrome-prospects,https://www.sportscardspro.com/game/baseball-cards-2025-bowman-chrome-prospects/jac-caglianone-bcp-103,https://www.sportscardspro.com/game/baseball-cards-2024-bowman-draft-chrome-prospect-autograph/jac-caglianone-cpa-jc,
Jake Bloss,814005,2024,chrome,pitcher,bowman_1st_base,baseball-cards-2024-bowman-chrome-prospects,https://www.sportscardspro.com/game/baseball-cards-2024-bowman-chrome-prospects/jake-bloss-bcp-189,https://www.sportscardspro.com/game/baseball-cards-2024-bowman-chrome-prospects-autograph/jake-bloss-cpa-jb,
Jared Serna,691858,2024,chrome,hitter,bowman_1st_base,baseball-cards-2024-bowman-chrome-prospects,https://www.sportscardspro.com/game/baseball-cards-2024-bowman-chrome-prospects/jared-serna-bcp-68,https://www.sportscardspro.com/game/baseball-cards-2024-bowman-chrome-prospects-autograph/jared-serna-cpa-js,
Jesus Rodriguez,683679,2024,chrome,hitter,bowman_1st_base,,,https://www.sportscardspro.com/game/baseball-cards-2024-bowman-chrome-prospects-autograph/jesus-rodriguez-cpa-jr,
Jose Fernandez,699912,2024,chrome,hitter,bowman_1st_base,,,https://www.sportscardspro.com/game/baseball-cards-2024-bowman-chrome-prospects-autograph/jose-fernandez-cpa-jf,
Justin Wrobleski,680736,2024,chrome,pitcher,bowman_1st_base,,,https://www.sportscardspro.com/game/baseball-cards-2024-bowman-chrome-prospects-autograph/justin-wrobleski-cpa-jwr,
Kaelen Culpepper,701785,2024,draft,hitter,bowman_1st_base,baseball-cards-2025-bowman-draft-chrome,https://www.sportscardspro.com/game/baseball-cards-2025-bowman-draft-chrome/kaelen-culpepper-bdc-120,https://www.sportscardspro.com/game/baseball-cards-2024-bowman-draft-chrome-prospect-autograph/kaelen-culpepper-cpa-kc,
Kendry Rojas,696070,2024,chrome,pitcher,bowman_1st_base,,,https://www.sportscardspro.com/game/baseball-cards-2024-bowman-chrome-prospects-autograph/kendry-rojas-cpa-kr,
Khristian Curtis,694753,2024,chrome,pitcher,bowman_1st_base,,,https://www.sportscardspro.com/game/baseball-cards-2024-bowman-chrome-prospects-autograph/khristian-curtis-cpa-kc,
Konnor Griffin,804606,2024,draft,hitter,bowman_1st_base,baseball-cards-2025-bowman-draft-chrome,https://www.sportscardspro.com/game/baseball-cards-2025-bowman-draft-chrome/konnor-griffin-bdc-102,https://www.sportscardspro.com/game/baseball-cards-2024-bowman-draft-chrome-prospect-autograph/konnor-griffin-cpa-kg,
Kyle Teel,691019,2024,chrome,hitter,bowman_1st_base,baseball-cards-2024-bowman-chrome-prospects,https://www.sportscardspro.com/game/baseball-cards-2024-bowman-chrome-prospects/kyle-teel-bcp-178,https://www.sportscardspro.com/game/baseball-cards-2024-bowman-chrome-prospects-autograph/kyle-teel-cpa-kt,
Luinder Avila,679883,2024,chrome,pitcher,bowman_1st_base,,,https://www.sportscardspro.com/game/baseball-cards-2024-bowman-chrome-prospects-autograph/luinder-avila-cpa-laa,
Luis De Leon,801725,2024,chrome,pitcher,bowman_1st_base,,,https://www.sportscardspro.com/game/baseball-cards-2024-bowman-chrome-prospects-autograph/luis-de-leon-cpa-ldl,
Luis Guerrero,692285,2024,chrome,pitcher,bowman_1st_base,,,https://www.sportscardspro.com/game/baseball-cards-2024-bowman-chrome-prospects-autograph/luis-guerrero-cpa-lg,
Luis Morales,806960,2024,chrome,pitcher,bowman_1st_base,baseball-cards-2024-bowman-chrome-prospects,https://www.sportscardspro.com/game/baseball-cards-2024-bowman-chrome-prospects/luis-morales-bcp-157,https://www.sportscardspro.com/game/baseball-cards-2024-bowman-chrome-prospects-autograph/luis-morales-cpa-lm,
Naoyuki Uwasawa,683822,2024,chrome,pitcher,bowman_1st_base,baseball-cards-2024-bowman-chrome-prospects,https://www.sportscardspro.com/game/baseball-cards-2024-bowman-chrome-prospects/naoyuki-uwasawa-bcp-171,https://www.sportscardspro.com/game/baseball-cards-2024-bowman-chrome-prospects-autograph/naoyuki-uwasawa-cpa-nu,
Nick Kurtz,701762,2024,draft,hitter,bowman_1st_base,baseball-cards-2025-bowman-chrome-prospects,https://www.sportscardspro.com/game/baseball-cards-2025-bowman-chrome-prospects/nick-kurtz-bcp-114,https://www.sportscardspro.com/game/baseball-cards-2024-bowman-draft-chrome-prospect-autograph/nick-kurtz-cpa-nk,
Payton Tolle,801139,2024,draft,pitcher,bowman_1st_base,,,https://www.sportscardspro.com/game/baseball-cards-2024-bowman-draft-chrome-prospect-autograph/payton-tolle-cpa-pt,
Rhylan Thomas,689041,2024,chrome,hitter,bowman_1st_base,baseball-cards-2024-bowman-chrome-prospects,https://www.sportscardspro.com/game/baseball-cards-2024-bowman-chrome-prospects/rhylan-thomas-bcp-217,https://www.sportscardspro.com/game/baseball-cards-2024-bowman-chrome-prospects-autograph/rhylan-thomas-cpa-rth,
Rikuu Nishida,807747,2024,chrome,hitter,bowman_1st_base,baseball-cards-2024-bowman-chrome-prospects,https://www.sportscardspro.com/game/baseball-cards-2024-bowman-chrome-prospects/rikuu-nishida-bcp-188,https://www.sportscardspro.com/game/baseball-cards-2024-bowman-chrome-prospects-autograph/rikuu-nishida-cpa-rn,
Ryan Johnson,696270,2024,draft,pitcher,bowman_1st_base,,,https://www.sportscardspro.com/game/baseball-cards-2024-bowman-draft-chrome-prospect-autograph/ryan-johnson-cpa-rj,
Ryan Waldschmidt,814439,2024,draft,hitter,bowman_1st_base,baseball-cards-2025-bowman-draft-chrome,https://www.sportscardspro.com/game/baseball-cards-2025-bowman-draft-chrome/ryan-waldschmidt-bdc-41,https://www.sportscardspro.com/game/baseball-cards-2024-bowman-draft-chrome-prospect-autograph/ryan-waldschmidt-cpa-rw,
Sam Antonacci,803011,2024,draft,hitter,bowman_1st_base,,,https://www.sportscardspro.com/game/baseball-cards-2024-bowman-draft-chrome-prospect-autograph/sam-antonacci-cpa-sa,
Travis Bazzana,683953,2024,draft,hitter,bowman_1st_base,baseball-cards-2025-bowman-draft-chrome,https://www.sportscardspro.com/game/baseball-cards-2025-bowman-draft-chrome/travis-bazzana-bdc-49,https://www.sportscardspro.com/game/baseball-cards-2024-bowman-draft-chrome-prospect-autograph/travis-bazzana-cpa-tb,
Trey Yesavage,702056,2024,draft,pitcher,bowman_1st_base,,,https://www.sportscardspro.com/game/baseball-cards-2024-bowman-draft-chrome-prospect-autograph/trey-yesavage-cpa-ty,
Ty Madden,680744,2024,chrome,pitcher,bowman_1st_base,,,https://www.sportscardspro.com/game/baseball-cards-2024-bowman-chrome-prospects-autograph/ty-madden-cpa-tm,
Walker Jenkins,805805,2024,chrome,hitter,bowman_1st_base,baseball-cards-2024-bowman-chrome-prospects,https://www.sportscardspro.com/game/baseball-cards-2024-bowman-chrome-prospects/walker-jenkins-bcp-43,https://www.sportscardspro.com/game/baseball-cards-2024-bowman-chrome-prospects-autograph/walker-jenkins-cpa-wj,
Yohandy Morales,691002,2024,chrome,hitter,bowman_1st_base,baseball-cards-2024-bowman-chrome-prospects,https://www.sportscardspro.com/game/baseball-cards-2024-bowman-chrome-prospects/yohandy-morales-bcp-52,https://www.sportscardspro.com/game/baseball-cards-2024-bowman-chrome-prospects-autograph/yohandy-morales-cpa-ym,
Zach Dezenzo,701305,2024,chrome,hitter,bowman_1st_base,baseball-cards-2024-bowman-chrome-prospects,https://www.sportscardspro.com/game/baseball-cards-2024-bowman-chrome-prospects/zach-dezenzo-bcp-161,https://www.sportscardspro.com/game/baseball-cards-2024-bowman-chrome-prospects-autograph/zach-dezenzo-cpa-zd,
Andrew Morris,702193,2025,chrome,pitcher,bowman_1st_base,baseball-cards-2025-bowman-chrome-prospects,https://www.sportscardspro.com/game/baseball-cards-2025-bowman-chrome-prospects/andrew-morris-bcp-90,https://www.sportscardspro.com/game/baseball-cards-2025-bowman-chrome-prospect-autograph/andrew-morris-cpa-amo,
Brett Bateman,703520,2025,chrome,hitter,bowman_1st_base,baseball-cards-2025-bowman-chrome-prospects,https://www.sportscardspro.com/game/baseball-cards-2025-bowman-chrome-prospects/brett-bateman-bcp-226,https://www.sportscardspro.com/game/baseball-cards-2025-bowman-chrome-prospect-autograph/brett-bateman-cpa-bba,
Brody Hopkins,811315,2025,chrome,pitcher,bowman_1st_base,,,https://www.sportscardspro.com/game/baseball-cards-2025-bowman-chrome-prospect-autograph/brody-hopkins-cpa-bh,
Cade Smith,671922,2025,chrome,pitcher,bowman_1st_base,,,https://www.sportscardspro.com/game/baseball-cards-2025-bowman-chrome-prospect-autograph/cade-smith-cpa-cs,
Cam Schlittler,693645,2025,chrome,pitcher,bowman_1st_base,baseball-cards-2025-bowman-chrome-prospects,https://www.sportscardspro.com/game/baseball-cards-2025-bowman-chrome-prospects/cam-schlittler-bcp-166,https://www.sportscardspro.com/game/baseball-cards-2025-bowman-chrome-prospect-autograph/cam-schlittler-cpa-csc,
Charles McAdoo,807727,2025,chrome,hitter,bowman_1st_base,baseball-cards-2025-bowman-chrome-prospects,https://www.sportscardspro.com/game/baseball-cards-2025-bowman-chrome-prospects/charles-mcadoo-bcp-150,https://www.sportscardspro.com/game/baseball-cards-2025-bowman-chrome-prospect-autograph/charles-mcadoo-cpa-cma,
Chase Dollander,801403,2025,chrome,pitcher,bowman_1st_base,,,https://www.sportscardspro.com/game/baseball-cards-2025-bowman-chrome-prospect-autograph/chase-dollander-cpa-cd,
Cody Freeman,683227,2025,chrome,hitter,bowman_1st_base,baseball-cards-2025-bowman-chrome-prospects,https://www.sportscardspro.com/game/baseball-cards-2025-bowman-chrome-prospects/cody-freeman-bcp-112,https://www.sportscardspro.com/game/baseball-cards-2025-bowman-chrome-prospect-autograph/cody-freeman-cpa-cfr,
David Sandlin,689818,2025,chrome,pitcher,bowman_1st_base,baseball-cards-2025-bowman-chrome-prospects,https://www.sportscardspro.com/game/baseball-cards-2025-bowman-chrome-prospects/david-sandlin-bcp-195,https://www.sportscardspro.com/game/baseball-cards-2025-bowman-chrome-prospect-autograph/david-sandlin-cpa-dsa,
Didier Fuentes,800311,2025,chrome,pitcher,bowman_1st_base,baseball-cards-2025-bowman-chrome-prospects,https://www.sportscardspro.com/game/baseball-cards-2025-bowman-chrome-prospects/didier-fuentes-bcp-87,https://www.sportscardspro.com/game/baseball-cards-2025-bowman-chrome-prospect-autograph/didier-fuentes-cpa-dfu,
Ethan Pecko,814490,2025,chrome,pitcher,bowman_1st_base,,,https://www.sportscardspro.com/game/baseball-cards-2025-bowman-chrome-prospect-autograph/ethan-pecko-cpa-epe,
George Klassen,691946,2025,chrome,pitcher,bowman_1st_base,baseball-cards-2025-bowman-chrome-prospects,https://www.sportscardspro.com/game/baseball-cards-2025-bowman-chrome-prospects/george-klassen-bcp-63,https://www.sportscardspro.com/game/baseball-cards-2025-bowman-chrome-prospect-autograph/george-klassen-cpa-gk,
JJ Wetherholt,802139,2025,chrome,hitter,bowman_1st_base,baseball-cards-2025-bowman-chrome-prospects,https://www.sportscardspro.com/game/baseball-cards-2025-bowman-chrome-prospects/jj-wetherholt-bcp-22,https://www.sportscardspro.com/game/baseball-cards-2025-bowman-chrome-prospect-autograph/jj-wetherholt-cpa-jw,
Jhostynxon Garcia,691373,2025,chrome,hitter,bowman_1st_base,baseball-cards-2025-bowman-chrome-prospects,https://www.sportscardspro.com/game/baseball-cards-2025-bowman-chrome-prospects/jhostynxon-garcia-bcp-43,https://www.sportscardspro.com/game/baseball-cards-2025-bowman-chrome-prospect-autograph/jhostynxon-garcia-cpa-jga,
Jonah Tong,804636,2025,chrome,pitcher,bowman_1st_base,baseball-cards-2025-bowman-chrome-prospects,https://www.sportscardspro.com/game/baseball-cards-2025-bowman-chrome-prospects/jonah-tong-bcp-105,https://www.sportscardspro.com/game/baseball-cards-2025-bowman-chrome-prospect-autograph/jonah-tong-cpa-jto,
Kade Anderson,807739,2025,draft,pitcher,bowman_1st_base,baseball-cards-2025-bowman-draft-chrome,https://www.sportscardspro.com/game/baseball-cards-2025-bowman-draft-chrome/kade-anderson-bdc-3,https://www.sportscardspro.com/game/baseball-cards-2025-bowman-draft-chrome-prospect-autograph/kade-anderson-cpa-ka,
Kevin McGonigle,805808,2025,chrome,hitter,bowman_1st_base,baseball-cards-2025-bowman-chrome-prospects,https://www.sportscardspro.com/game/baseball-cards-2025-bowman-chrome-prospects/kevin-mcgonigle-bcp-79,https://www.sportscardspro.com/game/baseball-cards-2025-bowman-chrome-prospect-autograph/kevin-mcgonigle-cpa-km,
Kyle Karros,691720,2025,chrome,hitter,bowman_1st_base,,,https://www.sportscardspro.com/game/baseball-cards-2025-bowman-chrome-prospect-autograph/kyle-karros-cpa-kk,
Matt Wilkinson,683363,2025,chrome,pitcher,bowman_1st_base,baseball-cards-2025-bowman-chrome-prospects,https://www.sportscardspro.com/game/baseball-cards-2025-bowman-chrome-prospects/matt-wilkinson-bcp-145,https://www.sportscardspro.com/game/baseball-cards-2025-bowman-chrome-prospect-autograph/matt-wilkinson-cpa-mw,
Miguel Ullola,699044,2025,chrome,pitcher,bowman_1st_base,,,https://www.sportscardspro.com/game/baseball-cards-2025-bowman-chrome-prospect-autograph/miguel-ullola-cpa-mu,
Mike Vasil,678024,2025,chrome,pitcher,bowman_1st_base,,,https://www.sportscardspro.com/game/baseball-cards-2025-bowman-chrome-prospect-autograph/mike-vasil-cpa-mv,
Nathan Church,701675,2025,chrome,hitter,bowman_1st_base,baseball-cards-2025-bowman-chrome-prospects,https://www.sportscardspro.com/game/baseball-cards-2025-bowman-chrome-prospects/nathan-church-bcp-192,https://www.sportscardspro.com/game/baseball-cards-2025-bowman-chrome-prospect-autograph/nathan-church-cpa-nch,
Quinn Mathews,687273,2025,chrome,pitcher,bowman_1st_base,baseball-cards-2025-bowman-chrome-prospects,https://www.sportscardspro.com/game/baseball-cards-2025-bowman-chrome-prospects/quinn-mathews-bcp-25,https://www.sportscardspro.com/game/baseball-cards-2025-bowman-chrome-prospect-autograph/quinn-mathews-cpa-qm,
Sean Keys,815873,2025,chrome,hitter,bowman_1st_base,baseball-cards-2025-bowman-chrome-prospects,https://www.sportscardspro.com/game/baseball-cards-2025-bowman-chrome-prospects/sean-keys-bcp-89,https://www.sportscardspro.com/game/baseball-cards-2025-bowman-chrome-prospect-autograph/sean-keys-cpa-sk,
Tommy White,695720,2025,chrome,hitter,bowman_1st_base,baseball-cards-2025-bowman-chrome-prospects,https://www.sportscardspro.com/game/baseball-cards-2025-bowman-chrome-prospects/tommy-white-bcp-251,https://www.sportscardspro.com/game/baseball-cards-2025-bowman-chrome-prospect-autograph/tommy-white-cpa-twh,
Tsung-Che Cheng,691907,2025,chrome,hitter,bowman_1st_base,baseball-cards-2025-bowman-chrome-prospects,https://www.sportscardspro.com/game/baseball-cards-2025-bowman-chrome-prospects/tsung-che-cheng-bcp-95,https://www.sportscardspro.com/game/baseball-cards-2025-bowman-chrome-prospect-autograph/tsung-che-cheng-cpa-tc,
Winston Santos,692437,2025,chrome,pitcher,bowman_1st_base,baseball-cards-2025-bowman-chrome-prospects,https://www.sportscardspro.com/game/baseball-cards-2025-bowman-chrome-prospects/winston-santos-bcp-121,https://www.sportscardspro.com/game/baseball-cards-2025-bowman-chrome-prospect-autograph/winston-santos-cpa-ws,
Zach Cole,805904,2025,chrome,hitter,bowman_1st_base,baseball-cards-2025-bowman-chrome-prospects,https://www.sportscardspro.com/game/baseball-cards-2025-bowman-chrome-prospects/zach-cole-bcp-244,https://www.sportscardspro.com/game/baseball-cards-2025-bowman-chrome-prospect-autograph/zach-cole-cpa-zc,
Alex Young,622065,2015,draft,pitcher,bowman_1st_base,baseball-cards-2015-bowman-draft-chrome,https://www.sportscardspro.com/game/baseball-cards-2015-bowman-draft-chrome/alex-young-32,https://www.sportscardspro.com/game/baseball-cards-2015-bowman-chrome-draft-pick-autograph/alex-young-bca-ay,
Austin Riley,663586,2015,draft,hitter,bowman_1st_base,baseball-cards-2015-bowman-draft-chrome,https://www.sportscardspro.com/game/baseball-cards-2015-bowman-draft-chrome/austin-riley-157,https://www.sportscardspro.com/game/baseball-cards-2015-bowman-chrome-draft-pick-autograph/austin-riley-bca-ari,
Beau Burrows,663366,2015,draft,pitcher,bowman_1st_base,baseball-cards-2015-bowman-draft-chrome,https://www.sportscardspro.com/game/baseball-cards-2015-bowman-draft-chrome/beau-burrows-17,https://www.sportscardspro.com/game/baseball-cards-2015-bowman-chrome-draft-pick-autograph/beau-burrows-bca-bb,
Bobby Bradley,656252,2015,chrome,hitter,bowman_1st_base,baseball-cards-2015-bowman-chrome-prospects,https://www.sportscardspro.com/game/baseball-cards-2015-bowman-chrome-prospects/bobby-bradley-bcp181,https://www.sportscardspro.com/game/baseball-cards-2015-bowman-chrome-prospect-autograph/bobby-bradley-bcap-bb,
Brendan Rodgers,663898,2015,draft,hitter,bowman_1st_base,baseball-cards-2015-bowman-draft-chrome,https://www.sportscardspro.com/game/baseball-cards-2015-bowman-draft-chrome/brendan-rodgers-200,https://www.sportscardspro.com/game/baseball-cards-2015-bowman-chrome-draft-pick-autograph/brendan-rodgers-bca-br,
Brent Honeywell,641703,2015,chrome,pitcher,bowman_1st_base,baseball-cards-2016-bowman-chrome-prospects,https://www.sportscardspro.com/game/baseball-cards-2016-bowman-chrome-prospects/brent-honeywell-bcp-189,https://www.sportscardspro.com/game/baseball-cards-2015-bowman-chrome-prospect-autograph/brent-honeywell-bcap-bh,
Cody Ponce,664074,2015,draft,pitcher,bowman_1st_base,baseball-cards-2015-bowman-draft-chrome,https://www.sportscardspro.com/game/baseball-cards-2015-bowman-draft-chrome/cody-ponce-47,https://www.sportscardspro.com/game/baseball-cards-2015-bowman-chrome-draft-pick-autograph/cody-ponce-bca-cp,
Dermis Garcia,660650,2015,chrome,hitter,bowman_1st_base,baseball-cards-2015-bowman-chrome-prospects,https://www.sportscardspro.com/game/baseball-cards-2015-bowman-chrome-prospects/dermis-garcia-bcp13,https://www.sportscardspro.com/game/baseball-cards-2015-bowman-chrome-prospect-autograph/dermis-garcia-bcap-dg,
Dillon Tate,622253,2015,draft,pitcher,bowman_1st_base,baseball-cards-2015-bowman-draft-chrome,https://www.sportscardspro.com/game/baseball-cards-2015-bowman-draft-chrome/dillon-tate-50,https://www.sportscardspro.com/game/baseball-cards-2015-bowman-chrome-draft-pick-autograph/dillon-tate-bca-dt,
Fernando Perez,445010,2015,chrome,hitter,bowman_1st_base,baseball-cards-2015-bowman-chrome-prospects,https://www.sportscardspro.com/game/baseball-cards-2015-bowman-chrome-prospects/fernando-perez-bcp9,https://www.sportscardspro.com/game/baseball-cards-2015-bowman-chrome-prospect-autograph/fernando-perez-bcap-fp,
Jake Woodford,663765,2015,draft,pitcher,bowman_1st_base,baseball-cards-2015-bowman-draft-chrome,https://www.sportscardspro.com/game/baseball-cards-2015-bowman-draft-chrome/jake-woodford-187,https://www.sportscardspro.com/game/baseball-cards-2015-bowman-chrome-draft-pick-autograph/jake-woodford-bca-jw,
James Kaprielian,621076,2015,draft,pitcher,bowman_1st_base,baseball-cards-2015-bowman-draft-chrome,https://www.sportscardspro.com/game/baseball-cards-2015-bowman-draft-chrome/james-kaprielian-58,https://www.sportscardspro.com/game/baseball-cards-2015-bowman-chrome-draft-pick-autograph/james-kaprielian-bca-jk,
Josh Naylor,647304,2015,draft,hitter,bowman_1st_base,baseball-cards-2015-bowman-draft-chrome,https://www.sportscardspro.com/game/baseball-cards-2015-bowman-draft-chrome/josh-naylor-69,https://www.sportscardspro.com/game/baseball-cards-2015-bowman-chrome-draft-pick-autograph/josh-naylor-bca-jn,
Justin Steele,657006,2015,chrome,pitcher,bowman_1st_base,baseball-cards-2015-bowman-chrome-prospects,https://www.sportscardspro.com/game/baseball-cards-2015-bowman-chrome-prospects/justin-steele-bcp159,https://www.sportscardspro.com/game/baseball-cards-2015-bowman-chrome-prospect-autograph/justin-steele-bcap-js,
KE'Bryan Hayes,663647,2015,draft,hitter,bowman_1st_base,baseball-cards-2015-bowman-draft-chrome,https://www.sportscardspro.com/game/baseball-cards-2015-bowman-draft-chrome/ke%27bryan-hayes-137,https://www.sportscardspro.com/game/baseball-cards-2015-bowman-chrome-draft-pick-autograph/ke%27bryan-hayes-bca-kha,
Marcos Diplan,650959,2015,chrome,pitcher,bowman_1st_base,baseball-cards-2017-bowman-draft-chrome,https://www.sportscardspro.com/game/baseball-cards-2017-bowman-draft-chrome/marcos-diplan-bdc16,https://www.sportscardspro.com/game/baseball-cards-2015-bowman-chrome-prospect-autograph/marcos-diplan-bcap-md,
Mariano Rivera,121250,2015,draft,pitcher,bowman_1st_base,baseball-cards-2015-bowman-draft-chrome,https://www.sportscardspro.com/game/baseball-cards-2015-bowman-draft-chrome/mariano-rivera-114,https://www.sportscardspro.com/game/baseball-cards-2015-bowman-chrome-draft-pick-autograph/mariano-rivera-bca-mr,
Mike Yastrzemski,573262,2015,chrome,hitter,bowman_1st_base,baseball-cards-2015-bowman-chrome-prospects,https://www.sportscardspro.com/game/baseball-cards-2015-bowman-chrome-prospects/mike-yastrzemski-bcp138,https://www.sportscardspro.com/game/baseball-cards-2015-bowman-chrome-prospect-autograph/mike-yastrzemski-bcap-my,
Nick Neidert,663734,2015,draft,pitcher,bowman_1st_base,baseball-cards-2017-bowman-chrome-prospects,https://www.sportscardspro.com/game/baseball-cards-2017-bowman-chrome-prospects/nick-neidert-bcp-126,https://www.sportscardspro.com/game/baseball-cards-2015-bowman-chrome-draft-pick-autograph/nick-neidert-bca-nn,
Nick Plummer,663911,2015,draft,hitter,bowman_1st_base,baseball-cards-2015-bowman-draft-chrome,https://www.sportscardspro.com/game/baseball-cards-2015-bowman-draft-chrome/nick-plummer-151,https://www.sportscardspro.com/game/baseball-cards-2015-bowman-chrome-draft-pick-autograph/nick-plummer-bca-np,
Peter Lambert,663567,2015,draft,pitcher,bowman_1st_base,baseball-cards-2015-bowman-draft-chrome,https://www.sportscardspro.com/game/baseball-cards-2015-bowman-draft-chrome/peter-lambert-121,https://www.sportscardspro.com/game/baseball-cards-2015-bowman-chrome-draft-pick-autograph/peter-lambert-bca-pl,
Phil Bickford,641360,2015,draft,pitcher,bowman_1st_base,baseball-cards-2015-bowman-draft-chrome,https://www.sportscardspro.com/game/baseball-cards-2015-bowman-draft-chrome/phil-bickford-129,https://www.sportscardspro.com/game/baseball-cards-2015-bowman-chrome-draft-pick-autograph/phil-bickford-bca-pb,
Ryan Mountcastle,663624,2015,draft,hitter,bowman_1st_base,baseball-cards-2015-bowman-draft-chrome,https://www.sportscardspro.com/game/baseball-cards-2015-bowman-draft-chrome/ryan-mountcastle-80,https://www.sportscardspro.com/game/baseball-cards-2015-bowman-chrome-draft-pick-autograph/ryan-mountcastle-bca-rmo,
Sergio Alcantara,642727,2015,chrome,hitter,bowman_1st_base,,,https://www.sportscardspro.com/game/baseball-cards-2015-bowman-chrome-prospect-autograph/sergio-alcantara-bcap-sa,
Thomas Eshelman,664045,2015,draft,pitcher,bowman_1st_base,baseball-cards-2015-bowman-draft-chrome,https://www.sportscardspro.com/game/baseball-cards-2015-bowman-draft-chrome/thomas-eshelman-55,https://www.sportscardspro.com/game/baseball-cards-2015-bowman-chrome-draft-pick-autograph/thomas-eshelman-bca-te,
Tyler Jay,664079,2015,draft,pitcher,bowman_1st_base,baseball-cards-2015-bowman-draft-chrome,https://www.sportscardspro.com/game/baseball-cards-2015-bowman-draft-chrome/tyler-jay-136,https://www.sportscardspro.com/game/baseball-cards-2015-bowman-chrome-draft-pick-autograph/tyler-jay-bca-tj,
Tyler Nevin,663527,2015,draft,hitter,bowman_1st_base,baseball-cards-2015-bowman-draft-chrome,https://www.sportscardspro.com/game/baseball-cards-2015-bowman-draft-chrome/tyler-nevin-111,https://www.sportscardspro.com/game/baseball-cards-2015-bowman-chrome-draft-pick-autograph/tyler-nevin-bca-tn,
Tyler Stephenson,663886,2015,draft,hitter,bowman_1st_base,baseball-cards-2015-bowman-draft-chrome,https://www.sportscardspro.com/game/baseball-cards-2015-bowman-draft-chrome/tyler-stephenson-13,https://www.sportscardspro.com/game/baseball-cards-2015-bowman-chrome-draft-pick-autograph/tyler-stephenson-bca-ts,
Alex Kirilloff,666135,2016,draft,hitter,bowman_1st_base,baseball-cards-2017-bowman-chrome-prospects,https://www.sportscardspro.com/game/baseball-cards-2017-bowman-chrome-prospects/alex-kirilloff-bcp-102,https://www.sportscardspro.com/game/baseball-cards-2016-bowman-draft-chrome-picks-autographs/alex-kirilloff-cda-ak,
Ben Bowden,641386,2016,draft,pitcher,bowman_1st_base,,,https://www.sportscardspro.com/game/baseball-cards-2016-bowman-draft-chrome-picks-autographs/ben-bowden-cda-bb,
Bobby Dalbec,666915,2016,draft,hitter,bowman_1st_base,baseball-cards-2017-bowman-draft-chrome,https://www.sportscardspro.com/game/baseball-cards-2017-bowman-draft-chrome/bobby-dalbec-bdc155,https://www.sportscardspro.com/game/baseball-cards-2016-bowman-draft-chrome-picks-autographs/bobby-dalbec-cda-bd,
Braxton Garrett,666129,2016,draft,pitcher,bowman_1st_base,baseball-cards-2017-bowman-chrome-prospects,https://www.sportscardspro.com/game/baseball-cards-2017-bowman-chrome-prospects/braxton-garrett-bcp-33,https://www.sportscardspro.com/game/baseball-cards-2016-bowman-draft-chrome-picks-autographs/braxton-garrett-cda-bg,
Chris Okey,608360,2016,draft,hitter,bowman_1st_base,baseball-cards-2017-bowman-draft-chrome,https://www.sportscardspro.com/game/baseball-cards-2017-bowman-draft-chrome/chris-okey-bdc163,https://www.sportscardspro.com/game/baseball-cards-2016-bowman-draft-chrome-picks-autographs/chris-okey-cda-co,
Cody Sedlock,642060,2016,draft,pitcher,bowman_1st_base,baseball-cards-2017-bowman-draft-chrome,https://www.sportscardspro.com/game/baseball-cards-2017-bowman-draft-chrome/cody-sedlock-bdc170,https://www.sportscardspro.com/game/baseball-cards-2016-bowman-draft-chrome-picks-autographs/cody-sedlock-cda-cs,
Cole Ragans,666142,2016,draft,pitcher,bowman_1st_base,baseball-cards-2017-bowman-draft-chrome,https://www.sportscardspro.com/game/baseball-cards-2017-bowman-draft-chrome/cole-ragans-bdc35,https://www.sportscardspro.com/game/baseball-cards-2016-bowman-draft-chrome-picks-autographs/cole-ragans-cda-cra,
Conner Greene,641632,2016,chrome,pitcher,bowman_1st_base,baseball-cards-2016-bowman-chrome-prospects,https://www.sportscardspro.com/game/baseball-cards-2016-bowman-chrome-prospects/conner-greene-bcp-222,https://www.sportscardspro.com/game/baseball-cards-2016-bowman-chrome-prospect-autograph/conner-greene-bcap-cg,
Corey Ray,641999,2016,draft,hitter,bowman_1st_base,baseball-cards-2017-bowman-draft-chrome,https://www.sportscardspro.com/game/baseball-cards-2017-bowman-draft-chrome/corey-ray-bdc98,https://www.sportscardspro.com/game/baseball-cards-2016-bowman-draft-chrome-picks-autographs/corey-ray-cda-cr,
Dane Dunning,641540,2016,draft,pitcher,bowman_1st_base,baseball-cards-2017-bowman-draft-chrome,https://www.sportscardspro.com/game/baseball-cards-2017-bowman-draft-chrome/dane-dunning-bdc186,https://www.sportscardspro.com/game/baseball-cards-2016-bowman-draft-chrome-picks-autographs/dane-dunning-cda-dd,
Daulton Jefferies,641726,2016,draft,pitcher,bowman_1st_base,baseball-cards-2017-bowman-draft-chrome,https://www.sportscardspro.com/game/baseball-cards-2017-bowman-draft-chrome/daulton-jefferies-bdc123,https://www.sportscardspro.com/game/baseball-cards-2016-bowman-draft-chrome-picks-autographs/daulton-jefferies-cda-dj,
Dylan Carlson,666185,2016,draft,hitter,bowman_1st_base,baseball-cards-2017-bowman-draft-chrome,https://www.sportscardspro.com/game/baseball-cards-2017-bowman-draft-chrome/dylan-carlson-bdc89,https://www.sportscardspro.com/game/baseball-cards-2016-bowman-draft-chrome-picks-autographs/dylan-carlson-cda-dc,
Forrest Whitley,666215,2016,draft,pitcher,bowman_1st_base,baseball-cards-2017-bowman-draft-chrome,https://www.sportscardspro.com/game/baseball-cards-2017-bowman-draft-chrome/forrest-whitley-bdc58,https://www.sportscardspro.com/game/baseball-cards-2016-bowman-draft-chrome-picks-autographs/forrest-whitley-cda-fw,
Ian Anderson,666120,2016,draft,pitcher,bowman_1st_base,baseball-cards-2017-bowman-draft-chrome,https://www.sportscardspro.com/game/baseball-cards-2017-bowman-draft-chrome/ian-anderson-bdc156,https://www.sportscardspro.com/game/baseball-cards-2016-bowman-draft-chrome-picks-autographs/ian-anderson-cda-ia,
Jahmai Jones,663330,2016,chrome,hitter,bowman_1st_base,baseball-cards-2016-bowman-chrome-prospects,https://www.sportscardspro.com/game/baseball-cards-2016-bowman-chrome-prospects/jahmai-jones-bcp-178,https://www.sportscardspro.com/game/baseball-cards-2016-bowman-chrome-prospect-autograph/jahmai-jones-bcap-jj,
Jermaine Palacios,650339,2016,chrome,hitter,bowman_1st_base,baseball-cards-2016-bowman-chrome-prospects,https://www.sportscardspro.com/game/baseball-cards-2016-bowman-chrome-prospects/jermaine-palacios-bcp-197,https://www.sportscardspro.com/game/baseball-cards-2016-bowman-chrome-prospect-autograph/jermaine-palacios-bcap-jp,
Jordan Sheffield,642068,2016,draft,pitcher,bowman_1st_base,baseball-cards-2017-bowman-draft-chrome,https://www.sportscardspro.com/game/baseball-cards-2017-bowman-draft-chrome/jordan-sheffield-bdc134,https://www.sportscardspro.com/game/baseball-cards-2016-bowman-draft-chrome-picks-autographs/jordan-sheffield-cda-js,
Kyle Muller,666205,2016,draft,pitcher,bowman_1st_base,baseball-cards-2019-bowman-chrome-prospects,https://www.sportscardspro.com/game/baseball-cards-2019-bowman-chrome-prospects/kyle-muller-bcp-195,https://www.sportscardspro.com/game/baseball-cards-2016-bowman-draft-chrome-picks-autographs/kyle-muller-cda-km,
Matt Manning,666159,2016,draft,pitcher,bowman_1st_base,baseball-cards-2017-bowman-draft-chrome,https://www.sportscardspro.com/game/baseball-cards-2017-bowman-draft-chrome/matt-manning-bdc37,https://www.sportscardspro.com/game/baseball-cards-2016-bowman-draft-chrome-picks-autographs/matt-manning-cda-mm,
Mickey Moniak,666160,2016,draft,hitter,bowman_1st_base,baseball-cards-2017-bowman-chrome-prospects,https://www.sportscardspro.com/game/baseball-cards-2017-bowman-chrome-prospects/mickey-moniak-bcp-135,https://www.sportscardspro.com/game/baseball-cards-2016-bowman-draft-chrome-picks-autographs/mickey-moniak-cda-mm,
Nolan Jones,666134,2016,draft,hitter,bowman_1st_base,baseball-cards-2017-bowman-chrome-prospects,https://www.sportscardspro.com/game/baseball-cards-2017-bowman-chrome-prospects/nolan-jones-bcp-69,https://www.sportscardspro.com/game/baseball-cards-2016-bowman-draft-chrome-picks-autographs/nolan-jones-cda-nj,
Ricardo Sanchez,645307,2016,chrome,pitcher,bowman_1st_base,,,https://www.sportscardspro.com/game/baseball-cards-2016-bowman-chrome-prospect-autograph/ricardo-sanchez-cpa-rs,
Riley Pint,666207,2016,draft,pitcher,bowman_1st_base,baseball-cards-2017-bowman-draft-chrome,https://www.sportscardspro.com/game/baseball-cards-2017-bowman-draft-chrome/riley-pint-bdc111,https://www.sportscardspro.com/game/baseball-cards-2016-bowman-draft-chrome-picks-autographs/riley-pint-cda-rp,
Ronnie Dawson,669008,2016,draft,hitter,bowman_1st_base,,,https://www.sportscardspro.com/game/baseball-cards-2016-bowman-draft-chrome-picks-autographs/ronnie-dawson-cda-rd,
Taylor Trammell,666211,2016,draft,hitter,bowman_1st_base,baseball-cards-2017-bowman-draft-chrome,https://www.sportscardspro.com/game/baseball-cards-2017-bowman-draft-chrome/taylor-trammell-bdc166,https://www.sportscardspro.com/game/baseball-cards-2016-bowman-draft-chrome-picks-autographs/taylor-trammell-cda-tt,
Will Benson,666181,2016,draft,hitter,bowman_1st_base,baseball-cards-2017-bowman-draft-chrome,https://www.sportscardspro.com/game/baseball-cards-2017-bowman-draft-chrome/will-benson-bdc56,https://www.sportscardspro.com/game/baseball-cards-2016-bowman-draft-chrome-picks-autographs/will-benson-cda-wb,
Will Craig,643269,2016,draft,hitter,bowman_1st_base,baseball-cards-2017-bowman-draft-chrome,https://www.sportscardspro.com/game/baseball-cards-2017-bowman-draft-chrome/will-craig-bdc189,https://www.sportscardspro.com/game/baseball-cards-2016-bowman-draft-chrome-picks-autographs/will-craig-cda-wc,
Zack Burdi,641420,2016,draft,pitcher,bowman_1st_base,baseball-cards-2017-bowman-chrome-prospects,https://www.sportscardspro.com/game/baseball-cards-2017-bowman-chrome-prospects/zack-burdi-bcp-245,https://www.sportscardspro.com/game/baseball-cards-2016-bowman-draft-chrome-picks-autographs/zack-burdi-cda-zb,
Alex Faedo,656412,2017,draft,pitcher,bowman_1st_base,baseball-cards-2017-bowman-draft-chrome,https://www.sportscardspro.com/game/baseball-cards-2017-bowman-draft-chrome/alex-faedo-bdc15,https://www.sportscardspro.com/game/baseball-cards-2017-bowman-draft-chrome-picks-autographs/alex-faedo-cda-af,
Andy Ibanez,628451,2017,chrome,hitter,bowman_1st_base,baseball-cards-2017-bowman-chrome-prospects,https://www.sportscardspro.com/game/baseball-cards-2017-bowman-chrome-prospects/andy-ibanez-bcp-36,https://www.sportscardspro.com/game/baseball-cards-2017-bowman-chrome-prospects-autographs/andy-ibanez-cpa-ai,
Blake Hunt,675448,2017,draft,hitter,bowman_1st_base,baseball-cards-2017-bowman-draft-chrome,https://www.sportscardspro.com/game/baseball-cards-2017-bowman-draft-chrome/blake-hunt-bdc145,https://www.sportscardspro.com/game/baseball-cards-2017-bowman-draft-chrome-picks-autographs/blake-hunt-cda-bh,
Brian Miller,675649,2017,draft,hitter,bowman_1st_base,baseball-cards-2017-bowman-draft-chrome,https://www.sportscardspro.com/game/baseball-cards-2017-bowman-draft-chrome/brian-miller-bdc45,https://www.sportscardspro.com/game/baseball-cards-2017-bowman-draft-chrome-picks-autographs/brian-miller-cda-bmi,
Bubba Thompson,669352,2017,draft,hitter,bowman_1st_base,baseball-cards-2017-bowman-draft-chrome,https://www.sportscardspro.com/game/baseball-cards-2017-bowman-draft-chrome/bubba-thompson-bdc141,https://www.sportscardspro.com/game/baseball-cards-2017-bowman-draft-chrome-picks-autographs/bubba-thompson-cda-bt,
Charlie Barnes,656212,2017,draft,pitcher,bowman_1st_base,baseball-cards-2017-bowman-draft-chrome,https://www.sportscardspro.com/game/baseball-cards-2017-bowman-draft-chrome/charlie-barnes-bdc76,https://www.sportscardspro.com/game/baseball-cards-2017-bowman-draft-chrome-picks-autographs/charlie-barnes-cda-cba,
Connor Wong,657136,2017,draft,hitter,bowman_1st_base,baseball-cards-2017-bowman-draft-chrome,https://www.sportscardspro.com/game/baseball-cards-2017-bowman-draft-chrome/connor-wong-bdc180,https://www.sportscardspro.com/game/baseball-cards-2017-bowman-draft-chrome-picks-autographs/connor-wong-cda-cw,
Cory Abbott,676265,2017,draft,pitcher,bowman_1st_base,baseball-cards-2017-bowman-draft-chrome,https://www.sportscardspro.com/game/baseball-cards-2017-bowman-draft-chrome/cory-abbott-bdc43,https://www.sportscardspro.com/game/baseball-cards-2017-bowman-draft-chrome-picks-autographs/cory-abbott-cda-ca,
Drew Ellis,656403,2017,draft,hitter,bowman_1st_base,baseball-cards-2017-bowman-draft-chrome,https://www.sportscardspro.com/game/baseball-cards-2017-bowman-draft-chrome/drew-ellis-bdc158,https://www.sportscardspro.com/game/baseball-cards-2017-bowman-draft-chrome-picks-autographs/drew-ellis-cda-de,
Drew Waters,671221,2017,draft,hitter,bowman_1st_base,baseball-cards-2017-bowman-draft-chrome,https://www.sportscardspro.com/game/baseball-cards-2017-bowman-draft-chrome/drew-waters-bdc90,https://www.sportscardspro.com/game/baseball-cards-2017-bowman-draft-chrome-picks-autographs/drew-waters-cda-dw,
Ernie Clement,676391,2017,draft,hitter,bowman_1st_base,baseball-cards-2017-bowman-draft-chrome,https://www.sportscardspro.com/game/baseball-cards-2017-bowman-draft-chrome/ernie-clement-bdc88,https://www.sportscardspro.com/game/baseball-cards-2017-bowman-draft-chrome-picks-autographs/ernie-clement-cda-ec,
Gavin Sheets,657757,2017,draft,hitter,bowman_1st_base,baseball-cards-2017-bowman-draft-chrome,https://www.sportscardspro.com/game/baseball-cards-2017-bowman-draft-chrome/gavin-sheets-bdc85,https://www.sportscardspro.com/game/baseball-cards-2017-bowman-draft-chrome-picks-autographs/gavin-sheets-cda-gs,
Griffin Jax,643377,2017,chrome,pitcher,bowman_1st_base,,,https://www.sportscardspro.com/game/baseball-cards-2017-bowman-chrome-prospects-autographs/griffin-jax-cpa-gj,
Hagen Danner,668470,2017,draft,pitcher,bowman_1st_base,baseball-cards-2017-bowman-draft-chrome,https://www.sportscardspro.com/game/baseball-cards-2017-bowman-draft-chrome/hagen-danner-bdc138,https://www.sportscardspro.com/game/baseball-cards-2017-bowman-draft-chrome-picks-autographs/hagen-danner-cda-hd,
Hans Crouse,668968,2017,draft,pitcher,bowman_1st_base,baseball-cards-2017-bowman-draft-chrome,https://www.sportscardspro.com/game/baseball-cards-2017-bowman-draft-chrome/hans-crouse-bdc33,https://www.sportscardspro.com/game/baseball-cards-2017-bowman-draft-chrome-picks-autographs/hans-crouse-cda-hc,
Heliot Ramos,671218,2017,draft,hitter,bowman_1st_base,baseball-cards-2017-bowman-draft-chrome,https://www.sportscardspro.com/game/baseball-cards-2017-bowman-draft-chrome/heliot-ramos-bdc12,https://www.sportscardspro.com/game/baseball-cards-2017-bowman-draft-chrome-picks-autographs/heliot-ramos-cda-hr,
J.J. Matijevic,656695,2017,draft,hitter,bowman_1st_base,baseball-cards-2017-bowman-draft-chrome,https://www.sportscardspro.com/game/baseball-cards-2017-bowman-draft-chrome/jj-matijevic-bdc109,https://www.sportscardspro.com/game/baseball-cards-2017-bowman-draft-chrome-picks-autographs/jj-matijevic-cda-jjm,
Jake Burger,669394,2017,draft,hitter,bowman_1st_base,baseball-cards-2017-bowman-draft-chrome,https://www.sportscardspro.com/game/baseball-cards-2017-bowman-draft-chrome/jake-burger-bdc177,https://www.sportscardspro.com/game/baseball-cards-2017-bowman-draft-chrome-picks-autographs/jake-burger-cda-jb,
Jeter Downs,669023,2017,draft,hitter,bowman_1st_base,baseball-cards-2017-bowman-draft-chrome,https://www.sportscardspro.com/game/baseball-cards-2017-bowman-draft-chrome/jeter-downs-bdc6,https://www.sportscardspro.com/game/baseball-cards-2017-bowman-draft-chrome-picks-autographs/jeter-downs-cda-jd,
Joe Perez,669309,2017,draft,hitter,bowman_1st_base,baseball-cards-2017-bowman-draft-chrome,https://www.sportscardspro.com/game/baseball-cards-2017-bowman-draft-chrome/joe-perez-bdc187,https://www.sportscardspro.com/game/baseball-cards-2017-bowman-draft-chrome-picks-autographs/joe-perez-cda-jp,
Jose Azocar,640492,2017,chrome,hitter,bowman_1st_base,,,https://www.sportscardspro.com/game/baseball-cards-2017-bowman-chrome-prospects-autographs/jose-azocar-cpa-jaz,
Kevin Smith,675656,2017,draft,hitter,bowman_1st_base,baseball-cards-2017-bowman-draft-chrome,https://www.sportscardspro.com/game/baseball-cards-2017-bowman-draft-chrome/kevin-smith-bdc192,https://www.sportscardspro.com/game/baseball-cards-2017-bowman-draft-chrome-picks-autographs/kevin-smith-cda-ks,
Khalil Lee,666137,2017,chrome,hitter,bowman_1st_base,baseball-cards-2017-bowman-chrome-prospects,https://www.sportscardspro.com/game/baseball-cards-2017-bowman-chrome-prospects/khalil-lee-bcp-218,https://www.sportscardspro.com/game/baseball-cards-2017-bowman-chrome-prospects-autographs/khalil-lee-cpa-kl,
MJ Melendez,669004,2017,draft,hitter,bowman_1st_base,baseball-cards-2017-bowman-draft-chrome,https://www.sportscardspro.com/game/baseball-cards-2017-bowman-draft-chrome/mj-melendez-bdc-172,https://www.sportscardspro.com/game/baseball-cards-2017-bowman-draft-chrome-picks-autographs/mj-melendez-cda-mjm,
MacKenzie Gore,669022,2017,draft,pitcher,bowman_1st_base,baseball-cards-2017-bowman-draft-chrome,https://www.sportscardspro.com/game/baseball-cards-2017-bowman-draft-chrome/mackenzie-gore-bdc25,https://www.sportscardspro.com/game/baseball-cards-2017-bowman-draft-chrome-picks-autographs/mackenzie-gore-cda-mg,
Mark Vientos,668901,2017,draft,hitter,bowman_1st_base,baseball-cards-2017-bowman-draft-chrome,https://www.sportscardspro.com/game/baseball-cards-2017-bowman-draft-chrome/mark-vientos-bdc139,https://www.sportscardspro.com/game/baseball-cards-2017-bowman-draft-chrome-picks-autographs/mark-vientos-cda-mv,
Nick Pratto,668472,2017,draft,hitter,bowman_1st_base,baseball-cards-2018-bowman-chrome-prospects,https://www.sportscardspro.com/game/baseball-cards-2018-bowman-chrome-prospects/nick-pratto-bcp-81,https://www.sportscardspro.com/game/baseball-cards-2017-bowman-draft-chrome-picks-autographs/nick-pratto-cda-np,
Peter Solomon,656981,2017,draft,pitcher,bowman_1st_base,baseball-cards-2017-bowman-draft-chrome,https://www.sportscardspro.com/game/baseball-cards-2017-bowman-draft-chrome/peter-solomon-bdc148,https://www.sportscardspro.com/game/baseball-cards-2017-bowman-draft-chrome-picks-autographs/peter-solomon-cda-pso,
Royce Lewis,668904,2017,draft,hitter,bowman_1st_base,baseball-cards-2017-bowman-draft-chrome,https://www.sportscardspro.com/game/baseball-cards-2017-bowman-draft-chrome/royce-lewis-bdc1,https://www.sportscardspro.com/game/baseball-cards-2017-bowman-draft-chrome-picks-autographs/royce-lewis-cda-rl,
Ryan Howard,429667,2017,chrome,hitter,bowman_1st_base,,,https://www.sportscardspro.com/game/baseball-cards-2017-bowman-chrome-prospects-autographs/ryan-howard-cpa-rh,
Ryan Vilade,668723,2017,draft,hitter,bowman_1st_base,baseball-cards-2017-bowman-draft-chrome,https://www.sportscardspro.com/game/baseball-cards-2017-bowman-draft-chrome/ryan-vilade-bdc41,https://www.sportscardspro.com/game/baseball-cards-2017-bowman-draft-chrome-picks-autographs/ryan-vilade-cda-rv,
Shane Baz,669358,2017,draft,pitcher,bowman_1st_base,baseball-cards-2017-bowman-draft-chrome,https://www.sportscardspro.com/game/baseball-cards-2017-bowman-draft-chrome/shane-baz-bdc44,https://www.sportscardspro.com/game/baseball-cards-2017-bowman-draft-chrome-picks-autographs/shane-baz-cda-sb,
Stuart Fairchild,656413,2017,draft,hitter,bowman_1st_base,baseball-cards-2017-bowman-draft-chrome,https://www.sportscardspro.com/game/baseball-cards-2017-bowman-draft-chrome/stuart-fairchild-bdc4,https://www.sportscardspro.com/game/baseball-cards-2017-bowman-draft-chrome-picks-autographs/stuart-fairchild-cda-sf,
Taylor Walls,670764,2017,draft,hitter,bowman_1st_base,baseball-cards-2017-bowman-draft-chrome,https://www.sportscardspro.com/game/baseball-cards-2017-bowman-draft-chrome/taylor-walls-bdc87,https://www.sportscardspro.com/game/baseball-cards-2017-bowman-draft-chrome-picks-autographs/taylor-walls-cda-tw,
Vladimir Gutierrez,661269,2017,chrome,pitcher,bowman_1st_base,baseball-cards-2017-bowman-chrome-prospects,https://www.sportscardspro.com/game/baseball-cards-2017-bowman-chrome-prospects/vladimir-gutierrez-bcp-192,https://www.sportscardspro.com/game/baseball-cards-2017-bowman-chrome-prospects-autographs/vladimir-gutierrez-cpa-vg,
Yusniel Diaz,666783,2017,chrome,hitter,bowman_1st_base,baseball-cards-2017-bowman-chrome-prospects,https://www.sportscardspro.com/game/baseball-cards-2017-bowman-chrome-prospects/yusniel-diaz-bcp-229,https://www.sportscardspro.com/game/baseball-cards-2017-bowman-chrome-prospects-autographs/yusniel-diaz-cpa-yd,
Zac Lowther,675912,2017,draft,pitcher,bowman_1st_base,baseball-cards-2017-bowman-draft-chrome,https://www.sportscardspro.com/game/baseball-cards-2017-bowman-draft-chrome/zac-lowther-bdc94,https://www.sportscardspro.com/game/baseball-cards-2017-bowman-draft-chrome-picks-autographs/zac-lowther-cda-zl,
Alek Thomas,677950,2018,draft,hitter,bowman_1st_base,baseball-cards-2020-bowman-draft-chrome,https://www.sportscardspro.com/game/baseball-cards-2020-bowman-draft-chrome/alek-thomas-bd-195,https://www.sportscardspro.com/game/baseball-cards-2018-bowman-draft-chrome-picks-autographs/alek-thomas-cda-at,
Anthony Seigler,678011,2018,draft,hitter,bowman_1st_base,baseball-cards-2019-bowman-draft-chrome,https://www.sportscardspro.com/game/baseball-cards-2019-bowman-draft-chrome/anthony-seigler-bdc-171,https://www.sportscardspro.com/game/baseball-cards-2018-bowman-draft-chrome-picks-autographs/anthony-seigler-cda-as,
Braxton Ashcraft,677952,2018,draft,pitcher,bowman_1st_base,,,https://www.sportscardspro.com/game/baseball-cards-2018-bowman-draft-chrome-picks-autographs/braxton-ashcraft-cda-ba,
Brendon Little,663893,2018,chrome,pitcher,bowman_1st_base,baseball-cards-2018-bowman-chrome-prospects,https://www.sportscardspro.com/game/baseball-cards-2018-bowman-chrome-prospects/brendon-little-bcp-233,https://www.sportscardspro.com/game/baseball-cards-2018-bowman-chrome-prospects-autographs/brendon-little-bcpa-bl,
Brice Turang,668930,2018,draft,hitter,bowman_1st_base,baseball-cards-2019-bowman-draft-chrome,https://www.sportscardspro.com/game/baseball-cards-2019-bowman-draft-chrome/brice-turang-bdc-130,https://www.sportscardspro.com/game/baseball-cards-2018-bowman-draft-chrome-picks-autographs/brice-turang-cda-bt,
Carlos Cortes,666126,2018,draft,hitter,bowman_1st_base,,,https://www.sportscardspro.com/game/baseball-cards-2018-bowman-draft-chrome-picks-autographs/carlos-cortes-cda-cc,
Cole Winn,668390,2018,draft,pitcher,bowman_1st_base,baseball-cards-2019-bowman-chrome-prospects,https://www.sportscardspro.com/game/baseball-cards-2019-bowman-chrome-prospects/cole-winn-bcp-75,https://www.sportscardspro.com/game/baseball-cards-2018-bowman-draft-chrome-picks-autographs/cole-winn-cda-cw,
Conner Capel,668843,2018,chrome,hitter,bowman_1st_base,baseball-cards-2019-bowman-draft-chrome,https://www.sportscardspro.com/game/baseball-cards-2019-bowman-draft-chrome/conner-capel-bdc-110,https://www.sportscardspro.com/game/baseball-cards-2018-bowman-chrome-prospects-autographs/conner-capel-bcpa-cc,
Darick Hall,669742,2018,chrome,hitter,bowman_1st_base,,,https://www.sportscardspro.com/game/baseball-cards-2018-bowman-chrome-prospects-autographs/darick-hall-cpa-dh,
Grayson Rodriguez,680570,2018,draft,pitcher,bowman_1st_base,baseball-cards-2019-bowman-draft-chrome,https://www.sportscardspro.com/game/baseball-cards-2019-bowman-draft-chrome/grayson-rodriguez-bdc-121,https://www.sportscardspro.com/game/baseball-cards-2018-bowman-draft-chrome-picks-autographs/grayson-rodriguez-cda-gr,
Griffin Conine,665052,2018,draft,hitter,bowman_1st_base,,,https://www.sportscardspro.com/game/baseball-cards-2018-bowman-draft-chrome-picks-autographs/griffin-conine-cda-gc,
Hunter Greene,668881,2018,chrome,pitcher,bowman_1st_base,baseball-cards-2018-bowman-chrome-prospects,https://www.sportscardspro.com/game/baseball-cards-2018-bowman-chrome-prospects/hunter-greene-bcp-48,https://www.sportscardspro.com/game/baseball-cards-2018-bowman-chrome-prospects-autographs/hunter-greene-cpa-hg,
Jake Wong,673858,2018,draft,pitcher,bowman_1st_base,,,https://www.sportscardspro.com/game/baseball-cards-2018-bowman-draft-chrome-picks-autographs/jake-wong-cda-jw,
Jeremiah Jackson,669236,2018,draft,hitter,bowman_1st_base,baseball-cards-2020-bowman-draft-chrome,https://www.sportscardspro.com/game/baseball-cards-2020-bowman-draft-chrome/jeremiah-jackson-bd-169,https://www.sportscardspro.com/game/baseball-cards-2018-bowman-draft-chrome-picks-autographs/jeremiah-jackson-cda-jj,
Joe Dunand,656388,2018,chrome,hitter,bowman_1st_base,,,https://www.sportscardspro.com/game/baseball-cards-2018-bowman-chrome-prospects-autographs/joe-dunand-bcpa-jd,
Joey Wentz,666214,2018,chrome,pitcher,bowman_1st_base,baseball-cards-2019-bowman-chrome-prospects,https://www.sportscardspro.com/game/baseball-cards-2019-bowman-chrome-prospects/joey-wentz-bcp-57,https://www.sportscardspro.com/game/baseball-cards-2018-bowman-chrome-prospects-autographs/joey-wentz-cpa-jw,
Jordan Groshans,677954,2018,draft,hitter,bowman_1st_base,baseball-cards-2019-bowman-draft-chrome,https://www.sportscardspro.com/game/baseball-cards-2019-bowman-draft-chrome/jordan-groshans-bdc-18,https://www.sportscardspro.com/game/baseball-cards-2018-bowman-draft-chrome-picks-autographs/jordan-groshans-cda-jg,
Jordyn Adams,677941,2018,draft,hitter,bowman_1st_base,baseball-cards-2019-bowman-draft-chrome,https://www.sportscardspro.com/game/baseball-cards-2019-bowman-draft-chrome/jordyn-adams-bdc-158,https://www.sportscardspro.com/game/baseball-cards-2018-bowman-draft-chrome-picks-autographs/jordyn-adams-cda-ja,
Kody Clemens,665019,2018,draft,hitter,bowman_1st_base,,,https://www.sportscardspro.com/game/baseball-cards-2018-bowman-draft-chrome-picks-autographs/kody-clemens-cda-kc,
Luis Medina,665622,2018,chrome,pitcher,bowman_1st_base,baseball-cards-2018-bowman-chrome-prospects,https://www.sportscardspro.com/game/baseball-cards-2018-bowman-chrome-prospects/luis-medina-bcp-161,https://www.sportscardspro.com/game/baseball-cards-2018-bowman-chrome-prospects-autographs/luis-medina-bcpa-lm,
Luken Baker,663609,2018,draft,hitter,bowman_1st_base,baseball-cards-2019-bowman-draft-chrome,https://www.sportscardspro.com/game/baseball-cards-2019-bowman-draft-chrome/luken-baker-bdc-173,https://www.sportscardspro.com/game/baseball-cards-2018-bowman-draft-chrome-picks-autographs/luken-baker-cda-lb,
Matt Sauer,669422,2018,chrome,pitcher,bowman_1st_base,baseball-cards-2018-bowman-chrome-prospects,https://www.sportscardspro.com/game/baseball-cards-2018-bowman-chrome-prospects/matt-sauer-bcp-102,https://www.sportscardspro.com/game/baseball-cards-2018-bowman-chrome-prospects-autographs/matt-sauer-cpa-msa,
Matthew Liberatore,669461,2018,draft,pitcher,bowman_1st_base,baseball-cards-2019-bowman-draft-chrome,https://www.sportscardspro.com/game/baseball-cards-2019-bowman-draft-chrome/matthew-liberatore-bdc-127,https://www.sportscardspro.com/game/baseball-cards-2018-bowman-draft-chrome-picks-autographs/matthew-liberatore-cda-ml,
Michael Mercado,675650,2018,chrome,pitcher,bowman_1st_base,baseball-cards-2018-bowman-chrome-prospects,https://www.sportscardspro.com/game/baseball-cards-2018-bowman-chrome-prospects/michael-mercado-bcp-16,https://www.sportscardspro.com/game/baseball-cards-2018-bowman-chrome-prospects-autographs/michael-mercado-cpa-mm,
Nick Allen,669397,2018,chrome,hitter,bowman_1st_base,baseball-cards-2018-bowman-chrome-prospects,https://www.sportscardspro.com/game/baseball-cards-2018-bowman-chrome-prospects/nick-allen-bcp-158,https://www.sportscardspro.com/game/baseball-cards-2018-bowman-chrome-prospects-autographs/nick-allen-bcpa-na,
Nolan Gorman,669357,2018,draft,hitter,bowman_1st_base,baseball-cards-2019-bowman-draft-chrome,https://www.sportscardspro.com/game/baseball-cards-2019-bowman-draft-chrome/nolan-gorman-bdc-42,https://www.sportscardspro.com/game/baseball-cards-2018-bowman-draft-chrome-picks-autographs/nolan-gorman-cda-ng,
Owen White,669391,2018,draft,pitcher,bowman_1st_base,,,https://www.sportscardspro.com/game/baseball-cards-2018-bowman-draft-chrome-picks-autographs/owen-white-cda-ow,
Parker Meadows,678009,2018,draft,hitter,bowman_1st_base,baseball-cards-2019-bowman-chrome-prospects,https://www.sportscardspro.com/game/baseball-cards-2019-bowman-chrome-prospects/parker-meadows-bcp-175,https://www.sportscardspro.com/game/baseball-cards-2018-bowman-draft-chrome-picks-autographs/parker-meadows-cda-pm,
Ryan Rolison,669020,2018,draft,pitcher,bowman_1st_base,baseball-cards-2019-bowman-chrome-prospects,https://www.sportscardspro.com/game/baseball-cards-2019-bowman-chrome-prospects/ryan-rolison-bcp-196,https://www.sportscardspro.com/game/baseball-cards-2018-bowman-draft-chrome-picks-autographs/ryan-rolison-cda-rr,
Sandro Fabian,660758,2018,chrome,hitter,bowman_1st_base,baseball-cards-2019-bowman-chrome-prospects,https://www.sportscardspro.com/game/baseball-cards-2019-bowman-chrome-prospects/sandro-fabian-bcp-38,https://www.sportscardspro.com/game/baseball-cards-2018-bowman-chrome-prospects-autographs/sandro-fabian-cpa-sf,
Simeon Woods Richardson,680573,2018,draft,pitcher,bowman_1st_base,baseball-cards-2020-bowman-chrome-prospects,https://www.sportscardspro.com/game/baseball-cards-2020-bowman-chrome-prospects/simeon-woods-richardson-bcp-190,https://www.sportscardspro.com/game/baseball-cards-2018-bowman-draft-chrome-picks-autographs/simeon-woods-richardson-cda-swr,
Travis Swaggerty,680552,2018,draft,hitter,bowman_1st_base,baseball-cards-2019-bowman-draft-chrome,https://www.sportscardspro.com/game/baseball-cards-2019-bowman-draft-chrome/travis-swaggerty-bdc-170,https://www.sportscardspro.com/game/baseball-cards-2018-bowman-draft-chrome-picks-autographs/travis-swaggerty-cda-ts,
Triston Casas,671213,2018,draft,hitter,bowman_1st_base,baseball-cards-2019-bowman-draft-chrome,https://www.sportscardspro.com/game/baseball-cards-2019-bowman-draft-chrome/triston-casas-bdc-87,https://www.sportscardspro.com/game/baseball-cards-2018-bowman-draft-chrome-picks-autographs/triston-casas-cda-tc,
Tyler Freeman,671289,2018,chrome,hitter,bowman_1st_base,baseball-cards-2018-bowman-chrome-prospects,https://www.sportscardspro.com/game/baseball-cards-2018-bowman-chrome-prospects/tyler-freeman-bcp-172,https://www.sportscardspro.com/game/baseball-cards-2018-bowman-chrome-prospects-autographs/tyler-freeman-bcpa-tf,
Will Banfield,677943,2018,draft,hitter,bowman_1st_base,,,https://www.sportscardspro.com/game/baseball-cards-2018-bowman-draft-chrome-picks-autographs/will-banfield-cda-wb,
Aaron Schunk,668845,2019,draft,hitter,bowman_1st_base,baseball-cards-2019-bowman-draft-chrome,https://www.sportscardspro.com/game/baseball-cards-2019-bowman-draft-chrome/aaron-schunk-bdc-129,https://www.sportscardspro.com/game/baseball-cards-2019-bowman-draft-chrome-picks-autograph/aaron-schunk-cda-as,
Adam Kloffenstein,680572,2019,chrome,pitcher,bowman_1st_base,,,https://www.sportscardspro.com/game/baseball-cards-2019-bowman-chrome-prospects-autographs/adam-kloffenstein-cpa-akl,
Alec Marsh,679525,2019,draft,pitcher,bowman_1st_base,baseball-cards-2019-bowman-draft-chrome,https://www.sportscardspro.com/game/baseball-cards-2019-bowman-draft-chrome/alec-marsh-bdc-15,https://www.sportscardspro.com/game/baseball-cards-2019-bowman-draft-chrome-picks-autograph/alec-marsh-cda-ama,
Alexander Canario,672744,2019,chrome,hitter,bowman_1st_base,baseball-cards-2020-bowman-draft-chrome,https://www.sportscardspro.com/game/baseball-cards-2020-bowman-draft-chrome/alexander-canario-bd-123,https://www.sportscardspro.com/game/baseball-cards-2019-bowman-chrome-prospects-autographs/alexander-canario-cpa-ac,
Andre Lipcius,686531,2019,draft,hitter,bowman_1st_base,baseball-cards-2019-bowman-draft-chrome,https://www.sportscardspro.com/game/baseball-cards-2019-bowman-draft-chrome/andre-lipcius-bdc-108,https://www.sportscardspro.com/game/baseball-cards-2019-bowman-draft-chrome-picks-autograph/andre-lipcius-cda-al,
Antoine Kelly,681520,2019,draft,pitcher,bowman_1st_base,baseball-cards-2019-bowman-draft-chrome,https://www.sportscardspro.com/game/baseball-cards-2019-bowman-draft-chrome/antoine-kelly-bdc-36,https://www.sportscardspro.com/game/baseball-cards-2019-bowman-draft-chrome-picks-autograph/antoine-kelly-cda-ak,
Blake Walston,686796,2019,draft,pitcher,bowman_1st_base,baseball-cards-2019-bowman-draft-chrome,https://www.sportscardspro.com/game/baseball-cards-2019-bowman-draft-chrome/blake-walston-bdc-12,https://www.sportscardspro.com/game/baseball-cards-2019-bowman-draft-chrome-picks-autograph/blake-walston-cda-bw,
Braden Shewmake,669699,2019,draft,hitter,bowman_1st_base,baseball-cards-2019-bowman-draft-chrome,https://www.sportscardspro.com/game/baseball-cards-2019-bowman-draft-chrome/braden-shewmake-bdc-59,https://www.sportscardspro.com/game/baseball-cards-2019-bowman-draft-chrome-picks-autograph/braden-shewmake-cda-bsh,
Brandon Williamson,682227,2019,draft,pitcher,bowman_1st_base,baseball-cards-2019-bowman-draft-chrome,https://www.sportscardspro.com/game/baseball-cards-2019-bowman-draft-chrome/brandon-williamson-bdc-113,https://www.sportscardspro.com/game/baseball-cards-2019-bowman-draft-chrome-picks-autograph/brandon-williamson-cda-bwi,
Brayan Rocchio,677587,2019,chrome,hitter,bowman_1st_base,baseball-cards-2019-bowman-chrome-prospects,https://www.sportscardspro.com/game/baseball-cards-2019-bowman-chrome-prospects/brayan-rocchio-bcp-209,https://www.sportscardspro.com/game/baseball-cards-2019-bowman-chrome-prospects-autographs/brayan-rocchio-cpa-br,
Daniel Espino,682982,2019,draft,pitcher,bowman_1st_base,baseball-cards-2019-bowman-draft-chrome,https://www.sportscardspro.com/game/baseball-cards-2019-bowman-draft-chrome/daniel-espino-bdc-27,https://www.sportscardspro.com/game/baseball-cards-2019-bowman-draft-chrome-picks-autograph/daniel-espino-cda-de,
Davis Wendzel,673995,2019,draft,hitter,bowman_1st_base,baseball-cards-2019-bowman-draft-chrome,https://www.sportscardspro.com/game/baseball-cards-2019-bowman-draft-chrome/davis-wendzel-bdc-81,https://www.sportscardspro.com/game/baseball-cards-2019-bowman-draft-chrome-picks-autograph/davis-wendzel-cda-dw,
Dominic Fletcher,666150,2019,draft,hitter,bowman_1st_base,baseball-cards-2019-bowman-draft-chrome,https://www.sportscardspro.com/game/baseball-cards-2019-bowman-draft-chrome/dominic-fletcher-bdc-35,https://www.sportscardspro.com/game/baseball-cards-2019-bowman-draft-chrome-picks-autograph/dominic-fletcher-cda-df,
Grant McCray,687529,2019,draft,hitter,bowman_1st_base,baseball-cards-2019-bowman-draft-chrome,https://www.sportscardspro.com/game/baseball-cards-2019-bowman-draft-chrome/grant-mccray-bdc-4,https://www.sportscardspro.com/game/baseball-cards-2019-bowman-draft-chrome-picks-autograph/grant-mccray-cda-gm,
Greg Jones,675659,2019,draft,hitter,bowman_1st_base,baseball-cards-2019-bowman-draft-chrome,https://www.sportscardspro.com/game/baseball-cards-2019-bowman-draft-chrome/greg-jones-bdc-66,https://www.sportscardspro.com/game/baseball-cards-2019-bowman-draft-chrome-picks-autograph/greg-jones-cda-gj,
Isaiah Campbell,663462,2019,draft,pitcher,bowman_1st_base,baseball-cards-2019-bowman-draft-chrome,https://www.sportscardspro.com/game/baseball-cards-2019-bowman-draft-chrome/isaiah-campbell-bdc-11,https://www.sportscardspro.com/game/baseball-cards-2019-bowman-draft-chrome-picks-autograph/isaiah-campbell-cda-ic,
Jack Kochanowicz,686799,2019,draft,pitcher,bowman_1st_base,baseball-cards-2019-bowman-draft-chrome,https://www.sportscardspro.com/game/baseball-cards-2019-bowman-draft-chrome/jack-kochanowicz-bdc-98,https://www.sportscardspro.com/game/baseball-cards-2019-bowman-draft-chrome-picks-autograph/jack-kochanowicz-cda-jk,
Jared Triolo,669707,2019,draft,hitter,bowman_1st_base,baseball-cards-2019-bowman-draft-chrome,https://www.sportscardspro.com/game/baseball-cards-2019-bowman-draft-chrome/jared-triolo-bdc-161,https://www.sportscardspro.com/game/baseball-cards-2019-bowman-draft-chrome-picks-autograph/jared-triolo-cda-jt,
Jonathan Ornelas,680716,2019,chrome,hitter,bowman_1st_base,baseball-cards-2019-bowman-draft-chrome,https://www.sportscardspro.com/game/baseball-cards-2019-bowman-draft-chrome/jonathan-ornelas-bdc-136,https://www.sportscardspro.com/game/baseball-cards-2019-bowman-chrome-prospects-autographs/jonathan-ornelas-cpa-jor,
Kameron Misner,670224,2019,draft,hitter,bowman_1st_base,baseball-cards-2019-bowman-draft-chrome,https://www.sportscardspro.com/game/baseball-cards-2019-bowman-draft-chrome/kameron-misner-bdc-196,https://www.sportscardspro.com/game/baseball-cards-2019-bowman-draft-chrome-picks-autograph/kameron-misner-cda-km,
Kyren Paris,677347,2019,draft,hitter,bowman_1st_base,baseball-cards-2020-bowman-chrome-prospects,https://www.sportscardspro.com/game/baseball-cards-2020-bowman-chrome-prospects/kyren-paris-bcp-246,https://www.sportscardspro.com/game/baseball-cards-2019-bowman-draft-chrome-picks-autograph/kyren-paris-cda-kp,
Logan Davidson,669722,2019,draft,hitter,bowman_1st_base,baseball-cards-2019-bowman-draft-chrome,https://www.sportscardspro.com/game/baseball-cards-2019-bowman-draft-chrome/logan-davidson-bdc-10,https://www.sportscardspro.com/game/baseball-cards-2019-bowman-draft-chrome-picks-autograph/logan-davidson-cda-ld,
Logan Driscoll,686482,2019,draft,hitter,bowman_1st_base,baseball-cards-2019-bowman-draft-chrome,https://www.sportscardspro.com/game/baseball-cards-2019-bowman-draft-chrome/logan-driscoll-bdc-183,https://www.sportscardspro.com/game/baseball-cards-2019-bowman-draft-chrome-picks-autograph/logan-driscoll-cda-ldr,
Mason Englert,669438,2019,chrome,pitcher,bowman_1st_base,baseball-cards-2019-bowman-chrome-prospects,https://www.sportscardspro.com/game/baseball-cards-2019-bowman-chrome-prospects/mason-englert-bcp-219,https://www.sportscardspro.com/game/baseball-cards-2019-bowman-chrome-prospects-autographs/mason-englert-cpa-me,
Matt Gorski,685301,2019,draft,hitter,bowman_1st_base,baseball-cards-2019-bowman-draft-chrome,https://www.sportscardspro.com/game/baseball-cards-2019-bowman-draft-chrome/matt-gorski-bdc-73,https://www.sportscardspro.com/game/baseball-cards-2019-bowman-draft-chrome-picks-autograph/matt-gorski-cda-mg,
Matthew Lugo,683090,2019,draft,hitter,bowman_1st_base,baseball-cards-2019-bowman-draft-chrome,https://www.sportscardspro.com/game/baseball-cards-2019-bowman-draft-chrome/matthew-lugo-bdc-139,https://www.sportscardspro.com/game/baseball-cards-2019-bowman-draft-chrome-picks-autograph/matthew-lugo-cda-ml,
Michael Busch,683737,2019,draft,hitter,bowman_1st_base,baseball-cards-2019-bowman-draft-chrome,https://www.sportscardspro.com/game/baseball-cards-2019-bowman-draft-chrome/michael-busch-bdc-57,https://www.sportscardspro.com/game/baseball-cards-2019-bowman-draft-chrome-picks-autograph/michael-busch-cda-mb,
Nasim Nunez,683083,2019,draft,hitter,bowman_1st_base,baseball-cards-2019-bowman-draft-chrome,https://www.sportscardspro.com/game/baseball-cards-2019-bowman-draft-chrome/nasim-nunez-bdc-141,https://www.sportscardspro.com/game/baseball-cards-2019-bowman-draft-chrome-picks-autograph/nasim-nunez-cda-nn,
Nick Green,407797,2019,chrome,hitter,bowman_1st_base,baseball-cards-2019-bowman-chrome-prospects,https://www.sportscardspro.com/game/baseball-cards-2019-bowman-chrome-prospects/nick-green-bcp-169,https://www.sportscardspro.com/game/baseball-cards-2019-bowman-chrome-prospects-autographs/nick-green-cpa-ng,
Noelvi Marte,682622,2019,chrome,hitter,bowman_1st_base,baseball-cards-2019-bowman-chrome-prospects,https://www.sportscardspro.com/game/baseball-cards-2019-bowman-chrome-prospects/noelvi-marte-bcp-97,https://www.sportscardspro.com/game/baseball-cards-2019-bowman-chrome-prospects-autographs/noelvi-marte-cpa-nm,
Orelvis Martinez,682619,2019,chrome,hitter,bowman_1st_base,baseball-cards-2019-bowman-chrome-prospects,https://www.sportscardspro.com/game/baseball-cards-2019-bowman-chrome-prospects/orelvis-martinez-bcp-69,https://www.sportscardspro.com/game/baseball-cards-2019-bowman-chrome-prospects-autographs/orelvis-martinez-cpa-om,
Quinn Priester,682990,2019,draft,pitcher,bowman_1st_base,baseball-cards-2019-bowman-draft-chrome,https://www.sportscardspro.com/game/baseball-cards-2019-bowman-draft-chrome/quinn-priester-bdc-44,https://www.sportscardspro.com/game/baseball-cards-2019-bowman-draft-chrome-picks-autograph/quinn-priester-cda-qp,
Rece Hinds,677956,2019,draft,hitter,bowman_1st_base,baseball-cards-2019-bowman-draft-chrome,https://www.sportscardspro.com/game/baseball-cards-2019-bowman-draft-chrome/rece-hinds-bdc-131,https://www.sportscardspro.com/game/baseball-cards-2019-bowman-draft-chrome-picks-autograph/rece-hinds-cda-rh,
Ryan Jensen,276528,2019,draft,pitcher,bowman_1st_base,baseball-cards-2019-bowman-draft-chrome,https://www.sportscardspro.com/game/baseball-cards-2019-bowman-draft-chrome/ryan-jensen-bdc-91,https://www.sportscardspro.com/game/baseball-cards-2019-bowman-draft-chrome-picks-autograph/ryan-jensen-cda-rj,
Ryan Zeferjahn,666171,2019,draft,pitcher,bowman_1st_base,baseball-cards-2019-bowman-draft-chrome,https://www.sportscardspro.com/game/baseball-cards-2019-bowman-draft-chrome/ryan-zeferjahn-bdc-16,https://www.sportscardspro.com/game/baseball-cards-2019-bowman-draft-chrome-picks-autograph/ryan-zeferjahn-cda-rz,
Seth Johnson,686751,2019,draft,pitcher,bowman_1st_base,baseball-cards-2019-bowman-draft-chrome,https://www.sportscardspro.com/game/baseball-cards-2019-bowman-draft-chrome/seth-johnson-bdc-90,https://www.sportscardspro.com/game/baseball-cards-2019-bowman-draft-chrome-picks-autograph/seth-johnson-cda-sj,
Tyler Callihan,682997,2019,draft,hitter,bowman_1st_base,baseball-cards-2019-bowman-draft-chrome,https://www.sportscardspro.com/game/baseball-cards-2019-bowman-draft-chrome/tyler-callihan-bdc-47,https://www.sportscardspro.com/game/baseball-cards-2019-bowman-draft-chrome-picks-autograph/tyler-callihan-cda-tc,
Tyler Phillips,663969,2019,chrome,pitcher,bowman_1st_base,,,https://www.sportscardspro.com/game/baseball-cards-2019-bowman-chrome-prospects-autographs/tyler-phillips-cpa-tp,
Wenceel Perez,672761,2019,chrome,hitter,bowman_1st_base,baseball-cards-2019-bowman-chrome-prospects,https://www.sportscardspro.com/game/baseball-cards-2019-bowman-chrome-prospects/wenceel-perez-bcp-216,https://www.sportscardspro.com/game/baseball-cards-2019-bowman-chrome-prospects-autographs/wenceel-perez-cpa-wp,
Will Wilson,669717,2019,draft,hitter,bowman_1st_base,baseball-cards-2019-bowman-draft-chrome,https://www.sportscardspro.com/game/baseball-cards-2019-bowman-draft-chrome/will-wilson-bdc-182,https://www.sportscardspro.com/game/baseball-cards-2019-bowman-draft-chrome-picks-autograph/will-wilson-cda-ww,
Andy Pages,681624,2020,chrome,hitter,bowman_1st_base,,,https://www.sportscardspro.com/game/baseball-cards-2020-bowman-chrome-prospects-autograph/andy-pages-cpa-ap,
Austin Shenton,668853,2020,chrome,hitter,bowman_1st_base,,,https://www.sportscardspro.com/game/baseball-cards-2020-bowman-chrome-prospects-autograph/austin-shenton-cpa-ash,
Bailey Horn,690544,2020,draft,pitcher,bowman_1st_base,baseball-cards-2020-bowman-draft-chrome,https://www.sportscardspro.com/game/baseball-cards-2020-bowman-draft-chrome/bailey-horn-bd-164,https://www.sportscardspro.com/game/baseball-cards-2020-bowman-draft-picks-chrome-autographs/bailey-horn-cda-bho,
CJ Van Eyk,669310,2020,draft,pitcher,bowman_1st_base,baseball-cards-2020-bowman-draft-chrome,https://www.sportscardspro.com/game/baseball-cards-2020-bowman-draft-chrome/cj-van-eyk-bd-93,https://www.sportscardspro.com/game/baseball-cards-2020-bowman-draft-picks-chrome-autographs/cj-van-eyk-cda-cv,
Carson Ragsdale,685068,2020,draft,pitcher,bowman_1st_base,baseball-cards-2020-bowman-draft-chrome,https://www.sportscardspro.com/game/baseball-cards-2020-bowman-draft-chrome/carson-ragsdale-bd-145,https://www.sportscardspro.com/game/baseball-cards-2020-bowman-draft-picks-chrome-autographs/carson-ragsdale-cda-cra,
Carter Baumler,691945,2020,draft,pitcher,bowman_1st_base,baseball-cards-2020-bowman-draft-chrome,https://www.sportscardspro.com/game/baseball-cards-2020-bowman-draft-chrome/carter-baumler-bd-117,https://www.sportscardspro.com/game/baseball-cards-2020-bowman-draft-picks-chrome-autographs/carter-baumler-cda-cb,
Christian Koss,683766,2020,chrome,hitter,bowman_1st_base,,,https://www.sportscardspro.com/game/baseball-cards-2020-bowman-chrome-prospects-autograph/christian-koss-cpa-ck,
Clayton Beeter,690925,2020,draft,pitcher,bowman_1st_base,baseball-cards-2020-bowman-draft-chrome,https://www.sportscardspro.com/game/baseball-cards-2020-bowman-draft-chrome/clayton-beeter-bd-30,https://www.sportscardspro.com/game/baseball-cards-2020-bowman-draft-picks-chrome-autographs/clayton-beeter-cda-cbe,
Cole Henry,669371,2020,draft,pitcher,bowman_1st_base,baseball-cards-2020-bowman-draft-chrome,https://www.sportscardspro.com/game/baseball-cards-2020-bowman-draft-chrome/cole-henry-bd-67,https://www.sportscardspro.com/game/baseball-cards-2020-bowman-draft-picks-chrome-autographs/cole-henry-cda-che,
Colt Keith,690993,2020,draft,hitter,bowman_1st_base,baseball-cards-2020-bowman-draft-chrome,https://www.sportscardspro.com/game/baseball-cards-2020-bowman-draft-chrome/colt-keith-bd-54,https://www.sportscardspro.com/game/baseball-cards-2020-bowman-draft-picks-chrome-autographs/colt-keith-cda-kc,
Daniel Cabrera,425555,2020,draft,pitcher,bowman_1st_base,baseball-cards-2020-bowman-draft-chrome,https://www.sportscardspro.com/game/baseball-cards-2020-bowman-draft-chrome/daniel-cabrera-bd-62,https://www.sportscardspro.com/game/baseball-cards-2020-bowman-draft-picks-chrome-autographs/daniel-cabrera-cda-dca,
Dillon Dingler,693307,2020,draft,hitter,bowman_1st_base,baseball-cards-2020-bowman-draft-chrome,https://www.sportscardspro.com/game/baseball-cards-2020-bowman-draft-chrome/dillon-dingler-bd-144,https://www.sportscardspro.com/game/baseball-cards-2020-bowman-draft-picks-chrome-autographs/dillon-dingler-cda-dd,
Drew Avans,682183,2020,chrome,hitter,bowman_1st_base,,,https://www.sportscardspro.com/game/baseball-cards-2020-bowman-chrome-prospects-autograph/drew-avans-cpa-da,
Drew Romo,691011,2020,draft,hitter,bowman_1st_base,baseball-cards-2020-bowman-draft-chrome,https://www.sportscardspro.com/game/baseball-cards-2020-bowman-draft-chrome/drew-romo-bd-106,https://www.sportscardspro.com/game/baseball-cards-2020-bowman-draft-picks-chrome-autographs/drew-romo-cda-dr,
Eric Orze,679358,2020,draft,pitcher,bowman_1st_base,,,https://www.sportscardspro.com/game/baseball-cards-2020-bowman-draft-picks-chrome-autographs/eric-orze-cda-eo,
Erik Miller,669062,2020,chrome,pitcher,bowman_1st_base,,,https://www.sportscardspro.com/game/baseball-cards-2020-bowman-chrome-prospects-autograph/erik-miller-cpa-em,
Gage Workman,669398,2020,draft,hitter,bowman_1st_base,baseball-cards-2020-bowman-draft-chrome,https://www.sportscardspro.com/game/baseball-cards-2020-bowman-draft-chrome/gage-workman-bd-33,https://www.sportscardspro.com/game/baseball-cards-2020-bowman-draft-picks-chrome-autographs/gage-workman-cda-gw,
Ian Seymour,693855,2020,draft,pitcher,bowman_1st_base,baseball-cards-2020-bowman-draft-chrome,https://www.sportscardspro.com/game/baseball-cards-2020-bowman-draft-chrome/ian-seymour-bd-96,https://www.sportscardspro.com/game/baseball-cards-2020-bowman-draft-picks-chrome-autographs/ian-seymour-cda-is,
Jared Jones,683003,2020,draft,pitcher,bowman_1st_base,baseball-cards-2020-bowman-draft-chrome,https://www.sportscardspro.com/game/baseball-cards-2020-bowman-draft-chrome/jared-jones-bd-70,https://www.sportscardspro.com/game/baseball-cards-2020-bowman-draft-picks-chrome-autographs/jared-jones-cda-jj,
Jeff Criswell,676105,2020,draft,pitcher,bowman_1st_base,baseball-cards-2020-bowman-draft-chrome,https://www.sportscardspro.com/game/baseball-cards-2020-bowman-draft-chrome/jeff-criswell-bd-134,https://www.sportscardspro.com/game/baseball-cards-2020-bowman-draft-picks-chrome-autographs/jeff-criswell-cda-jc,
Joey Cantillo,676282,2020,chrome,pitcher,bowman_1st_base,baseball-cards-2020-bowman-chrome-prospects,https://www.sportscardspro.com/game/baseball-cards-2020-bowman-chrome-prospects/joey-cantillo-bcp-76,https://www.sportscardspro.com/game/baseball-cards-2020-bowman-chrome-prospects-autograph/joey-cantillo-cpa-jc,
Justin Foscue,679822,2020,draft,hitter,bowman_1st_base,baseball-cards-2020-bowman-draft-chrome,https://www.sportscardspro.com/game/baseball-cards-2020-bowman-draft-chrome/justin-foscue-bd-124,https://www.sportscardspro.com/game/baseball-cards-2020-bowman-draft-picks-chrome-autographs/justin-foscue-cda-jf,
Landon Knack,689017,2020,draft,pitcher,bowman_1st_base,baseball-cards-2020-bowman-draft-chrome,https://www.sportscardspro.com/game/baseball-cards-2020-bowman-draft-chrome/landon-knack-bd-52,https://www.sportscardspro.com/game/baseball-cards-2020-bowman-draft-picks-chrome-autographs/landon-knack-cda-lk,
Luisangel Acuna,682668,2020,chrome,hitter,bowman_1st_base,baseball-cards-2021-bowman-draft-chrome,https://www.sportscardspro.com/game/baseball-cards-2021-bowman-draft-chrome/luisangel-acuna-bdc-81,https://www.sportscardspro.com/game/baseball-cards-2020-bowman-chrome-prospects-autograph/luisangel-acuna-cpa-la,
Marco Raya,694397,2020,draft,pitcher,bowman_1st_base,baseball-cards-2020-bowman-draft-chrome,https://www.sportscardspro.com/game/baseball-cards-2020-bowman-draft-chrome/marco-raya-bd-63,https://www.sportscardspro.com/game/baseball-cards-2020-bowman-draft-picks-chrome-autographs/marco-raya-cda-mr,
Max Lazar,676661,2020,chrome,pitcher,bowman_1st_base,,,https://www.sportscardspro.com/game/baseball-cards-2020-bowman-chrome-prospects-autograph/max-lazar-cpa-ml,
Nick Yorke,694377,2020,draft,hitter,bowman_1st_base,baseball-cards-2020-bowman-draft-chrome,https://www.sportscardspro.com/game/baseball-cards-2020-bowman-draft-chrome/nick-yorke-bd-29,https://www.sportscardspro.com/game/baseball-cards-2020-bowman-draft-picks-chrome-autographs/nick-yorke-cda-ny,
Owen Caissie,683357,2020,draft,hitter,bowman_1st_base,baseball-cards-2020-bowman-draft-chrome,https://www.sportscardspro.com/game/baseball-cards-2020-bowman-draft-chrome/owen-caissie-bd-49,https://www.sportscardspro.com/game/baseball-cards-2020-bowman-draft-picks-chrome-autographs/owen-caissie-cda-oc,
Pedro Pages,686780,2020,chrome,hitter,bowman_1st_base,,,https://www.sportscardspro.com/game/baseball-cards-2020-bowman-chrome-prospects-autograph/pedro-pages-cpa-pp,
Petey Halpin,690984,2020,draft,hitter,bowman_1st_base,baseball-cards-2020-bowman-draft-chrome,https://www.sportscardspro.com/game/baseball-cards-2020-bowman-draft-chrome/petey-halpin-bd-69,https://www.sportscardspro.com/game/baseball-cards-2020-bowman-draft-picks-chrome-autographs/petey-halpin-cda-ph,
Ricky Vanasco,676568,2020,chrome,pitcher,bowman_1st_base,,,https://www.sportscardspro.com/game/baseball-cards-2020-bowman-chrome-prospects-autograph/ricky-vanasco-cpa-rv,
Shane Drohan,675660,2020,draft,pitcher,bowman_1st_base,baseball-cards-2020-bowman-draft-chrome,https://www.sportscardspro.com/game/baseball-cards-2020-bowman-draft-chrome/shane-drohan-bd-170,https://www.sportscardspro.com/game/baseball-cards-2020-bowman-draft-picks-chrome-autographs/shane-drohan-cda-sd,
Thomas Saggese,695336,2020,draft,hitter,bowman_1st_base,baseball-cards-2020-bowman-draft-chrome,https://www.sportscardspro.com/game/baseball-cards-2020-bowman-draft-chrome/thomas-saggese-bd-167,https://www.sportscardspro.com/game/baseball-cards-2020-bowman-draft-picks-chrome-autographs/thomas-saggese-cda-tsa,
Trei Cruz,669360,2020,draft,hitter,bowman_1st_base,baseball-cards-2020-bowman-draft-chrome,https://www.sportscardspro.com/game/baseball-cards-2020-bowman-draft-chrome/trei-cruz-bd-11,https://www.sportscardspro.com/game/baseball-cards-2020-bowman-draft-picks-chrome-autographs/trei-cruz-cda-tc,
Will Holland,116073,2020,chrome,hitter,bowman_1st_base,,,https://www.sportscardspro.com/game/baseball-cards-2020-bowman-chrome-prospects-autograph/will-holland-cpa-wh,
Will Klein,694361,2020,draft,pitcher,bowman_1st_base,baseball-cards-2020-bowman-draft-chrome,https://www.sportscardspro.com/game/baseball-cards-2020-bowman-draft-chrome/will-klein-bd-157,https://www.sportscardspro.com/game/baseball-cards-2020-bowman-draft-picks-chrome-autographs/will-klein-cda-wk,
Zac Veen,691728,2020,draft,hitter,bowman_1st_base,baseball-cards-2020-bowman-draft-chrome,https://www.sportscardspro.com/game/baseball-cards-2020-bowman-draft-chrome/zac-veen-bd-107,https://www.sportscardspro.com/game/baseball-cards-2020-bowman-draft-picks-chrome-autographs/zac-veen-cda-zv,
Zach DeLoach,676113,2020,draft,hitter,bowman_1st_base,baseball-cards-2020-bowman-draft-chrome,https://www.sportscardspro.com/game/baseball-cards-2020-bowman-draft-chrome/zach-deloach-bd-28,https://www.sportscardspro.com/game/baseball-cards-2020-bowman-draft-picks-chrome-autographs/zach-deloach-cda-zd,
Zach McCambley,685112,2020,draft,pitcher,bowman_1st_base,baseball-cards-2020-bowman-draft-chrome,https://www.sportscardspro.com/game/baseball-cards-2020-bowman-draft-chrome/zach-mccambley-bd-112,https://www.sportscardspro.com/game/baseball-cards-2020-bowman-draft-picks-chrome-autographs/zach-mccambley-cda-zm,
Andrew Painter,691725,2021,draft,pitcher,bowman_1st_base,baseball-cards-2021-bowman-draft-chrome,https://www.sportscardspro.com/game/baseball-cards-2021-bowman-draft-chrome/andrew-painter-bdc-10,https://www.sportscardspro.com/game/baseball-cards-2021-bowman-draft-pick-chrome-autographs/andrew-painter-cda-ap,
Beck Way,694360,2021,chrome,pitcher,bowman_1st_base,,,https://www.sportscardspro.com/game/baseball-cards-2021-bowman-chrome-prospect-autographs/beck-way-cpa-bw,
Blaze Jordan,691458,2021,chrome,hitter,bowman_1st_base,baseball-cards-2021-bowman-chrome-prospects,https://www.sportscardspro.com/game/baseball-cards-2021-bowman-chrome-prospects/blaze-jordan-bcp-195,https://www.sportscardspro.com/game/baseball-cards-2021-bowman-chrome-prospect-autographs/blaze-jordan-cpa-bj,
Brendan Beck,694341,2021,draft,pitcher,bowman_1st_base,baseball-cards-2021-bowman-draft-chrome,https://www.sportscardspro.com/game/baseball-cards-2021-bowman-draft-chrome/brendan-beck-bdc-118,https://www.sportscardspro.com/game/baseball-cards-2021-bowman-draft-pick-chrome-autographs/brendan-beck-cda-bb,
Bubba Chandler,696149,2021,draft,pitcher,bowman_1st_base,baseball-cards-2021-bowman-draft-chrome,https://www.sportscardspro.com/game/baseball-cards-2021-bowman-draft-chrome/bubba-chandler-bdc-41,https://www.sportscardspro.com/game/baseball-cards-2021-bowman-draft-pick-chrome-autographs/bubba-chandler-cda-bc,
Carson Williams,700246,2021,draft,hitter,bowman_1st_base,baseball-cards-2021-bowman-draft-chrome,https://www.sportscardspro.com/game/baseball-cards-2021-bowman-draft-chrome/carson-williams-bdc-180,https://www.sportscardspro.com/game/baseball-cards-2021-bowman-draft-pick-chrome-autographs/carson-williams-cda-cw,
Carter Jensen,695600,2021,draft,hitter,bowman_1st_base,baseball-cards-2021-bowman-draft-chrome,https://www.sportscardspro.com/game/baseball-cards-2021-bowman-draft-chrome/carter-jensen-bdc-106,https://www.sportscardspro.com/game/baseball-cards-2021-bowman-draft-pick-chrome-autographs/carter-jensen-cda-cj,
Chase Petty,695534,2021,draft,pitcher,bowman_1st_base,baseball-cards-2021-bowman-draft-chrome,https://www.sportscardspro.com/game/baseball-cards-2021-bowman-draft-chrome/chase-petty-bdc-49,https://www.sportscardspro.com/game/baseball-cards-2021-bowman-draft-pick-chrome-autographs/chase-petty-cda-cp,
Doug Nikhazy,680951,2021,draft,pitcher,bowman_1st_base,baseball-cards-2021-bowman-draft-chrome,https://www.sportscardspro.com/game/baseball-cards-2021-bowman-draft-chrome/doug-nikhazy-bdc-143,https://www.sportscardspro.com/game/baseball-cards-2021-bowman-draft-pick-chrome-autographs/doug-nikhazy-cda-dn,
Eddy Diaz,113328,2021,chrome,hitter,bowman_1st_base,baseball-cards-2021-bowman-chrome-prospects,https://www.sportscardspro.com/game/baseball-cards-2021-bowman-chrome-prospects/eddy-diaz-bcp-33,https://www.sportscardspro.com/game/baseball-cards-2021-bowman-chrome-prospect-autographs/eddy-diaz-cpa-ed,
Eddy Yean,678868,2021,chrome,pitcher,bowman_1st_base,,,https://www.sportscardspro.com/game/baseball-cards-2021-bowman-chrome-prospect-autographs/eddy-yean-cpa-ey,
Emmanuel Rodriguez,691181,2021,chrome,hitter,bowman_1st_base,baseball-cards-2021-bowman-chrome-prospects,https://www.sportscardspro.com/game/baseball-cards-2021-bowman-chrome-prospects/emmanuel-rodriguez-bcp-207,https://www.sportscardspro.com/game/baseball-cards-2021-bowman-chrome-prospect-autographs/emmanuel-rodriguez-cpa-ero,
Eric Cerantola,672021,2021,draft,pitcher,bowman_1st_base,,,https://www.sportscardspro.com/game/baseball-cards-2021-bowman-draft-pick-chrome-autographs/eric-cerantola-cda-ec,
Gunnar Hoglund,680684,2021,draft,pitcher,bowman_1st_base,baseball-cards-2021-bowman-draft-chrome,https://www.sportscardspro.com/game/baseball-cards-2021-bowman-draft-chrome/gunnar-hoglund-bdc-78,https://www.sportscardspro.com/game/baseball-cards-2021-bowman-draft-pick-chrome-autographs/gunnar-hoglund-cda-gh,
Harry Ford,695670,2021,draft,hitter,bowman_1st_base,baseball-cards-2021-bowman-draft-chrome,https://www.sportscardspro.com/game/baseball-cards-2021-bowman-draft-chrome/harry-ford-bdc-1,https://www.sportscardspro.com/game/baseball-cards-2021-bowman-draft-pick-chrome-autographs/harry-ford-cda-hf,
Heriberto Hernandez,681715,2021,chrome,hitter,bowman_1st_base,baseball-cards-2021-bowman-draft-chrome,https://www.sportscardspro.com/game/baseball-cards-2021-bowman-draft-chrome/heriberto-hernandez-bdc-100,https://www.sportscardspro.com/game/baseball-cards-2021-bowman-chrome-prospect-autographs/heriberto-hernandez-cpa-hh,
Ivan Johnson,671155,2021,chrome,hitter,bowman_1st_base,baseball-cards-2021-bowman-chrome-prospects,https://www.sportscardspro.com/game/baseball-cards-2021-bowman-chrome-prospects/ivan-johnson-bcp-149,https://www.sportscardspro.com/game/baseball-cards-2021-bowman-chrome-prospect-autographs/ivan-johnson-cpa-ij,
Jeferson Quero,691620,2021,chrome,hitter,bowman_1st_base,baseball-cards-2021-bowman-chrome-prospects,https://www.sportscardspro.com/game/baseball-cards-2021-bowman-chrome-prospects/jeferson-quero-bcp-181,https://www.sportscardspro.com/game/baseball-cards-2021-bowman-chrome-prospect-autographs/jeferson-quero-cpa-jq,
Joe Mack,691788,2021,draft,hitter,bowman_1st_base,baseball-cards-2021-bowman-draft-chrome,https://www.sportscardspro.com/game/baseball-cards-2021-bowman-draft-chrome/joe-mack-bdc-159,https://www.sportscardspro.com/game/baseball-cards-2021-bowman-draft-pick-chrome-autographs/joe-mack-cda-jma,
Joe Rock,697812,2021,draft,pitcher,bowman_1st_base,baseball-cards-2021-bowman-draft-chrome,https://www.sportscardspro.com/game/baseball-cards-2021-bowman-draft-chrome/joe-rock-bdc-154,https://www.sportscardspro.com/game/baseball-cards-2021-bowman-draft-pick-chrome-autographs/joe-rock-cda-jr,
Jose Baez,110428,2021,chrome,hitter,bowman_1st_base,,,https://www.sportscardspro.com/game/baseball-cards-2021-bowman-chrome-prospect-autographs/jose-baez-cpa-jb,
Jose Torres,600526,2021,draft,pitcher,bowman_1st_base,baseball-cards-2021-bowman-draft-chrome,https://www.sportscardspro.com/game/baseball-cards-2021-bowman-draft-chrome/jose-torres-bdc-125,https://www.sportscardspro.com/game/baseball-cards-2021-bowman-draft-pick-chrome-autographs/jose-torres-cda-jto,
Luke Murphy,684665,2021,draft,pitcher,bowman_1st_base,baseball-cards-2021-bowman-draft-chrome,https://www.sportscardspro.com/game/baseball-cards-2021-bowman-draft-chrome/luke-murphy-bdc-167,https://www.sportscardspro.com/game/baseball-cards-2021-bowman-draft-pick-chrome-autographs/luke-murphy-cda-lmu,
Marcelo Mayer,691785,2021,draft,hitter,bowman_1st_base,baseball-cards-2021-bowman-draft-chrome,https://www.sportscardspro.com/game/baseball-cards-2021-bowman-draft-chrome/marcelo-mayer-bdc-174,https://www.sportscardspro.com/game/baseball-cards-2021-bowman-draft-pick-chrome-autographs/marcelo-mayer-cda-mm,
Maximo Acosta,691185,2021,chrome,hitter,bowman_1st_base,baseball-cards-2021-bowman-chrome-prospects,https://www.sportscardspro.com/game/baseball-cards-2021-bowman-chrome-prospects/maximo-acosta-bcp-163,https://www.sportscardspro.com/game/baseball-cards-2021-bowman-chrome-prospect-autographs/maximo-acosta-cpa-ma,
McCade Brown,685326,2021,draft,pitcher,bowman_1st_base,baseball-cards-2021-bowman-draft-chrome,https://www.sportscardspro.com/game/baseball-cards-2021-bowman-draft-chrome/mccade-brown-bdc-59,https://www.sportscardspro.com/game/baseball-cards-2021-bowman-draft-pick-chrome-autographs/mccade-brown-cda-mbr,
Mick Abel,690953,2021,chrome,pitcher,bowman_1st_base,baseball-cards-2021-bowman-chrome-prospects,https://www.sportscardspro.com/game/baseball-cards-2021-bowman-chrome-prospects/mick-abel-bcp-219,https://www.sportscardspro.com/game/baseball-cards-2021-bowman-chrome-prospect-autographs/mick-abel-cpa-mab,
Mitch Bratt,683352,2021,draft,pitcher,bowman_1st_base,,,https://www.sportscardspro.com/game/baseball-cards-2021-bowman-draft-pick-chrome-autographs/mitch-bratt-cda-mbra,
Nick Frasso,693308,2021,chrome,pitcher,bowman_1st_base,,,https://www.sportscardspro.com/game/baseball-cards-2021-bowman-chrome-prospect-autographs/nick-frasso-cpa-nf,
Pedro Martinez,118377,2021,chrome,pitcher,bowman_1st_base,,,https://www.sportscardspro.com/game/baseball-cards-2021-bowman-chrome-prospect-autographs/pedro-martinez-cpa-pm,
Ricky Tiedemann,694357,2021,draft,pitcher,bowman_1st_base,baseball-cards-2021-bowman-draft-chrome,https://www.sportscardspro.com/game/baseball-cards-2021-bowman-draft-chrome/ricky-tiedemann-bdc-89,https://www.sportscardspro.com/game/baseball-cards-2021-bowman-draft-pick-chrome-autographs/ricky-tiedemann-cda-rti,
Ryan Webb,444436,2021,draft,pitcher,bowman_1st_base,baseball-cards-2021-bowman-draft-chrome,https://www.sportscardspro.com/game/baseball-cards-2021-bowman-draft-chrome/ryan-webb-bdc-57,https://www.sportscardspro.com/game/baseball-cards-2021-bowman-draft-pick-chrome-autographs/ryan-webb-cda-rw,
Tanner Murray,695020,2021,chrome,hitter,bowman_1st_base,,,https://www.sportscardspro.com/game/baseball-cards-2021-bowman-chrome-prospect-autographs/tanner-murray-cpa-tm,
Yohendrick Pinango,682818,2021,chrome,hitter,bowman_1st_base,baseball-cards-2021-bowman-draft-chrome,https://www.sportscardspro.com/game/baseball-cards-2021-bowman-draft-chrome/yohendrick-pinango-bdc-25,https://www.sportscardspro.com/game/baseball-cards-2021-bowman-chrome-prospect-autographs/yohendrick-pinango-cpa-yp,
Adam Macko,671936,2022,chrome,pitcher,bowman_1st_base,,,https://www.sportscardspro.com/game/baseball-cards-2022-bowman-chrome-prospect-autographs/adam-macko-cpa-am,
Alex McFarlane,686934,2022,draft,pitcher,bowman_1st_base,baseball-cards-2022-bowman-draft-chrome,https://www.sportscardspro.com/game/baseball-cards-2022-bowman-draft-chrome/alex-mcfarlane-bdc-117,https://www.sportscardspro.com/game/baseball-cards-2022-bowman-draft-chrome-autographs/alex-mcfarlane-cda-ame,
BJ Murray Jr.,681230,2022,chrome,hitter,bowman_1st_base,,,https://www.sportscardspro.com/game/baseball-cards-2022-bowman-chrome-prospect-autographs/bj-murray-jr-cpa-bm,
Blake Burkhalter,686628,2022,draft,pitcher,bowman_1st_base,baseball-cards-2022-bowman-draft-chrome,https://www.sportscardspro.com/game/baseball-cards-2022-bowman-draft-chrome/blake-burkhalter-bdc-10,https://www.sportscardspro.com/game/baseball-cards-2022-bowman-draft-chrome-autographs/blake-burkhalter-cda-bbr,
Brandon Valenzuela,678218,2022,chrome,hitter,bowman_1st_base,baseball-cards-2022-bowman-chrome-prospects,https://www.sportscardspro.com/game/baseball-cards-2022-bowman-chrome-prospects/brandon-valenzuela-bcp-28,https://www.sportscardspro.com/game/baseball-cards-2022-bowman-chrome-prospect-autographs/brandon-valenzuela-cpa-bv,
Chase DeLauter,800050,2022,draft,hitter,bowman_1st_base,baseball-cards-2022-bowman-draft-chrome,https://www.sportscardspro.com/game/baseball-cards-2022-bowman-draft-chrome/chase-delauter-bdc-49,https://www.sportscardspro.com/game/baseball-cards-2022-bowman-draft-chrome-autographs/chase-delauter-cda-cd,
Christian Franklin,681047,2022,chrome,hitter,bowman_1st_base,,,https://www.sportscardspro.com/game/baseball-cards-2022-bowman-chrome-prospect-autographs/christian-franklin-cpa-cf,
Cooper Hjerpe,687309,2022,draft,pitcher,bowman_1st_base,baseball-cards-2022-bowman-draft-chrome,https://www.sportscardspro.com/game/baseball-cards-2022-bowman-draft-chrome/cooper-hjerpe-bdc-95,https://www.sportscardspro.com/game/baseball-cards-2022-bowman-draft-chrome-autographs/cooper-hjerpe-cda-che,
Eddys Leonard,678760,2022,chrome,hitter,bowman_1st_base,baseball-cards-2022-bowman-chrome-prospects,https://www.sportscardspro.com/game/baseball-cards-2022-bowman-chrome-prospects/eddys-leonard-bcp-229,https://www.sportscardspro.com/game/baseball-cards-2022-bowman-chrome-prospect-autographs/eddys-leonard-cpa-el,
Gabriel Hughes,687312,2022,draft,pitcher,bowman_1st_base,baseball-cards-2022-bowman-draft-chrome,https://www.sportscardspro.com/game/baseball-cards-2022-bowman-draft-chrome/gabriel-hughes-bdc-151,https://www.sportscardspro.com/game/baseball-cards-2022-bowman-draft-chrome-autographs/gabriel-hughes-cda-gh,
Henry Bolte,703607,2022,draft,hitter,bowman_1st_base,baseball-cards-2022-bowman-draft-chrome,https://www.sportscardspro.com/game/baseball-cards-2022-bowman-draft-chrome/henry-bolte-bdc-121,https://www.sportscardspro.com/game/baseball-cards-2022-bowman-draft-chrome-autographs/henry-bolte-cda-hb,
Henry Williams,816575,2022,draft,hitter,bowman_1st_base,baseball-cards-2022-bowman-draft-chrome,https://www.sportscardspro.com/game/baseball-cards-2022-bowman-draft-chrome/henry-williams-bdc-119,https://www.sportscardspro.com/game/baseball-cards-2022-bowman-draft-chrome-autographs/henry-williams-cda-hw,
JR Ritchie,702275,2022,draft,pitcher,bowman_1st_base,baseball-cards-2022-bowman-draft-chrome,https://www.sportscardspro.com/game/baseball-cards-2022-bowman-draft-chrome/jr-ritchie-bdc-126,https://www.sportscardspro.com/game/baseball-cards-2022-bowman-draft-chrome-autographs/jr-ritchie-cda-jr,
Jack Brannigan,687394,2022,draft,hitter,bowman_1st_base,baseball-cards-2022-bowman-draft-chrome,https://www.sportscardspro.com/game/baseball-cards-2022-bowman-draft-chrome/jack-brannigan-bdc-154,https://www.sportscardspro.com/game/baseball-cards-2022-bowman-draft-chrome-autographs/jack-brannigan-cda-jbn,
James Triantos,701649,2022,chrome,hitter,bowman_1st_base,baseball-cards-2022-bowman-chrome-prospects,https://www.sportscardspro.com/game/baseball-cards-2022-bowman-chrome-prospects/james-triantos-bcp-208,https://www.sportscardspro.com/game/baseball-cards-2022-bowman-chrome-prospect-autographs/james-triantos-cpa-jts,
John Fox,114362,2022,chrome,pitcher,bowman_1st_base,,,https://www.sportscardspro.com/game/baseball-cards-2022-bowman-chrome-prospect-autographs/john-fox-cpa-jf,
Joshua Baez,695491,2022,chrome,hitter,bowman_1st_base,baseball-cards-2022-bowman-chrome-prospects,https://www.sportscardspro.com/game/baseball-cards-2022-bowman-chrome-prospects/joshua-baez-bcp-112,https://www.sportscardspro.com/game/baseball-cards-2022-bowman-chrome-prospect-autographs/joshua-baez-cpa-jb,
Juan Guerrero,115220,2022,chrome,hitter,bowman_1st_base,,,https://www.sportscardspro.com/game/baseball-cards-2022-bowman-chrome-prospect-autographs/juan-guerrero-cpa-jgo,
Junior Perez,678577,2022,chrome,hitter,bowman_1st_base,baseball-cards-2022-bowman-chrome-prospects,https://www.sportscardspro.com/game/baseball-cards-2022-bowman-chrome-prospects/junior-perez-bcp-180,https://www.sportscardspro.com/game/baseball-cards-2022-bowman-chrome-prospect-autographs/junior-perez-cpa-jp,
Kahlil Watson,696135,2022,chrome,hitter,bowman_1st_base,baseball-cards-2022-bowman-chrome-prospects,https://www.sportscardspro.com/game/baseball-cards-2022-bowman-chrome-prospects/kahlil-watson-bcp-3,https://www.sportscardspro.com/game/baseball-cards-2022-bowman-chrome-prospect-autographs/kahlil-watson-cpa-kw,
Nate Furman,801501,2022,draft,hitter,bowman_1st_base,baseball-cards-2022-bowman-draft-chrome,https://www.sportscardspro.com/game/baseball-cards-2022-bowman-draft-chrome/nate-furman-bdc-182,https://www.sportscardspro.com/game/baseball-cards-2022-bowman-draft-chrome-autographs/nate-furman-cda-nf,
Noah Schultz,702273,2022,draft,pitcher,bowman_1st_base,baseball-cards-2022-bowman-draft-chrome,https://www.sportscardspro.com/game/baseball-cards-2022-bowman-draft-chrome/noah-schultz-bdc-56,https://www.sportscardspro.com/game/baseball-cards-2022-bowman-draft-chrome-autographs/noah-schultz-cda-nsz,
Owen Murphy,702566,2022,draft,pitcher,bowman_1st_base,baseball-cards-2022-bowman-draft-chrome,https://www.sportscardspro.com/game/baseball-cards-2022-bowman-draft-chrome/owen-murphy-bdc-145,https://www.sportscardspro.com/game/baseball-cards-2022-bowman-draft-chrome-autographs/owen-murphy-cda-om,
Peyton Pallette,688883,2022,draft,pitcher,bowman_1st_base,baseball-cards-2022-bowman-draft-chrome,https://www.sportscardspro.com/game/baseball-cards-2022-bowman-draft-chrome/peyton-pallette-bdc-177,https://www.sportscardspro.com/game/baseball-cards-2022-bowman-draft-chrome-autographs/peyton-pallette-cda-pp,
Robby Snelling,702281,2022,draft,pitcher,bowman_1st_base,baseball-cards-2022-bowman-draft-chrome,https://www.sportscardspro.com/game/baseball-cards-2022-bowman-draft-chrome/robby-snelling-bdc-82,https://www.sportscardspro.com/game/baseball-cards-2022-bowman-draft-chrome-autographs/robby-snelling-cda-rs,
Roberto Campos,820204,2022,chrome,hitter,bowman_1st_base,baseball-cards-2022-bowman-chrome-prospects,https://www.sportscardspro.com/game/baseball-cards-2022-bowman-chrome-prospects/roberto-campos-bcp-14,https://www.sportscardspro.com/game/baseball-cards-2022-bowman-chrome-prospect-autographs/roberto-campos-cpa-rcs,
Sterlin Thompson,694514,2022,draft,hitter,bowman_1st_base,,,https://www.sportscardspro.com/game/baseball-cards-2022-bowman-draft-chrome-autographs/sterlin-thompson-cda-st,
Tanner McDougal,701780,2022,chrome,pitcher,bowman_1st_base,,,https://www.sportscardspro.com/game/baseball-cards-2022-bowman-chrome-prospect-autographs/tanner-mcdougal-cpa-tm,
Trevor Martin,694680,2022,draft,pitcher,bowman_1st_base,baseball-cards-2022-bowman-draft-chrome,https://www.sportscardspro.com/game/baseball-cards-2022-bowman-draft-chrome/trevor-martin-bdc-184,https://www.sportscardspro.com/game/baseball-cards-2022-bowman-draft-chrome-autographs/trevor-martin-cda-tm,
Tyler Collins,607385,2022,chrome,hitter,bowman_1st_base,,,https://www.sportscardspro.com/game/baseball-cards-2022-bowman-chrome-prospect-autographs/tyler-collins-cpa-tcs,
Tyler Schweitzer,805326,2022,draft,pitcher,bowman_1st_base,,,https://www.sportscardspro.com/game/baseball-cards-2022-bowman-draft-chrome-autographs/tyler-schweitzer-cda-tsr,
William Bergolla,430596,2022,chrome,hitter,bowman_1st_base,baseball-cards-2022-bowman-chrome-prospects,https://www.sportscardspro.com/game/baseball-cards-2022-bowman-chrome-prospects/william-bergolla-bcp-159,https://www.sportscardspro.com/game/baseball-cards-2022-bowman-chrome-prospect-autographs/william-bergolla-cpa-wb,
Alex Ramirez,150352,2023,chrome,hitter,bowman_1st_base,baseball-cards-2023-bowman-chrome-prospects,https://www.sportscardspro.com/game/baseball-cards-2023-bowman-chrome-prospects/alex-ramirez-bcp-211,https://www.sportscardspro.com/game/baseball-cards-2023-bowman-chrome-prospect-autographs/alex-ramirez-cpa-ar,
Andres Mesa,818172,2023,chrome,hitter,bowman_1st_base,baseball-cards-2023-bowman-chrome-prospects,https://www.sportscardspro.com/game/baseball-cards-2023-bowman-chrome-prospects/andres-mesa-bcp-44,https://www.sportscardspro.com/game/baseball-cards-2023-bowman-chrome-prospect-autographs/andres-mesa-cpa-am,
Andrew Taylor,476531,2023,chrome,pitcher,bowman_1st_base,,,https://www.sportscardspro.com/game/baseball-cards-2023-bowman-chrome-prospect-autographs/andrew-taylor-cpa-atr,
Joe Redfield,120982,2023,draft,hitter,bowman_1st_base,baseball-cards-2023-bowman-draft-chrome,https://www.sportscardspro.com/game/baseball-cards-2023-bowman-draft-chrome/joe-redfield-bdc-122,https://www.sportscardspro.com/game/baseball-cards-2023-bowman-draft-chrome-prospect-autographs/joe-redfield-cda-jre,
Joe Stewart,122781,2023,chrome,pitcher,bowman_1st_base,,,https://www.sportscardspro.com/game/baseball-cards-2023-bowman-chrome-prospect-autographs/joe-stewart-cpa-jst,
Paul Wilson,124417,2023,draft,pitcher,bowman_1st_base,baseball-cards-2023-bowman-draft-chrome,https://www.sportscardspro.com/game/baseball-cards-2023-bowman-draft-chrome/paul-wilson-bdc-186,https://www.sportscardspro.com/game/baseball-cards-2023-bowman-draft-chrome-prospect-autographs/paul-wilson-cda-pw,
Robert Moore,818079,2023,chrome,hitter,bowman_1st_base,,,https://www.sportscardspro.com/game/baseball-cards-2023-bowman-chrome-prospect-autographs/robert-moore-cpa-rme,
Carlos Silva,400067,2024,chrome,pitcher,bowman_1st_base,baseball-cards-2024-bowman-chrome-prospects,https://www.sportscardspro.com/game/baseball-cards-2024-bowman-chrome-prospects/carlos-silva-bcp-120,https://www.sportscardspro.com/game/baseball-cards-2024-bowman-chrome-prospects-autograph/carlos-silva-cpa-csi,
Ramon Ramirez,459371,2024,chrome,pitcher,bowman_1st_base,,,https://www.sportscardspro.com/game/baseball-cards-2024-bowman-chrome-prospects-autograph/ramon-ramirez-cpa-rrz,
Sam Shaw,122082,2024,chrome,pitcher,bowman_1st_base,,,https://www.sportscardspro.com/game/baseball-cards-2024-bowman-chrome-prospects-autograph/sam-shaw-cpa-ss,
Jamie Arnold,150374,2025,draft,pitcher,bowman_1st_base,baseball-cards-2025-bowman-draft-chrome,https://www.sportscardspro.com/game/baseball-cards-2025-bowman-draft-chrome/jamie-arnold-bdc-30,https://www.sportscardspro.com/game/baseball-cards-2025-bowman-draft-chrome-prospect-autograph/jamie-arnold-cpa-ja,
Jose Pirela,517369,2025,chrome,hitter,bowman_1st_base,baseball-cards-2025-bowman-chrome-prospects,https://www.sportscardspro.com/game/baseball-cards-2025-bowman-chrome-prospects/jose-pirela-bcp-111,https://www.sportscardspro.com/game/baseball-cards-2025-bowman-chrome-prospect-autograph/jose-pirela-cpa-jp,
Aaron Brown,676345,2015,chrome,pitcher,bowman_1st_base,,,https://www.sportscardspro.com/game/baseball-cards-2015-bowman-chrome-prospect-autograph/aaron-brown-bcap-abr,
Amaurys Minier,620441,2015,chrome,hitter,bowman_1st_base,baseball-cards-2015-bowman-chrome-prospects,https://www.sportscardspro.com/game/baseball-cards-2015-bowman-chrome-prospects/amaurys-minier-bcp191,https://www.sportscardspro.com/game/baseball-cards-2015-bowman-chrome-prospect-autograph/amaurys-minier-bcap-am,
Arquimedes Gamboa,660614,2015,chrome,hitter,bowman_1st_base,,,https://www.sportscardspro.com/game/baseball-cards-2015-bowman-chrome-prospect-autograph/arquimedes-gamboa-bcap-ag,
Austin Cousino,624426,2015,chrome,hitter,bowman_1st_base,baseball-cards-2015-bowman-chrome-prospects,https://www.sportscardspro.com/game/baseball-cards-2015-bowman-chrome-prospects/austin-cousino-bcp244,https://www.sportscardspro.com/game/baseball-cards-2015-bowman-chrome-prospect-autograph/austin-cousino-bcap-ac,
Austin Smith,663930,2015,draft,pitcher,bowman_1st_base,baseball-cards-2015-bowman-draft-chrome,https://www.sportscardspro.com/game/baseball-cards-2015-bowman-draft-chrome/austin-smith-180,https://www.sportscardspro.com/game/baseball-cards-2015-bowman-chrome-draft-pick-autograph/austin-smith-bca-asm,
Brett Lilek,621405,2015,draft,pitcher,bowman_1st_base,baseball-cards-2015-bowman-draft-chrome,https://www.sportscardspro.com/game/baseball-cards-2015-bowman-draft-chrome/brett-lilek-61,https://www.sportscardspro.com/game/baseball-cards-2015-bowman-chrome-draft-pick-autograph/brett-lilek-bca-bl,
Cam Gibson,622057,2015,draft,hitter,bowman_1st_base,baseball-cards-2015-bowman-draft-chrome,https://www.sportscardspro.com/game/baseball-cards-2015-bowman-draft-chrome/cam-gibson-20,https://www.sportscardspro.com/game/baseball-cards-2015-bowman-chrome-draft-pick-autograph/cam-gibson-bca-cg,
Casey Gillaspie,656459,2015,chrome,hitter,bowman_1st_base,baseball-cards-2015-bowman-chrome-prospects,https://www.sportscardspro.com/game/baseball-cards-2015-bowman-chrome-prospects/casey-gillaspie-bcp216,https://www.sportscardspro.com/game/baseball-cards-2015-bowman-chrome-prospect-autograph/casey-gillaspie-bcap-cg,
Casey Soltis,656982,2015,chrome,hitter,bowman_1st_base,,,https://www.sportscardspro.com/game/baseball-cards-2015-bowman-chrome-prospect-autograph/casey-soltis-bcap-cs,
Chris Betts,663341,2015,draft,hitter,bowman_1st_base,baseball-cards-2015-bowman-draft-chrome,https://www.sportscardspro.com/game/baseball-cards-2015-bowman-draft-chrome/chris-betts-194,https://www.sportscardspro.com/game/baseball-cards-2015-bowman-chrome-draft-pick-autograph/chris-betts-bca-cb,
Correlle Prime,623194,2015,chrome,hitter,bowman_1st_base,baseball-cards-2015-bowman-chrome-prospects,https://www.sportscardspro.com/game/baseball-cards-2015-bowman-chrome-prospects/correlle-prime-bcp210,https://www.sportscardspro.com/game/baseball-cards-2015-bowman-chrome-prospect-autograph/correlle-prime-bcap-cpr,
D.J. Stewart,621466,2015,draft,hitter,bowman_1st_base,baseball-cards-2015-bowman-draft-chrome,https://www.sportscardspro.com/game/baseball-cards-2015-bowman-draft-chrome/dj-stewart-146,https://www.sportscardspro.com/game/baseball-cards-2015-bowman-chrome-draft-pick-autograph/dj-stewart-bca-dst,
Daniel Carbonell,658135,2015,chrome,hitter,bowman_1st_base,baseball-cards-2015-bowman-chrome-prospects,https://www.sportscardspro.com/game/baseball-cards-2015-bowman-chrome-prospects/daniel-carbonell-bcp189,https://www.sportscardspro.com/game/baseball-cards-2015-bowman-chrome-prospect-autograph/daniel-carbonell-bcap-dc,
Desmond Lindsay,663664,2015,draft,hitter,bowman_1st_base,baseball-cards-2015-bowman-draft-chrome,https://www.sportscardspro.com/game/baseball-cards-2015-bowman-draft-chrome/desmond-lindsay-45,https://www.sportscardspro.com/game/baseball-cards-2015-bowman-chrome-draft-pick-autograph/desmond-lindsay-bca-dl,
Donnie Dewees,664159,2015,draft,hitter,bowman_1st_base,baseball-cards-2015-bowman-draft-chrome,https://www.sportscardspro.com/game/baseball-cards-2015-bowman-draft-chrome/donnie-dewees-16,https://www.sportscardspro.com/game/baseball-cards-2015-bowman-chrome-draft-pick-autograph/donnie-dewees-bca-dd,
Drew Dosch,641529,2015,chrome,hitter,bowman_1st_base,,,https://www.sportscardspro.com/game/baseball-cards-2015-bowman-chrome-prospect-autograph/drew-dosch-bcap-dd,
Drew Finley,663927,2015,draft,pitcher,bowman_1st_base,baseball-cards-2015-bowman-draft-chrome,https://www.sportscardspro.com/game/baseball-cards-2015-bowman-draft-chrome/drew-finley-173,https://www.sportscardspro.com/game/baseball-cards-2015-bowman-chrome-draft-pick-autograph/drew-finley-bca-df,
Endrys Briceno,553968,2015,chrome,pitcher,bowman_1st_base,baseball-cards-2015-bowman-chrome-prospects,https://www.sportscardspro.com/game/baseball-cards-2015-bowman-chrome-prospects/endrys-briceno-bcp185,https://www.sportscardspro.com/game/baseball-cards-2015-bowman-chrome-prospect-autograph/endrys-briceno-bcap-eb,
Eric Jenkins,663346,2015,draft,hitter,bowman_1st_base,baseball-cards-2015-bowman-draft-chrome,https://www.sportscardspro.com/game/baseball-cards-2015-bowman-draft-chrome/eric-jenkins-165,https://www.sportscardspro.com/game/baseball-cards-2015-bowman-chrome-draft-pick-autograph/eric-jenkins-bca-ej,
Garrett Whitley,663605,2015,draft,hitter,bowman_1st_base,baseball-cards-2015-bowman-draft-chrome,https://www.sportscardspro.com/game/baseball-cards-2015-bowman-draft-chrome/garrett-whitley-84,https://www.sportscardspro.com/game/baseball-cards-2015-bowman-chrome-draft-pick-autograph/garrett-whitley-bca-gw,
Gilbert Lara,658677,2015,chrome,hitter,bowman_1st_base,baseball-cards-2015-bowman-chrome-prospects,https://www.sportscardspro.com/game/baseball-cards-2015-bowman-chrome-prospects/gilbert-lara-bcp121,https://www.sportscardspro.com/game/baseball-cards-2015-bowman-chrome-prospect-autograph/gilbert-lara-bcap-gl,
Isael Soto,650675,2015,chrome,hitter,bowman_1st_base,baseball-cards-2017-bowman-chrome-prospects,https://www.sportscardspro.com/game/baseball-cards-2017-bowman-chrome-prospects/isael-soto-bcp-129,https://www.sportscardspro.com/game/baseball-cards-2015-bowman-chrome-prospect-autograph/isael-soto-bcap-is,
Jhoan Urena,622561,2015,chrome,hitter,bowman_1st_base,baseball-cards-2015-bowman-chrome-prospects,https://www.sportscardspro.com/game/baseball-cards-2015-bowman-chrome-prospects/jhoan-urena-bcp98,https://www.sportscardspro.com/game/baseball-cards-2015-bowman-chrome-prospect-autograph/jhoan-urena-bcap-ju,
Jordan Betts,657515,2015,chrome,hitter,bowman_1st_base,baseball-cards-2015-bowman-chrome-prospects,https://www.sportscardspro.com/game/baseball-cards-2015-bowman-chrome-prospects/jordan-betts-bcp64,https://www.sportscardspro.com/game/baseball-cards-2015-bowman-chrome-prospect-autograph/jordan-betts-bcap-jbe,
Josh Morgan,656766,2015,chrome,hitter,bowman_1st_base,baseball-cards-2017-bowman-chrome-prospects,https://www.sportscardspro.com/game/baseball-cards-2017-bowman-chrome-prospects/josh-morgan-bcp-123,https://www.sportscardspro.com/game/baseball-cards-2015-bowman-chrome-prospect-autograph/josh-morgan-bcap-jom,
Juan Hillman,663535,2015,draft,pitcher,bowman_1st_base,baseball-cards-2015-bowman-draft-chrome,https://www.sportscardspro.com/game/baseball-cards-2015-bowman-draft-chrome/juan-hillman-140,https://www.sportscardspro.com/game/baseball-cards-2015-bowman-chrome-draft-pick-autograph/juan-hillman-bca-jhi,
Julian Leon,624645,2015,chrome,hitter,bowman_1st_base,,,https://www.sportscardspro.com/game/baseball-cards-2015-bowman-chrome-prospect-autograph/julian-leon-bcap-jul,
Kyle Holder,664060,2015,draft,hitter,bowman_1st_base,baseball-cards-2015-bowman-draft-chrome,https://www.sportscardspro.com/game/baseball-cards-2015-bowman-draft-chrome/kyle-holder-27,https://www.sportscardspro.com/game/baseball-cards-2015-bowman-chrome-draft-pick-autograph/kyle-holder-bca-kh,
Logan Moon,656758,2015,chrome,hitter,bowman_1st_base,baseball-cards-2015-bowman-chrome-prospects,https://www.sportscardspro.com/game/baseball-cards-2015-bowman-chrome-prospects/logan-moon-bcp10,https://www.sportscardspro.com/game/baseball-cards-2015-bowman-chrome-prospect-autograph/logan-moon-bcap-lm,
Lucas Herbert,663726,2015,draft,hitter,bowman_1st_base,baseball-cards-2015-bowman-draft-chrome,https://www.sportscardspro.com/game/baseball-cards-2015-bowman-draft-chrome/lucas-herbert-41,https://www.sportscardspro.com/game/baseball-cards-2015-bowman-chrome-draft-pick-autograph/lucas-herbert-bca-lh,
Luis Ysla,644443,2015,chrome,pitcher,bowman_1st_base,baseball-cards-2015-bowman-chrome-prospects,https://www.sportscardspro.com/game/baseball-cards-2015-bowman-chrome-prospects/luis-ysla-bcp198,https://www.sportscardspro.com/game/baseball-cards-2015-bowman-chrome-prospect-autograph/luis-ysla-bcap-ly,
Max Wotell,663846,2015,draft,pitcher,bowman_1st_base,baseball-cards-2015-bowman-draft-chrome,https://www.sportscardspro.com/game/baseball-cards-2015-bowman-draft-chrome/max-wotell-103,https://www.sportscardspro.com/game/baseball-cards-2015-bowman-chrome-draft-pick-autograph/max-wotell-bca-mwo,
Michael Matuella,664055,2015,draft,pitcher,bowman_1st_base,baseball-cards-2015-bowman-draft-chrome,https://www.sportscardspro.com/game/baseball-cards-2015-bowman-draft-chrome/michael-matuella-70,https://www.sportscardspro.com/game/baseball-cards-2015-bowman-chrome-draft-pick-autograph/michael-matuella-bca-mm,
Michael de Leon,650958,2015,chrome,hitter,bowman_1st_base,baseball-cards-2015-bowman-chrome-prospects,https://www.sportscardspro.com/game/baseball-cards-2015-bowman-chrome-prospects/michael-de-leon-bcp249,https://www.sportscardspro.com/game/baseball-cards-2015-bowman-chrome-prospect-autograph/michael-de-leon-bcap-mdl,
Mike Nikorak,663841,2015,draft,pitcher,bowman_1st_base,baseball-cards-2015-bowman-draft-chrome,https://www.sportscardspro.com/game/baseball-cards-2015-bowman-draft-chrome/mike-nikorak-31,https://www.sportscardspro.com/game/baseball-cards-2015-bowman-chrome-draft-pick-autograph/mike-nikorak-bca-mw,
Milton Ramos,656875,2015,chrome,hitter,bowman_1st_base,,,https://www.sportscardspro.com/game/baseball-cards-2015-bowman-chrome-prospect-autograph/milton-ramos-bcap-mra,
Nathan Kirby,621403,2015,draft,pitcher,bowman_1st_base,baseball-cards-2015-bowman-draft-chrome,https://www.sportscardspro.com/game/baseball-cards-2015-bowman-draft-chrome/nathan-kirby-145,https://www.sportscardspro.com/game/baseball-cards-2015-bowman-chrome-draft-pick-autograph/nathan-kirby-bca-nk,
Nolan Sanburn,595393,2015,chrome,pitcher,bowman_1st_base,baseball-cards-2015-bowman-chrome-prospects,https://www.sportscardspro.com/game/baseball-cards-2015-bowman-chrome-prospects/nolan-sanburn-bcp177,https://www.sportscardspro.com/game/baseball-cards-2015-bowman-chrome-prospect-autograph/nolan-sanburn-bcap-ns,
Nolan Watson,663649,2015,draft,pitcher,bowman_1st_base,baseball-cards-2015-bowman-draft-chrome,https://www.sportscardspro.com/game/baseball-cards-2015-bowman-draft-chrome/nolan-watson-110,https://www.sportscardspro.com/game/baseball-cards-2015-bowman-chrome-draft-pick-autograph/nolan-watson-bca-nw,
Richie Martin,621006,2015,draft,hitter,bowman_1st_base,baseball-cards-2015-bowman-draft-chrome,https://www.sportscardspro.com/game/baseball-cards-2015-bowman-draft-chrome/richie-martin-117,https://www.sportscardspro.com/game/baseball-cards-2015-bowman-chrome-draft-pick-autograph/richie-martin-bca-rm,
Ronnie Williams,657122,2015,chrome,pitcher,bowman_1st_base,,,https://www.sportscardspro.com/game/baseball-cards-2015-bowman-chrome-prospect-autograph/ronnie-williams-bcap-rw,
Simon Mercedes,602925,2015,chrome,pitcher,bowman_1st_base,baseball-cards-2015-bowman-chrome-prospects,https://www.sportscardspro.com/game/baseball-cards-2015-bowman-chrome-prospects/simon-mercedes-bcp215,https://www.sportscardspro.com/game/baseball-cards-2015-bowman-chrome-prospect-autograph/simon-mercedes-bcap-sm,
Stephen Bruno,572738,2015,chrome,hitter,bowman_1st_base,baseball-cards-2015-bowman-chrome-prospects,https://www.sportscardspro.com/game/baseball-cards-2015-bowman-chrome-prospects/stephen-bruno-bcp219,https://www.sportscardspro.com/game/baseball-cards-2015-bowman-chrome-prospect-autograph/stephen-bruno-bcap-sb,
Tate Matheny,621469,2015,draft,hitter,bowman_1st_base,baseball-cards-2015-bowman-draft-chrome,https://www.sportscardspro.com/game/baseball-cards-2015-bowman-draft-chrome/tate-matheny-89,https://www.sportscardspro.com/game/baseball-cards-2015-bowman-chrome-draft-pick-autograph/tate-matheny-bca-tma,
Trace Loehr,656656,2015,chrome,hitter,bowman_1st_base,baseball-cards-2015-bowman-chrome-prospects,https://www.sportscardspro.com/game/baseball-cards-2015-bowman-chrome-prospects/trace-loehr-bcp167,https://www.sportscardspro.com/game/baseball-cards-2015-bowman-chrome-prospect-autograph/trace-loehr-bcap-tl,
Wilkerman Garcia,660564,2015,chrome,hitter,bowman_1st_base,baseball-cards-2016-bowman-chrome-prospects,https://www.sportscardspro.com/game/baseball-cards-2016-bowman-chrome-prospects/wilkerman-garcia-bcp-164,https://www.sportscardspro.com/game/baseball-cards-2015-bowman-chrome-prospect-autograph/wilkerman-garcia-bcap-wg,
Alec Hansen,641662,2016,draft,pitcher,bowman_1st_base,baseball-cards-2017-bowman-draft-chrome,https://www.sportscardspro.com/game/baseball-cards-2017-bowman-draft-chrome/alec-hansen-bdc23,https://www.sportscardspro.com/game/baseball-cards-2016-bowman-draft-chrome-picks-autographs/alec-hansen-cda-ah,
Andy Yerzy,647378,2016,draft,hitter,bowman_1st_base,baseball-cards-2017-bowman-chrome-prospects,https://www.sportscardspro.com/game/baseball-cards-2017-bowman-chrome-prospects/andy-yerzy-bcp-185,https://www.sportscardspro.com/game/baseball-cards-2016-bowman-draft-chrome-picks-autographs/andy-yerzy-cda-ay,
Anfernee Grier,624505,2016,draft,hitter,bowman_1st_base,baseball-cards-2017-bowman-draft-chrome,https://www.sportscardspro.com/game/baseball-cards-2017-bowman-draft-chrome/anfernee-grier-bdc99,https://www.sportscardspro.com/game/baseball-cards-2016-bowman-draft-chrome-picks-autographs/anfernee-grier-cda-ag,
C.J. Chatham,641453,2016,draft,hitter,bowman_1st_base,baseball-cards-2018-bowman-chrome-prospects,https://www.sportscardspro.com/game/baseball-cards-2018-bowman-chrome-prospects/cj-chatham-bcp-117,https://www.sportscardspro.com/game/baseball-cards-2016-bowman-draft-chrome-picks-autographs/cj-chatham-cda-cc,
Connor Jones,640453,2016,draft,pitcher,bowman_1st_base,,,https://www.sportscardspro.com/game/baseball-cards-2016-bowman-draft-chrome-picks-autographs/connor-jones-cda-cj,
Corey Black,621203,2016,chrome,pitcher,bowman_1st_base,baseball-cards-2016-bowman-chrome-prospects,https://www.sportscardspro.com/game/baseball-cards-2016-bowman-chrome-prospects/corey-black-bcp-39,https://www.sportscardspro.com/game/baseball-cards-2016-bowman-chrome-prospect-autograph/corey-black-cpa-cb,
Corey Zangari,663543,2016,chrome,hitter,bowman_1st_base,,,https://www.sportscardspro.com/game/baseball-cards-2016-bowman-chrome-prospect-autograph/corey-zangari-bcap-cz,
Cornelius Randolph,663524,2016,chrome,hitter,bowman_1st_base,baseball-cards-2018-bowman-chrome-prospects,https://www.sportscardspro.com/game/baseball-cards-2018-bowman-chrome-prospects/cornelius-randolph-bcp-30,https://www.sportscardspro.com/game/baseball-cards-2016-bowman-chrome-prospect-autograph/cornelius-randolph-bcap-cr,
Delvin Perez,666206,2016,draft,hitter,bowman_1st_base,baseball-cards-2017-bowman-draft-chrome,https://www.sportscardspro.com/game/baseball-cards-2017-bowman-draft-chrome/delvin-perez-bdc147,https://www.sportscardspro.com/game/baseball-cards-2016-bowman-draft-chrome-picks-autographs/delvin-perez-cda-dp,
Hudson Potts,668888,2016,draft,hitter,bowman_1st_base,baseball-cards-2019-bowman-chrome-prospects,https://www.sportscardspro.com/game/baseball-cards-2019-bowman-chrome-prospects/hudson-potts-bcp-230,https://www.sportscardspro.com/game/baseball-cards-2016-bowman-draft-chrome-picks-autographs/hudson-potts-cda-hs,
Jeison Guzman,665834,2016,chrome,hitter,bowman_1st_base,,,https://www.sportscardspro.com/game/baseball-cards-2016-bowman-chrome-prospect-autograph/jeison-guzman-bcap-jg,
Joe Rizzo,666143,2016,draft,hitter,bowman_1st_base,,,https://www.sportscardspro.com/game/baseball-cards-2016-bowman-draft-chrome-picks-autographs/joe-rizzo-cda-jr,
John Norwood,607044,2016,chrome,hitter,bowman_1st_base,baseball-cards-2016-bowman-chrome-prospects,https://www.sportscardspro.com/game/baseball-cards-2016-bowman-chrome-prospects/john-norwood-bcp-27,https://www.sportscardspro.com/game/baseball-cards-2016-bowman-chrome-prospect-autograph/john-norwood-cpa-jn,
Jonah Arenado,643198,2016,chrome,hitter,bowman_1st_base,baseball-cards-2016-bowman-chrome-prospects,https://www.sportscardspro.com/game/baseball-cards-2016-bowman-chrome-prospects/jonah-arenado-bcp-240,https://www.sportscardspro.com/game/baseball-cards-2016-bowman-chrome-prospect-autograph/jonah-arenado-bcap-ja,
Jordan Guerrero,622218,2016,chrome,pitcher,bowman_1st_base,baseball-cards-2016-bowman-chrome-prospects,https://www.sportscardspro.com/game/baseball-cards-2016-bowman-chrome-prospects/jordan-guerrero-bcp-41,https://www.sportscardspro.com/game/baseball-cards-2016-bowman-chrome-prospect-autograph/jordan-guerrero-cpa-jgu,
Jordan Stephens,596111,2016,chrome,pitcher,bowman_1st_base,,,https://www.sportscardspro.com/game/baseball-cards-2016-bowman-chrome-prospect-autograph/jordan-stephens-bcap-jos,
Mikey White,608383,2016,chrome,hitter,bowman_1st_base,baseball-cards-2016-bowman-chrome-prospects,https://www.sportscardspro.com/game/baseball-cards-2016-bowman-chrome-prospects/mikey-white-bcp-44,https://www.sportscardspro.com/game/baseball-cards-2016-bowman-chrome-prospect-autograph/mikey-white-cpa-mw,
Nolan Martinez,669228,2016,draft,pitcher,bowman_1st_base,,,https://www.sportscardspro.com/game/baseball-cards-2016-bowman-draft-chrome-picks-autographs/nolan-martinez-cda-nm,
Oscar De La Cruz,642601,2016,chrome,pitcher,bowman_1st_base,baseball-cards-2017-bowman-chrome-prospects,https://www.sportscardspro.com/game/baseball-cards-2017-bowman-chrome-prospects/oscar-de-la-cruz-bcp-72,https://www.sportscardspro.com/game/baseball-cards-2016-bowman-chrome-prospect-autograph/oscar-de-la-cruz-cpa-od,
Raffy Ozuna,665868,2016,chrome,hitter,bowman_1st_base,baseball-cards-2016-bowman-chrome-prospects,https://www.sportscardspro.com/game/baseball-cards-2016-bowman-chrome-prospects/raffy-ozuna-bcp-183,https://www.sportscardspro.com/game/baseball-cards-2016-bowman-chrome-prospect-autograph/raffy-ozuna-bcap-ro,
Robert Tyler,640465,2016,draft,pitcher,bowman_1st_base,,,https://www.sportscardspro.com/game/baseball-cards-2016-bowman-draft-chrome-picks-autographs/robert-tyler-cda-rt,
Ryan Williams,657123,2016,chrome,pitcher,bowman_1st_base,baseball-cards-2016-bowman-chrome-prospects,https://www.sportscardspro.com/game/baseball-cards-2016-bowman-chrome-prospects/ryan-williams-bcp-221,https://www.sportscardspro.com/game/baseball-cards-2016-bowman-chrome-prospect-autograph/ryan-williams-bcap-rw,
Tim Lynch,670058,2016,draft,hitter,bowman_1st_base,,,https://www.sportscardspro.com/game/baseball-cards-2016-bowman-draft-chrome-picks-autographs/tim-lynch-cda-tl,
Yadier Alvarez,665751,2016,chrome,pitcher,bowman_1st_base,baseball-cards-2016-bowman-chrome-prospects,https://www.sportscardspro.com/game/baseball-cards-2016-bowman-chrome-prospects/yadier-alvarez-bcp-5,https://www.sportscardspro.com/game/baseball-cards-2016-bowman-chrome-prospect-autograph/yadier-alvarez-cpa-ya,
Yeudy Garcia,650817,2016,chrome,pitcher,bowman_1st_base,baseball-cards-2016-bowman-chrome-prospects,https://www.sportscardspro.com/game/baseball-cards-2016-bowman-chrome-prospects/yeudy-garcia-bcp-156,https://www.sportscardspro.com/game/baseball-cards-2016-bowman-chrome-prospect-autograph/yeudy-garcia-bcap-yg,
Alberto Tirado,610143,2017,chrome,pitcher,bowman_1st_base,,,https://www.sportscardspro.com/game/baseball-cards-2017-bowman-chrome-prospects-autographs/alberto-tirado-cpa-ati,
Alfredo Rodriguez,670895,2017,chrome,hitter,bowman_1st_base,baseball-cards-2017-bowman-chrome-prospects,https://www.sportscardspro.com/game/baseball-cards-2017-bowman-chrome-prospects/alfredo-rodriguez-bcp-94,https://www.sportscardspro.com/game/baseball-cards-2017-bowman-chrome-prospects-autographs/alfredo-rodriguez-cpa-ar,
Andrew Calica,621447,2017,chrome,hitter,bowman_1st_base,,,https://www.sportscardspro.com/game/baseball-cards-2017-bowman-chrome-prospects-autographs/andrew-calica-cpa-aca,
Austin Beck,675648,2017,draft,hitter,bowman_1st_base,baseball-cards-2017-bowman-draft-chrome,https://www.sportscardspro.com/game/baseball-cards-2017-bowman-draft-chrome/austin-beck-bdc60,https://www.sportscardspro.com/game/baseball-cards-2017-bowman-draft-chrome-picks-autographs/austin-beck-cda-ab,
Blayne Enlow,669416,2017,draft,pitcher,bowman_1st_base,baseball-cards-2017-bowman-draft-chrome,https://www.sportscardspro.com/game/baseball-cards-2017-bowman-draft-chrome/blayne-enlow-bdc63,https://www.sportscardspro.com/game/baseball-cards-2017-bowman-draft-chrome-picks-autographs/blayne-enlow-cda-be,
Brendan Murphy,669446,2017,draft,pitcher,bowman_1st_base,baseball-cards-2017-bowman-draft-chrome,https://www.sportscardspro.com/game/baseball-cards-2017-bowman-draft-chrome/brendan-murphy-bdc149,https://www.sportscardspro.com/game/baseball-cards-2017-bowman-draft-chrome-picks-autographs/brendan-murphy-cda-bmu,
Brett Netzer,676071,2017,draft,hitter,bowman_1st_base,baseball-cards-2017-bowman-draft-chrome,https://www.sportscardspro.com/game/baseball-cards-2017-bowman-draft-chrome/brett-netzer-bdc31,https://www.sportscardspro.com/game/baseball-cards-2017-bowman-draft-chrome-picks-autographs/brett-netzer-cda-bn,
Brian Mundell,621521,2017,chrome,hitter,bowman_1st_base,baseball-cards-2017-bowman-chrome-prospects,https://www.sportscardspro.com/game/baseball-cards-2017-bowman-chrome-prospects/brian-mundell-bcp-86,https://www.sportscardspro.com/game/baseball-cards-2017-bowman-chrome-prospects-autographs/brian-mundell-cpa-bm,
Bryson Brigman,624417,2017,chrome,hitter,bowman_1st_base,baseball-cards-2017-bowman-chrome-prospects,https://www.sportscardspro.com/game/baseball-cards-2017-bowman-chrome-prospects/bryson-brigman-bcp-227,https://www.sportscardspro.com/game/baseball-cards-2017-bowman-chrome-prospects-autographs/bryson-brigman-cpa-bb,
Caden Lemons,671132,2017,draft,pitcher,bowman_1st_base,baseball-cards-2017-bowman-draft-chrome,https://www.sportscardspro.com/game/baseball-cards-2017-bowman-draft-chrome/caden-lemons-bdc66,https://www.sportscardspro.com/game/baseball-cards-2017-bowman-draft-chrome-picks-autographs/caden-lemons-cda-cl,
Cole Brannen,669447,2017,draft,hitter,bowman_1st_base,baseball-cards-2017-bowman-draft-chrome,https://www.sportscardspro.com/game/baseball-cards-2017-bowman-draft-chrome/cole-brannen-bdc193,https://www.sportscardspro.com/game/baseball-cards-2017-bowman-draft-chrome-picks-autographs/cole-brannen-cda-cb,
Cole Stobbe,666167,2017,chrome,hitter,bowman_1st_base,,,https://www.sportscardspro.com/game/baseball-cards-2017-bowman-chrome-prospects-autographs/cole-stobbe-cpa-cs,
Colton Hock,656544,2017,draft,pitcher,bowman_1st_base,baseball-cards-2017-bowman-draft-chrome,https://www.sportscardspro.com/game/baseball-cards-2017-bowman-draft-chrome/colton-hock-bdc196,https://www.sportscardspro.com/game/baseball-cards-2017-bowman-draft-chrome-picks-autographs/colton-hock-cda-ch,
D.L. Hall,669084,2017,draft,pitcher,bowman_1st_base,baseball-cards-2017-bowman-draft-chrome,https://www.sportscardspro.com/game/baseball-cards-2017-bowman-draft-chrome/dl-hall-bdc82,https://www.sportscardspro.com/game/baseball-cards-2017-bowman-draft-chrome-picks-autographs/dl-hall-cda-dh,
Dylan Busby,656275,2017,draft,hitter,bowman_1st_base,baseball-cards-2017-bowman-draft-chrome,https://www.sportscardspro.com/game/baseball-cards-2017-bowman-draft-chrome/dylan-busby-bdc174,https://www.sportscardspro.com/game/baseball-cards-2017-bowman-draft-chrome-picks-autographs/dylan-busby-cda-db,
Gage Hinsz,656543,2017,chrome,pitcher,bowman_1st_base,,,https://www.sportscardspro.com/game/baseball-cards-2017-bowman-chrome-prospects-autographs/gage-hinsz-cpa-gh,
Grayson Long,621047,2017,chrome,pitcher,bowman_1st_base,,,https://www.sportscardspro.com/game/baseball-cards-2017-bowman-chrome-prospects-autographs/grayson-long-cpa-gl,
Heath Quinn,641991,2017,chrome,hitter,bowman_1st_base,baseball-cards-2017-bowman-chrome-prospects,https://www.sportscardspro.com/game/baseball-cards-2017-bowman-chrome-prospects/heath-quinn-bcp-249,https://www.sportscardspro.com/game/baseball-cards-2017-bowman-chrome-prospects-autographs/heath-quinn-cpa-hq,
Jacob Pearson,669245,2017,draft,hitter,bowman_1st_base,baseball-cards-2017-bowman-draft-chrome,https://www.sportscardspro.com/game/baseball-cards-2017-bowman-draft-chrome/jacob-pearson-bdc105,https://www.sportscardspro.com/game/baseball-cards-2017-bowman-draft-chrome-picks-autographs/jacob-pearson-cda-jpe,
Jameson Fisher,622053,2017,chrome,hitter,bowman_1st_base,baseball-cards-2017-bowman-chrome-prospects,https://www.sportscardspro.com/game/baseball-cards-2017-bowman-chrome-prospects/jameson-fisher-bcp-234,https://www.sportscardspro.com/game/baseball-cards-2017-bowman-chrome-prospects-autographs/jameson-fisher-cpa-jf,
Jazz Chisholm,665862,2017,chrome,hitter,bowman_1st_base,baseball-cards-2017-bowman-chrome-prospects,https://www.sportscardspro.com/game/baseball-cards-2017-bowman-chrome-prospects/jazz-chisholm-bcp-207,https://www.sportscardspro.com/game/baseball-cards-2017-bowman-chrome-prospects-autographs/jazz-chisholm-cpa-jc,
Joey Morgan,656765,2017,draft,hitter,bowman_1st_base,baseball-cards-2017-bowman-draft-chrome,https://www.sportscardspro.com/game/baseball-cards-2017-bowman-draft-chrome/joey-morgan-bdc27,https://www.sportscardspro.com/game/baseball-cards-2017-bowman-draft-chrome-picks-autographs/joey-morgan-cda-jm,
Kacy Clemens,641459,2017,draft,hitter,bowman_1st_base,baseball-cards-2017-bowman-draft-chrome,https://www.sportscardspro.com/game/baseball-cards-2017-bowman-draft-chrome/kacy-clemens-bdc101,https://www.sportscardspro.com/game/baseball-cards-2017-bowman-draft-chrome-picks-autographs/kacy-clemens-cda-kc,
Kade McClure,656701,2017,draft,pitcher,bowman_1st_base,baseball-cards-2017-bowman-draft-chrome,https://www.sportscardspro.com/game/baseball-cards-2017-bowman-draft-chrome/kade-mcclure-bdc173,https://www.sportscardspro.com/game/baseball-cards-2017-bowman-draft-chrome-picks-autographs/kade-mcclure-cda-kmc,
Kevin Merrell,656736,2017,draft,hitter,bowman_1st_base,baseball-cards-2017-bowman-draft-chrome,https://www.sportscardspro.com/game/baseball-cards-2017-bowman-draft-chrome/kevin-merrell-bdc175,https://www.sportscardspro.com/game/baseball-cards-2017-bowman-draft-chrome-picks-autographs/kevin-merrell-cda-km,
Lincoln Henzman,669205,2017,draft,pitcher,bowman_1st_base,baseball-cards-2017-bowman-draft-chrome,https://www.sportscardspro.com/game/baseball-cards-2017-bowman-draft-chrome/lincoln-henzman-bdc11,https://www.sportscardspro.com/game/baseball-cards-2017-bowman-draft-chrome-picks-autographs/lincoln-henzman-cda-lh,
Logan Ice,668681,2017,chrome,hitter,bowman_1st_base,,,https://www.sportscardspro.com/game/baseball-cards-2017-bowman-chrome-prospects-autographs/logan-ice-cpa-li,
Logan Warmoth,657089,2017,draft,hitter,bowman_1st_base,baseball-cards-2017-bowman-draft-chrome,https://www.sportscardspro.com/game/baseball-cards-2017-bowman-draft-chrome/logan-warmoth-bdc194,https://www.sportscardspro.com/game/baseball-cards-2017-bowman-draft-chrome-picks-autographs/logan-warmoth-cda-lw,
Matt Tabor,675652,2017,draft,pitcher,bowman_1st_base,baseball-cards-2017-bowman-draft-chrome,https://www.sportscardspro.com/game/baseball-cards-2017-bowman-draft-chrome/matt-tabor-bdc168,https://www.sportscardspro.com/game/baseball-cards-2017-bowman-draft-chrome-picks-autographs/matt-tabor-cda-mt,
Morgan Cooper,668729,2017,draft,pitcher,bowman_1st_base,baseball-cards-2017-bowman-draft-chrome,https://www.sportscardspro.com/game/baseball-cards-2017-bowman-draft-chrome/morgan-cooper-bdc30,https://www.sportscardspro.com/game/baseball-cards-2017-bowman-draft-chrome-picks-autographs/morgan-cooper-cda-mc,
Nick Banks,641336,2017,chrome,hitter,bowman_1st_base,,,https://www.sportscardspro.com/game/baseball-cards-2017-bowman-chrome-prospects-autographs/nick-banks-cpa-nb,
Ofelky Peralta,650378,2017,chrome,pitcher,bowman_1st_base,,,https://www.sportscardspro.com/game/baseball-cards-2017-bowman-chrome-prospects-autographs/ofelky-peralta-cpa-op,
Quentin Holmes,668950,2017,draft,hitter,bowman_1st_base,baseball-cards-2017-bowman-draft-chrome,https://www.sportscardspro.com/game/baseball-cards-2017-bowman-draft-chrome/quentin-holmes-bdc118,https://www.sportscardspro.com/game/baseball-cards-2017-bowman-draft-chrome-picks-autographs/quentin-holmes-cda-qh,
Quinn Brodey,656260,2017,draft,pitcher,bowman_1st_base,baseball-cards-2017-bowman-draft-chrome,https://www.sportscardspro.com/game/baseball-cards-2017-bowman-draft-chrome/quinn-brodey-bdc24,https://www.sportscardspro.com/game/baseball-cards-2017-bowman-draft-chrome-picks-autographs/quinn-brodey-cda-qb,
Riley Mahan,657669,2017,draft,hitter,bowman_1st_base,baseball-cards-2017-bowman-draft-chrome,https://www.sportscardspro.com/game/baseball-cards-2017-bowman-draft-chrome/riley-mahan-bdc132,https://www.sportscardspro.com/game/baseball-cards-2017-bowman-draft-chrome-picks-autographs/riley-mahan-cda-rm,
Sam Carlson,672277,2017,draft,pitcher,bowman_1st_base,baseball-cards-2017-bowman-draft-chrome,https://www.sportscardspro.com/game/baseball-cards-2017-bowman-draft-chrome/sam-carlson-bdc184,https://www.sportscardspro.com/game/baseball-cards-2017-bowman-draft-chrome-picks-autographs/sam-carlson-cda-sc,
Seth Corry,671288,2017,draft,pitcher,bowman_1st_base,baseball-cards-2017-bowman-draft-chrome,https://www.sportscardspro.com/game/baseball-cards-2017-bowman-draft-chrome/seth-corry-bdc79,https://www.sportscardspro.com/game/baseball-cards-2017-bowman-draft-chrome-picks-autographs/seth-corry-cda-sco,
Starling Heredia,665752,2017,chrome,hitter,bowman_1st_base,baseball-cards-2017-bowman-chrome-prospects,https://www.sportscardspro.com/game/baseball-cards-2017-bowman-chrome-prospects/starling-heredia-bcp-226,https://www.sportscardspro.com/game/baseball-cards-2017-bowman-chrome-prospects-autographs/starling-heredia-cpa-sh,
Torii Hunter Jr.,641716,2017,chrome,hitter,bowman_1st_base,baseball-cards-2017-bowman-chrome-prospects,https://www.sportscardspro.com/game/baseball-cards-2017-bowman-chrome-prospects/torii-hunter-jr-bcp-197,https://www.sportscardspro.com/game/baseball-cards-2017-bowman-chrome-prospects-autographs/torii-hunter-jr-cpa-th,
Trevor Clifton,641461,2017,chrome,pitcher,bowman_1st_base,baseball-cards-2017-bowman-chrome-prospects,https://www.sportscardspro.com/game/baseball-cards-2017-bowman-chrome-prospects/trevor-clifton-bcp-162,https://www.sportscardspro.com/game/baseball-cards-2017-bowman-chrome-prospects-autographs/trevor-clifton-cpa-tc,
Tristen Lutz,669157,2017,draft,hitter,bowman_1st_base,baseball-cards-2017-bowman-draft-chrome,https://www.sportscardspro.com/game/baseball-cards-2017-bowman-draft-chrome/tristen-lutz-bdc164,https://www.sportscardspro.com/game/baseball-cards-2017-bowman-draft-chrome-picks-autographs/tristen-lutz-cda-tl,
Wander Javier,665820,2017,chrome,hitter,bowman_1st_base,baseball-cards-2017-bowman-chrome-prospects,https://www.sportscardspro.com/game/baseball-cards-2017-bowman-chrome-prospects/wander-javier-bcp-242,https://www.sportscardspro.com/game/baseball-cards-2017-bowman-chrome-prospects-autographs/wander-javier-cpa-wj,
Will Gaddis,657581,2017,draft,pitcher,bowman_1st_base,baseball-cards-2017-bowman-draft-chrome,https://www.sportscardspro.com/game/baseball-cards-2017-bowman-draft-chrome/will-gaddis-bdc104,https://www.sportscardspro.com/game/baseball-cards-2017-bowman-draft-chrome-picks-autographs/will-gaddis-cda-wg,
Zach Kirtley,675993,2017,draft,hitter,bowman_1st_base,baseball-cards-2017-bowman-draft-chrome,https://www.sportscardspro.com/game/baseball-cards-2017-bowman-draft-chrome/zach-kirtley-bdc20,https://www.sportscardspro.com/game/baseball-cards-2017-bowman-draft-chrome-picks-autographs/zach-kirtley-cda-zk,
Antoni Flores,677602,2018,chrome,hitter,bowman_1st_base,,,https://www.sportscardspro.com/game/baseball-cards-2018-bowman-chrome-prospects-autographs/antoni-flores-bcpa-af,
Aramis Ademan,666620,2018,chrome,hitter,bowman_1st_base,baseball-cards-2018-bowman-chrome-prospects,https://www.sportscardspro.com/game/baseball-cards-2018-bowman-chrome-prospects/aramis-ademan-bcp-191,https://www.sportscardspro.com/game/baseball-cards-2018-bowman-chrome-prospects-autographs/aramis-ademan-bcpa-aa,
Brayan Hernandez,659910,2018,chrome,hitter,bowman_1st_base,,,https://www.sportscardspro.com/game/baseball-cards-2018-bowman-chrome-prospects-autographs/brayan-hernandez-cpa-bhe,
Brett Cumberland,656340,2018,chrome,hitter,bowman_1st_base,,,https://www.sportscardspro.com/game/baseball-cards-2018-bowman-chrome-prospects-autographs/brett-cumberland-cpa-bc,
Cadyn Grenier,663760,2018,draft,hitter,bowman_1st_base,,,https://www.sportscardspro.com/game/baseball-cards-2018-bowman-draft-chrome-picks-autographs/cadyn-grenier-cda-cg,
Carlos Rincon,665779,2018,chrome,hitter,bowman_1st_base,,,https://www.sportscardspro.com/game/baseball-cards-2018-bowman-chrome-prospects-autographs/carlos-rincon-cpa-cri,
Charcer Burks,642836,2018,chrome,hitter,bowman_1st_base,baseball-cards-2018-bowman-chrome-prospects,https://www.sportscardspro.com/game/baseball-cards-2018-bowman-chrome-prospects/charcer-burks-bcp-170,https://www.sportscardspro.com/game/baseball-cards-2018-bowman-chrome-prospects-autographs/charcer-burks-bcpa-cb,
Chase Pinder,676198,2018,chrome,hitter,bowman_1st_base,baseball-cards-2018-bowman-chrome-prospects,https://www.sportscardspro.com/game/baseball-cards-2018-bowman-chrome-prospects/chase-pinder-bcp-222,https://www.sportscardspro.com/game/baseball-cards-2018-bowman-chrome-prospects-autographs/chase-pinder-bcpa-cp,
Chris DeVito,670049,2018,chrome,hitter,bowman_1st_base,,,https://www.sportscardspro.com/game/baseball-cards-2018-bowman-chrome-prospects-autographs/chris-devito-cpa-cd,
Chris Torres,660618,2018,chrome,hitter,bowman_1st_base,baseball-cards-2018-bowman-chrome-prospects,https://www.sportscardspro.com/game/baseball-cards-2018-bowman-chrome-prospects/chris-torres-bcp-207,https://www.sportscardspro.com/game/baseball-cards-2018-bowman-chrome-prospects-autographs/chris-torres-bcpa-ct,
Cole Freeman,670106,2018,chrome,hitter,bowman_1st_base,,,https://www.sportscardspro.com/game/baseball-cards-2018-bowman-chrome-prospects-autographs/cole-freeman-bcpa-cf,
Cole Roederer,680711,2018,draft,hitter,bowman_1st_base,baseball-cards-2020-bowman-chrome-prospects,https://www.sportscardspro.com/game/baseball-cards-2020-bowman-chrome-prospects/cole-roederer-bcp-206,https://www.sportscardspro.com/game/baseball-cards-2018-bowman-draft-chrome-picks-autographs/cole-roederer-cda-cr,
Connor Scott,669002,2018,draft,hitter,bowman_1st_base,,,https://www.sportscardspro.com/game/baseball-cards-2018-bowman-draft-chrome-picks-autographs/connor-scott-cda-csc,
D.J. Peters,656847,2018,chrome,pitcher,bowman_1st_base,baseball-cards-2018-bowman-chrome-prospects,https://www.sportscardspro.com/game/baseball-cards-2018-bowman-chrome-prospects/dj-peters-bcp-31,https://www.sportscardspro.com/game/baseball-cards-2018-bowman-chrome-prospects-autographs/dj-peters-cpa-dp,
Daniel Lynch,663738,2018,draft,pitcher,bowman_1st_base,baseball-cards-2020-bowman-draft-chrome,https://www.sportscardspro.com/game/baseball-cards-2020-bowman-draft-chrome/daniel-lynch-bd-75,https://www.sportscardspro.com/game/baseball-cards-2018-bowman-draft-chrome-picks-autographs/daniel-lynch-cda-dl,
Eduardo Diaz,666452,2018,chrome,hitter,bowman_1st_base,baseball-cards-2018-bowman-chrome-prospects,https://www.sportscardspro.com/game/baseball-cards-2018-bowman-chrome-prospects/eduardo-diaz-bcp-225,https://www.sportscardspro.com/game/baseball-cards-2018-bowman-chrome-prospects-autographs/eduardo-diaz-bcpa-ed,
Eric Pardinho,672078,2018,chrome,pitcher,bowman_1st_base,baseball-cards-2018-bowman-chrome-prospects,https://www.sportscardspro.com/game/baseball-cards-2018-bowman-chrome-prospects/eric-pardinho-bcp-110,https://www.sportscardspro.com/game/baseball-cards-2018-bowman-chrome-prospects-autographs/eric-pardinho-cpa-epa,
Ethan Hankins,677945,2018,draft,pitcher,bowman_1st_base,baseball-cards-2019-bowman-draft-chrome,https://www.sportscardspro.com/game/baseball-cards-2019-bowman-draft-chrome/ethan-hankins-bdc-51,https://www.sportscardspro.com/game/baseball-cards-2018-bowman-draft-chrome-picks-autographs/ethan-hankins-cda-eh,
Evan Steele,663741,2018,chrome,pitcher,bowman_1st_base,baseball-cards-2018-bowman-chrome-prospects,https://www.sportscardspro.com/game/baseball-cards-2018-bowman-chrome-prospects/evan-steele-bcp-245,https://www.sportscardspro.com/game/baseball-cards-2018-bowman-chrome-prospects-autographs/evan-steele-bcpa-es,
Franklin Perez,658530,2018,chrome,pitcher,bowman_1st_base,baseball-cards-2018-bowman-chrome-prospects,https://www.sportscardspro.com/game/baseball-cards-2018-bowman-chrome-prospects/franklin-perez-bcp-185,https://www.sportscardspro.com/game/baseball-cards-2018-bowman-chrome-prospects-autographs/franklin-perez-bcpa-fp,
Gavin LaValley,656642,2018,chrome,hitter,bowman_1st_base,baseball-cards-2018-bowman-chrome-prospects,https://www.sportscardspro.com/game/baseball-cards-2018-bowman-chrome-prospects/gavin-lavalley-bcp-119,https://www.sportscardspro.com/game/baseball-cards-2018-bowman-chrome-prospects-autographs/gavin-lavalley-cpa-gl,
Grant Lavigne,680693,2018,draft,hitter,bowman_1st_base,baseball-cards-2019-bowman-draft-chrome,https://www.sportscardspro.com/game/baseball-cards-2019-bowman-draft-chrome/grant-lavigne-bdc-188,https://www.sportscardspro.com/game/baseball-cards-2018-bowman-draft-chrome-picks-autographs/grant-lavigne-cda-gl,
Greyson Jenista,680571,2018,draft,hitter,bowman_1st_base,,,https://www.sportscardspro.com/game/baseball-cards-2018-bowman-draft-chrome-picks-autographs/greyson-jenista-cda-gj,
Griffin Roberts,675965,2018,draft,pitcher,bowman_1st_base,,,https://www.sportscardspro.com/game/baseball-cards-2018-bowman-draft-chrome-picks-autographs/griffin-roberts-cda-gro,
Ibandel Isabel,642462,2018,chrome,hitter,bowman_1st_base,baseball-cards-2018-bowman-chrome-prospects,https://www.sportscardspro.com/game/baseball-cards-2018-bowman-chrome-prospects/ibandel-isabel-bcp-47,https://www.sportscardspro.com/game/baseball-cards-2018-bowman-chrome-prospects-autographs/ibandel-isabel-cpa-ii,
Jairo Solis,672810,2018,chrome,pitcher,bowman_1st_base,baseball-cards-2018-bowman-chrome-prospects,https://www.sportscardspro.com/game/baseball-cards-2018-bowman-chrome-prospects/jairo-solis-bcp-232,https://www.sportscardspro.com/game/baseball-cards-2018-bowman-chrome-prospects-autographs/jairo-solis-bcpa-js,
Jake Ring,642014,2018,chrome,hitter,bowman_1st_base,,,https://www.sportscardspro.com/game/baseball-cards-2018-bowman-chrome-prospects-autographs/jake-ring-cpa-jri,
James Nelson,663445,2018,chrome,hitter,bowman_1st_base,baseball-cards-2018-bowman-chrome-prospects,https://www.sportscardspro.com/game/baseball-cards-2018-bowman-chrome-prospects/james-nelson-bcp-33,https://www.sportscardspro.com/game/baseball-cards-2018-bowman-chrome-prospects-autographs/james-nelson-cpa-jn,
Jayson Schroeder,677315,2018,draft,pitcher,bowman_1st_base,,,https://www.sportscardspro.com/game/baseball-cards-2018-bowman-draft-chrome-picks-autographs/jayson-schroeder-cda-jsc,
Jeremy Eierman,663369,2018,draft,hitter,bowman_1st_base,,,https://www.sportscardspro.com/game/baseball-cards-2018-bowman-draft-chrome-picks-autographs/jeremy-eierman-cda-je,
Jeren Kendall,656607,2018,chrome,hitter,bowman_1st_base,baseball-cards-2018-bowman-chrome-prospects,https://www.sportscardspro.com/game/baseball-cards-2018-bowman-chrome-prospects/jeren-kendall-bcp-23,https://www.sportscardspro.com/game/baseball-cards-2018-bowman-chrome-prospects-autographs/jeren-kendall-cpa-jk,
Joe Gray,669336,2018,draft,hitter,bowman_1st_base,,,https://www.sportscardspro.com/game/baseball-cards-2018-bowman-draft-chrome-picks-autographs/joe-gray-cda-jgr,
Jordan Humphreys,664990,2018,chrome,pitcher,bowman_1st_base,baseball-cards-2018-bowman-chrome-prospects,https://www.sportscardspro.com/game/baseball-cards-2018-bowman-chrome-prospects/jordan-humphreys-bcp-66,https://www.sportscardspro.com/game/baseball-cards-2018-bowman-chrome-prospects-autographs/jordan-humphreys-cpa-jh,
Jose Albertos,666016,2018,chrome,pitcher,bowman_1st_base,baseball-cards-2018-bowman-chrome-prospects,https://www.sportscardspro.com/game/baseball-cards-2018-bowman-chrome-prospects/jose-albertos-bcp-229,https://www.sportscardspro.com/game/baseball-cards-2018-bowman-chrome-prospects-autographs/jose-albertos-bcpa-jal,
Jose Gomez,650506,2018,chrome,hitter,bowman_1st_base,,,https://www.sportscardspro.com/game/baseball-cards-2018-bowman-chrome-prospects-autographs/jose-gomez-cpa-jg,
Josh Breaux,677007,2018,draft,hitter,bowman_1st_base,,,https://www.sportscardspro.com/game/baseball-cards-2018-bowman-draft-chrome-picks-autographs/josh-breaux-cda-jbr,
Josh Stowers,663618,2018,draft,hitter,bowman_1st_base,,,https://www.sportscardspro.com/game/baseball-cards-2018-bowman-draft-chrome-picks-autographs/josh-stowers-cda-js,
Kevin Maitan,670867,2018,chrome,hitter,bowman_1st_base,baseball-cards-2018-bowman-chrome-prospects,https://www.sportscardspro.com/game/baseball-cards-2018-bowman-chrome-prospects/kevin-maitan-bcp-237,https://www.sportscardspro.com/game/baseball-cards-2018-bowman-chrome-prospects-autographs/kevin-maitan-bcpa-km,
Kristian Robinson,677565,2018,chrome,hitter,bowman_1st_base,baseball-cards-2018-bowman-chrome-prospects,https://www.sportscardspro.com/game/baseball-cards-2018-bowman-chrome-prospects/kristian-robinson-bcp-186,https://www.sportscardspro.com/game/baseball-cards-2018-bowman-chrome-prospects-autographs/kristian-robinson-bcpa-kr,
Kyle Young,669925,2018,chrome,pitcher,bowman_1st_base,baseball-cards-2018-bowman-chrome-prospects,https://www.sportscardspro.com/game/baseball-cards-2018-bowman-chrome-prospects/kyle-young-bcp-129,https://www.sportscardspro.com/game/baseball-cards-2018-bowman-chrome-prospects-autographs/kyle-young-cpa-ky,
LaMonte Wade,664774,2018,chrome,hitter,bowman_1st_base,baseball-cards-2018-bowman-chrome-prospects,https://www.sportscardspro.com/game/baseball-cards-2018-bowman-chrome-prospects/lamonte-wade-bcp-159,https://www.sportscardspro.com/game/baseball-cards-2018-bowman-chrome-prospects-autographs/lamonte-wade-bcpa-lw,
Lenny Torres,678013,2018,draft,pitcher,bowman_1st_base,,,https://www.sportscardspro.com/game/baseball-cards-2018-bowman-draft-chrome-picks-autographs/lenny-torres-cda-lt,
LoLo Sanchez,665975,2018,chrome,hitter,bowman_1st_base,baseball-cards-2018-bowman-chrome-prospects,https://www.sportscardspro.com/game/baseball-cards-2018-bowman-chrome-prospects/lolo-sanchez-bcp-247,https://www.sportscardspro.com/game/baseball-cards-2018-bowman-chrome-prospects-autographs/lolo-sanchez-bcpa-lsa,
Logan Shore,624519,2018,chrome,pitcher,bowman_1st_base,baseball-cards-2018-bowman-chrome-prospects,https://www.sportscardspro.com/game/baseball-cards-2018-bowman-chrome-prospects/logan-shore-bcp-202,https://www.sportscardspro.com/game/baseball-cards-2018-bowman-chrome-prospects-autographs/logan-shore-bcpa-ls,
Luis Robert,673357,2018,chrome,hitter,bowman_1st_base,baseball-cards-2018-bowman-chrome-prospects,https://www.sportscardspro.com/game/baseball-cards-2018-bowman-chrome-prospects/luis-robert-bcp-21,https://www.sportscardspro.com/game/baseball-cards-2018-bowman-chrome-prospects-autographs/luis-robert-cpa-lr,
Mason Denaburg,669379,2018,draft,pitcher,bowman_1st_base,baseball-cards-2019-bowman-chrome-prospects,https://www.sportscardspro.com/game/baseball-cards-2019-bowman-chrome-prospects/mason-denaburg-bcp-223,https://www.sportscardspro.com/game/baseball-cards-2018-bowman-draft-chrome-picks-autographs/mason-denaburg-cda-md,
Matthias Dietz,663990,2018,chrome,pitcher,bowman_1st_base,,,https://www.sportscardspro.com/game/baseball-cards-2018-bowman-chrome-prospects-autographs/matthias-dietz-cpa-md,
McKenzie Mills,656746,2018,chrome,pitcher,bowman_1st_base,baseball-cards-2018-bowman-chrome-prospects,https://www.sportscardspro.com/game/baseball-cards-2018-bowman-chrome-prospects/mckenzie-mills-bcp-87,https://www.sportscardspro.com/game/baseball-cards-2018-bowman-chrome-prospects-autographs/mckenzie-mills-cpa-mmi,
Micker Adolfo,650520,2018,chrome,hitter,bowman_1st_base,baseball-cards-2019-bowman-chrome-prospects,https://www.sportscardspro.com/game/baseball-cards-2019-bowman-chrome-prospects/micker-adolfo-bcp-164,https://www.sportscardspro.com/game/baseball-cards-2018-bowman-chrome-prospects-autographs/micker-adolfo-cpa-ma,
Nick Fanti,665053,2018,chrome,pitcher,bowman_1st_base,,,https://www.sportscardspro.com/game/baseball-cards-2018-bowman-chrome-prospects-autographs/nick-fanti-cpa-nf,
Nick Schnell,678010,2018,draft,hitter,bowman_1st_base,,,https://www.sportscardspro.com/game/baseball-cards-2018-bowman-draft-chrome-picks-autographs/nick-schnell-cda-ns,
Osiris Johnson,677341,2018,draft,hitter,bowman_1st_base,,,https://www.sportscardspro.com/game/baseball-cards-2018-bowman-draft-chrome-picks-autographs/osiris-johnson-cda-oj,
Ryder Green,680685,2018,draft,hitter,bowman_1st_base,,,https://www.sportscardspro.com/game/baseball-cards-2018-bowman-draft-chrome-picks-autographs/ryder-green-cda-rg,
Shed Long,643418,2018,chrome,hitter,bowman_1st_base,baseball-cards-2018-bowman-chrome-prospects,https://www.sportscardspro.com/game/baseball-cards-2018-bowman-chrome-prospects/shed-long-bcp-78,https://www.sportscardspro.com/game/baseball-cards-2018-bowman-chrome-prospects-autographs/shed-long-cpa-sl,
Tanner Dodson,663541,2018,draft,pitcher,bowman_1st_base,,,https://www.sportscardspro.com/game/baseball-cards-2018-bowman-draft-chrome-picks-autographs/tanner-dodson-cda-td,
Tim Cate,669420,2018,draft,pitcher,bowman_1st_base,baseball-cards-2020-bowman-chrome-prospects,https://www.sportscardspro.com/game/baseball-cards-2020-bowman-chrome-prospects/tim-cate-bcp-205,https://www.sportscardspro.com/game/baseball-cards-2018-bowman-draft-chrome-picks-autographs/tim-cate-cda-tca,
Tristan Pompey,659407,2018,draft,hitter,bowman_1st_base,,,https://www.sportscardspro.com/game/baseball-cards-2018-bowman-draft-chrome-picks-autographs/tristan-pompey-cda-tp,
Tyler Frank,667611,2018,draft,hitter,bowman_1st_base,,,https://www.sportscardspro.com/game/baseball-cards-2018-bowman-draft-chrome-picks-autographs/tyler-frank-cda-tf,
Willie Abreu,624408,2018,chrome,hitter,bowman_1st_base,,,https://www.sportscardspro.com/game/baseball-cards-2018-bowman-chrome-prospects-autographs/willie-abreu-cpa-wa,
Yasel Antuna,671276,2018,chrome,hitter,bowman_1st_base,baseball-cards-2018-bowman-chrome-prospects,https://www.sportscardspro.com/game/baseball-cards-2018-bowman-chrome-prospects/yasel-antuna-bcp-173,https://www.sportscardspro.com/game/baseball-cards-2018-bowman-chrome-prospects-autographs/yasel-antuna-bcpa-ya,
Austin Warner,677369,2019,chrome,pitcher,bowman_1st_base,baseball-cards-2019-bowman-chrome-prospects,https://www.sportscardspro.com/game/baseball-cards-2019-bowman-chrome-prospects/austin-warner-bcp-177,https://www.sportscardspro.com/game/baseball-cards-2019-bowman-chrome-prospects-autographs/austin-warner-cpa-aw,
Beau Philip,685121,2019,draft,pitcher,bowman_1st_base,baseball-cards-2019-bowman-draft-chrome,https://www.sportscardspro.com/game/baseball-cards-2019-bowman-draft-chrome/beau-philip-bdc-128,https://www.sportscardspro.com/game/baseball-cards-2019-bowman-draft-chrome-picks-autograph/beau-philip-cda-bp,
Blaine Knight,667421,2019,chrome,pitcher,bowman_1st_base,,,https://www.sportscardspro.com/game/baseball-cards-2019-bowman-chrome-prospects-autographs/blaine-knight-cpa-bk,
Brady McConnell,669381,2019,draft,hitter,bowman_1st_base,baseball-cards-2019-bowman-draft-chrome,https://www.sportscardspro.com/game/baseball-cards-2019-bowman-draft-chrome/brady-mcconnell-bdc-17,https://www.sportscardspro.com/game/baseball-cards-2019-bowman-draft-chrome-picks-autograph/brady-mcconnell-cda-bmc,
Brennan Malone,683005,2019,draft,pitcher,bowman_1st_base,baseball-cards-2019-bowman-draft-chrome,https://www.sportscardspro.com/game/baseball-cards-2019-bowman-draft-chrome/brennan-malone-bdc-165,https://www.sportscardspro.com/game/baseball-cards-2019-bowman-draft-chrome-picks-autograph/brennan-malone-cda-bm,
Chase Strumpf,668664,2019,draft,hitter,bowman_1st_base,baseball-cards-2019-bowman-draft-chrome,https://www.sportscardspro.com/game/baseball-cards-2019-bowman-draft-chrome/chase-strumpf-bdc-178,https://www.sportscardspro.com/game/baseball-cards-2019-bowman-draft-chrome-picks-autograph/chase-strumpf-cda-cs,
Dasan Brown,672018,2019,draft,hitter,bowman_1st_base,baseball-cards-2019-bowman-draft-chrome,https://www.sportscardspro.com/game/baseball-cards-2019-bowman-draft-chrome/dasan-brown-bdc-63,https://www.sportscardspro.com/game/baseball-cards-2019-bowman-draft-chrome-picks-autograph/dasan-brown-cda-db,
Durbin Feltman,664687,2019,chrome,pitcher,bowman_1st_base,,,https://www.sportscardspro.com/game/baseball-cards-2019-bowman-chrome-prospects-autographs/durbin-feltman-cpa-df,
Freudis Nova,671265,2019,chrome,hitter,bowman_1st_base,baseball-cards-2019-bowman-chrome-prospects,https://www.sportscardspro.com/game/baseball-cards-2019-bowman-chrome-prospects/freudis-nova-bcp-21,https://www.sportscardspro.com/game/baseball-cards-2019-bowman-chrome-prospects-autographs/freudis-nova-cpa-fn,
Gregory Guerrero,665872,2019,chrome,hitter,bowman_1st_base,,,https://www.sportscardspro.com/game/baseball-cards-2019-bowman-chrome-prospects-autographs/gregory-guerrero-cpa-gg,
Hunter Bishop,666183,2019,draft,hitter,bowman_1st_base,baseball-cards-2019-bowman-draft-chrome,https://www.sportscardspro.com/game/baseball-cards-2019-bowman-draft-chrome/hunter-bishop-bdc-31,https://www.sportscardspro.com/game/baseball-cards-2019-bowman-draft-chrome-picks-autograph/hunter-bishop-cda-hb,
Isiah Gilliam,656462,2019,chrome,hitter,bowman_1st_base,baseball-cards-2019-bowman-chrome-prospects,https://www.sportscardspro.com/game/baseball-cards-2019-bowman-chrome-prospects/isiah-gilliam-bcp-204,https://www.sportscardspro.com/game/baseball-cards-2019-bowman-chrome-prospects-autographs/isiah-gilliam-cpa-ig,
JJ Goss,683101,2019,draft,pitcher,bowman_1st_base,baseball-cards-2019-bowman-draft-chrome,https://www.sportscardspro.com/game/baseball-cards-2019-bowman-draft-chrome/jj-goss-bdc-61,https://www.sportscardspro.com/game/baseball-cards-2019-bowman-draft-chrome-picks-autograph/jj-goss-cda-jjg,
Jake Sanford,666331,2019,draft,hitter,bowman_1st_base,baseball-cards-2019-bowman-draft-chrome,https://www.sportscardspro.com/game/baseball-cards-2019-bowman-draft-chrome/jake-sanford-bdc-82,https://www.sportscardspro.com/game/baseball-cards-2019-bowman-draft-chrome-picks-autograph/jake-sanford-cda-jsa,
Jamari Baylor,687072,2019,draft,hitter,bowman_1st_base,baseball-cards-2019-bowman-draft-chrome,https://www.sportscardspro.com/game/baseball-cards-2019-bowman-draft-chrome/jamari-baylor-bdc-41,https://www.sportscardspro.com/game/baseball-cards-2019-bowman-draft-chrome-picks-autograph/jamari-baylor-cda-jb,
Jameson Hannah,680683,2019,chrome,hitter,bowman_1st_base,baseball-cards-2019-bowman-chrome-prospects,https://www.sportscardspro.com/game/baseball-cards-2019-bowman-chrome-prospects/jameson-hannah-bcp-198,https://www.sportscardspro.com/game/baseball-cards-2019-bowman-chrome-prospects-autographs/jameson-hannah-cpa-jha,
Jimmy Lewis,683167,2019,draft,pitcher,bowman_1st_base,baseball-cards-2019-bowman-draft-chrome,https://www.sportscardspro.com/game/baseball-cards-2019-bowman-draft-chrome/jimmy-lewis-bdc-132,https://www.sportscardspro.com/game/baseball-cards-2019-bowman-draft-chrome-picks-autograph/jimmy-lewis-cda-jl,
John Doxakis,669648,2019,draft,pitcher,bowman_1st_base,baseball-cards-2019-bowman-draft-chrome,https://www.sportscardspro.com/game/baseball-cards-2019-bowman-draft-chrome/john-doxakis-bdc-156,https://www.sportscardspro.com/game/baseball-cards-2019-bowman-draft-chrome-picks-autograph/john-doxakis-cda-jd,
Jonatan Machado,671054,2019,chrome,hitter,bowman_1st_base,,,https://www.sportscardspro.com/game/baseball-cards-2019-bowman-chrome-prospects-autographs/jonatan-machado-cpa-jm,
Josh Wolf,683181,2019,draft,pitcher,bowman_1st_base,baseball-cards-2019-bowman-draft-chrome,https://www.sportscardspro.com/game/baseball-cards-2019-bowman-draft-chrome/josh-wolf-bdc-119,https://www.sportscardspro.com/game/baseball-cards-2019-bowman-draft-chrome-picks-autograph/josh-wolf-cda-jw,
Joshua Mears,687084,2019,draft,hitter,bowman_1st_base,baseball-cards-2019-bowman-draft-chrome,https://www.sportscardspro.com/game/baseball-cards-2019-bowman-draft-chrome/joshua-mears-bdc-180,https://www.sportscardspro.com/game/baseball-cards-2019-bowman-draft-chrome-picks-autograph/joshua-mears-cda-jm,
Kendall Williams,683086,2019,draft,pitcher,bowman_1st_base,baseball-cards-2019-bowman-draft-chrome,https://www.sportscardspro.com/game/baseball-cards-2019-bowman-draft-chrome/kendall-williams-bdc-199,https://www.sportscardspro.com/game/baseball-cards-2019-bowman-draft-chrome-picks-autograph/kendall-williams-cda-kw,
Keoni Cavaco,686577,2019,draft,hitter,bowman_1st_base,baseball-cards-2019-bowman-draft-chrome,https://www.sportscardspro.com/game/baseball-cards-2019-bowman-draft-chrome/keoni-cavaco-bdc-65,https://www.sportscardspro.com/game/baseball-cards-2019-bowman-draft-chrome-picks-autograph/keoni-cavaco-cda-kc,
Kody Hoese,682210,2019,draft,hitter,bowman_1st_base,baseball-cards-2019-bowman-draft-chrome,https://www.sportscardspro.com/game/baseball-cards-2019-bowman-draft-chrome/kody-hoese-bdc-187,https://www.sportscardspro.com/game/baseball-cards-2019-bowman-draft-chrome-picks-autograph/kody-hoese-cda-kh,
Logan Wyatt,668824,2019,draft,hitter,bowman_1st_base,baseball-cards-2019-bowman-draft-chrome,https://www.sportscardspro.com/game/baseball-cards-2019-bowman-draft-chrome/logan-wyatt-bdc-29,https://www.sportscardspro.com/game/baseball-cards-2019-bowman-draft-chrome-picks-autograph/logan-wyatt-cda-lw,
Matt Canterino,683764,2019,draft,pitcher,bowman_1st_base,baseball-cards-2019-bowman-draft-chrome,https://www.sportscardspro.com/game/baseball-cards-2019-bowman-draft-chrome/matt-canterino-bdc-149,https://www.sportscardspro.com/game/baseball-cards-2019-bowman-draft-chrome-picks-autograph/matt-canterino-cda-mc,
Matthew Thompson,683010,2019,draft,pitcher,bowman_1st_base,baseball-cards-2019-bowman-draft-chrome,https://www.sportscardspro.com/game/baseball-cards-2019-bowman-draft-chrome/matthew-thompson-bdc-94,https://www.sportscardspro.com/game/baseball-cards-2019-bowman-draft-chrome-picks-autograph/matthew-thompson-cda-mth,
Melvin Adon,661536,2019,chrome,pitcher,bowman_1st_base,,,https://www.sportscardspro.com/game/baseball-cards-2019-bowman-chrome-prospects-autographs/melvin-adon-cpa-ma,
Miguel Hiraldo,677599,2019,chrome,hitter,bowman_1st_base,baseball-cards-2019-bowman-chrome-prospects,https://www.sportscardspro.com/game/baseball-cards-2019-bowman-chrome-prospects/miguel-hiraldo-bcp-184,https://www.sportscardspro.com/game/baseball-cards-2019-bowman-chrome-prospects-autographs/miguel-hiraldo-cpa-mh,
Moises Gomez,664332,2019,chrome,hitter,bowman_1st_base,baseball-cards-2019-bowman-draft-chrome,https://www.sportscardspro.com/game/baseball-cards-2019-bowman-draft-chrome/moises-gomez-bdc-143,https://www.sportscardspro.com/game/baseball-cards-2019-bowman-chrome-prospects-autographs/moises-gomez-cpa-mg,
Nick Quintana,666161,2019,draft,hitter,bowman_1st_base,baseball-cards-2019-bowman-draft-chrome,https://www.sportscardspro.com/game/baseball-cards-2019-bowman-draft-chrome/nick-quintana-bdc-105,https://www.sportscardspro.com/game/baseball-cards-2019-bowman-draft-chrome-picks-autograph/nick-quintana-cda-nq,
Noah Song,679977,2019,draft,pitcher,bowman_1st_base,baseball-cards-2019-bowman-draft-chrome,https://www.sportscardspro.com/game/baseball-cards-2019-bowman-draft-chrome/noah-song-bdc-99,https://www.sportscardspro.com/game/baseball-cards-2019-bowman-draft-chrome-picks-autograph/noah-song-cda-ns,
Richard Gallardo,682620,2019,chrome,pitcher,bowman_1st_base,baseball-cards-2019-bowman-chrome-prospects,https://www.sportscardspro.com/game/baseball-cards-2019-bowman-chrome-prospects/richard-gallardo-bcp-188,https://www.sportscardspro.com/game/baseball-cards-2019-bowman-chrome-prospects-autographs/richard-gallardo-cpa-rg,
Robinson Ortiz,673662,2019,chrome,pitcher,bowman_1st_base,baseball-cards-2019-bowman-chrome-prospects,https://www.sportscardspro.com/game/baseball-cards-2019-bowman-chrome-prospects/robinson-ortiz-bcp-153,https://www.sportscardspro.com/game/baseball-cards-2019-bowman-chrome-prospects-autographs/robinson-ortiz-cpa-ro,
Ryan Garcia,676954,2019,draft,hitter,bowman_1st_base,baseball-cards-2019-bowman-draft-chrome,https://www.sportscardspro.com/game/baseball-cards-2019-bowman-draft-chrome/ryan-garcia-bdc-148,https://www.sportscardspro.com/game/baseball-cards-2019-bowman-draft-chrome-picks-autograph/ryan-garcia-cda-rga,
Sammy Siani,686445,2019,draft,hitter,bowman_1st_base,baseball-cards-2019-bowman-draft-chrome,https://www.sportscardspro.com/game/baseball-cards-2019-bowman-draft-chrome/sammy-siani-bdc-19,https://www.sportscardspro.com/game/baseball-cards-2019-bowman-draft-chrome-picks-autograph/sammy-siani-cda-ss,
Shervyen Newton,665989,2019,chrome,hitter,bowman_1st_base,baseball-cards-2019-bowman-chrome-prospects,https://www.sportscardspro.com/game/baseball-cards-2019-bowman-chrome-prospects/shervyen-newton-bcp-248,https://www.sportscardspro.com/game/baseball-cards-2019-bowman-chrome-prospects-autographs/shervyen-newton-cpa-sn,
T.J. Sikkema,674674,2019,draft,pitcher,bowman_1st_base,baseball-cards-2019-bowman-draft-chrome,https://www.sportscardspro.com/game/baseball-cards-2019-bowman-draft-chrome/tj-sikkema-bdc-34,https://www.sportscardspro.com/game/baseball-cards-2019-bowman-draft-chrome-picks-autograph/tj-sikkema-cda-tjs,
Telmito Agustin,648739,2019,chrome,hitter,bowman_1st_base,,,https://www.sportscardspro.com/game/baseball-cards-2019-bowman-chrome-prospects-autographs/telmito-agustin-cpa-ta,
Tyler Baum,666121,2019,draft,pitcher,bowman_1st_base,baseball-cards-2019-bowman-draft-chrome,https://www.sportscardspro.com/game/baseball-cards-2019-bowman-draft-chrome/tyler-baum-bdc-109,https://www.sportscardspro.com/game/baseball-cards-2019-bowman-draft-chrome-picks-autograph/tyler-baum-cda-tb,
Yefri Del Rosario,672529,2019,chrome,pitcher,bowman_1st_base,baseball-cards-2019-bowman-chrome-prospects,https://www.sportscardspro.com/game/baseball-cards-2019-bowman-chrome-prospects/yefri-del-rosario-bcp-243,https://www.sportscardspro.com/game/baseball-cards-2019-bowman-chrome-prospects-autographs/yefri-del-rosario-cpa-ydr,
Zack Brown,641409,2019,chrome,pitcher,bowman_1st_base,baseball-cards-2019-bowman-chrome-prospects,https://www.sportscardspro.com/game/baseball-cards-2019-bowman-chrome-prospects/zack-brown-bcp-152,https://www.sportscardspro.com/game/baseball-cards-2019-bowman-chrome-prospects-autographs/zack-brown-cpa-zb,
AJ Vukovich,691021,2020,draft,hitter,bowman_1st_base,baseball-cards-2020-bowman-draft-chrome,https://www.sportscardspro.com/game/baseball-cards-2020-bowman-draft-chrome/aj-vukovich-bd-150,https://www.sportscardspro.com/game/baseball-cards-2020-bowman-draft-picks-chrome-autographs/aj-vukovich-cda-av,
Aaron Shortridge,663336,2020,chrome,pitcher,bowman_1st_base,baseball-cards-2020-bowman-chrome-prospects,https://www.sportscardspro.com/game/baseball-cards-2020-bowman-chrome-prospects/aaron-shortridge-bcp-9,https://www.sportscardspro.com/game/baseball-cards-2020-bowman-chrome-prospects-autograph/aaron-shortridge-cpa-ash,
Adam Hall,647228,2020,chrome,hitter,bowman_1st_base,baseball-cards-2020-bowman-chrome-prospects,https://www.sportscardspro.com/game/baseball-cards-2020-bowman-chrome-prospects/adam-hall-bcp-90,https://www.sportscardspro.com/game/baseball-cards-2020-bowman-chrome-prospects-autograph/adam-hall-cpa-ah,
Adam Hill,663597,2020,chrome,pitcher,bowman_1st_base,,,https://www.sportscardspro.com/game/baseball-cards-2020-bowman-chrome-prospects-autograph/adam-hill-cpa-ahi,
Adam Seminaris,694372,2020,draft,pitcher,bowman_1st_base,baseball-cards-2020-bowman-draft-chrome,https://www.sportscardspro.com/game/baseball-cards-2020-bowman-draft-chrome/adam-seminaris-bd-163,https://www.sportscardspro.com/game/baseball-cards-2020-bowman-draft-picks-chrome-autographs/adam-seminaris-cda-ase,
Adisyn Coffey,676249,2020,draft,pitcher,bowman_1st_base,baseball-cards-2020-bowman-draft-chrome,https://www.sportscardspro.com/game/baseball-cards-2020-bowman-draft-chrome/adisyn-coffey-bd-87,https://www.sportscardspro.com/game/baseball-cards-2020-bowman-draft-picks-chrome-autographs/adisyn-coffey-cda-ac,
Alerick Soularie,669442,2020,draft,hitter,bowman_1st_base,baseball-cards-2020-bowman-draft-chrome,https://www.sportscardspro.com/game/baseball-cards-2020-bowman-draft-chrome/alerick-soularie-bd-94,https://www.sportscardspro.com/game/baseball-cards-2020-bowman-draft-picks-chrome-autographs/alerick-soularie-cda-aso,
Alex Santos,455041,2020,draft,pitcher,bowman_1st_base,baseball-cards-2020-bowman-draft-chrome,https://www.sportscardspro.com/game/baseball-cards-2020-bowman-draft-chrome/alex-santos-bd-139,https://www.sportscardspro.com/game/baseball-cards-2020-bowman-draft-picks-chrome-autographs/alex-santos-cda-asan,
Alvaro Seijas,661099,2020,chrome,pitcher,bowman_1st_base,baseball-cards-2020-bowman-chrome-prospects,https://www.sportscardspro.com/game/baseball-cards-2020-bowman-chrome-prospects/alvaro-seijas-bcp-60,https://www.sportscardspro.com/game/baseball-cards-2020-bowman-chrome-prospects-autograph/alvaro-seijas-cpa-as,
Andrew Dalquist,686643,2020,chrome,pitcher,bowman_1st_base,baseball-cards-2021-bowman-chrome-prospects,https://www.sportscardspro.com/game/baseball-cards-2021-bowman-chrome-prospects/andrew-dalquist-bcp-64,https://www.sportscardspro.com/game/baseball-cards-2020-bowman-chrome-prospects-autograph/andrew-dalquist-cpa-ad,
Anthony Garcia,571685,2020,chrome,hitter,bowman_1st_base,,,https://www.sportscardspro.com/game/baseball-cards-2020-bowman-chrome-prospects-autograph/anthony-garcia-cpa-ag,
Antonio Cabello,679737,2020,chrome,hitter,bowman_1st_base,baseball-cards-2020-bowman-chrome-prospects,https://www.sportscardspro.com/game/baseball-cards-2020-bowman-chrome-prospects/antonio-cabello-bcp-85,https://www.sportscardspro.com/game/baseball-cards-2020-bowman-chrome-prospects-autograph/antonio-cabello-cpa-ac,
Asa Lacy,669370,2020,draft,pitcher,bowman_1st_base,baseball-cards-2020-bowman-draft-chrome,https://www.sportscardspro.com/game/baseball-cards-2020-bowman-draft-chrome/asa-lacy-bd-88,https://www.sportscardspro.com/game/baseball-cards-2020-bowman-draft-picks-chrome-autographs/asa-lacy-cda-al,
Austin Hansen,667712,2020,chrome,pitcher,bowman_1st_base,,,https://www.sportscardspro.com/game/baseball-cards-2020-bowman-chrome-prospects-autograph/austin-hansen-cpa-ah,
Austin Hendrick,690988,2020,draft,hitter,bowman_1st_base,baseball-cards-2020-bowman-draft-chrome,https://www.sportscardspro.com/game/baseball-cards-2020-bowman-draft-chrome/austin-hendrick-bd-34,https://www.sportscardspro.com/game/baseball-cards-2020-bowman-draft-picks-chrome-autographs/austin-hendrick-cda-ah,
Ben Hernandez,690989,2020,draft,pitcher,bowman_1st_base,baseball-cards-2020-bowman-draft-chrome,https://www.sportscardspro.com/game/baseball-cards-2020-bowman-draft-chrome/ben-hernandez-bd-19,https://www.sportscardspro.com/game/baseball-cards-2020-bowman-draft-picks-chrome-autographs/ben-hernandez-cda-bh,
Bradlee Beesley,686977,2020,draft,hitter,bowman_1st_base,,,https://www.sportscardspro.com/game/baseball-cards-2020-bowman-draft-picks-chrome-autographs/bradlee-beesley-cda-bbe,
Brady Whalen,669714,2020,chrome,hitter,bowman_1st_base,,,https://www.sportscardspro.com/game/baseball-cards-2020-bowman-chrome-prospects-autograph/brady-whalen-cpa-bw,
Brandon Howlett,680914,2020,chrome,hitter,bowman_1st_base,,,https://www.sportscardspro.com/game/baseball-cards-2020-bowman-chrome-prospects-autograph/brandon-howlett-cpa-bh,
Brandon Lewis,686781,2020,chrome,hitter,bowman_1st_base,,,https://www.sportscardspro.com/game/baseball-cards-2020-bowman-chrome-prospects-autograph/brandon-lewis-cpa-bl,
Brennen Davis,680695,2020,chrome,hitter,bowman_1st_base,baseball-cards-2020-bowman-chrome-prospects,https://www.sportscardspro.com/game/baseball-cards-2020-bowman-chrome-prospects/brennen-davis-bcp-141,https://www.sportscardspro.com/game/baseball-cards-2020-bowman-chrome-prospects-autograph/brennen-davis-cpa-bd,
Bryant Packard,669741,2020,chrome,hitter,bowman_1st_base,,,https://www.sportscardspro.com/game/baseball-cards-2020-bowman-chrome-prospects-autograph/bryant-packard-cpa-bp,
Bryce Ball,668787,2020,chrome,hitter,bowman_1st_base,,,https://www.sportscardspro.com/game/baseball-cards-2020-bowman-chrome-prospects-autograph/bryce-ball-cpa-bba,
Bryce Bonnin,675655,2020,draft,pitcher,bowman_1st_base,baseball-cards-2020-bowman-draft-chrome,https://www.sportscardspro.com/game/baseball-cards-2020-bowman-draft-chrome/bryce-bonnin-bd-74,https://www.sportscardspro.com/game/baseball-cards-2020-bowman-draft-picks-chrome-autographs/bryce-bonnin-cda-bb,
Burl Carraway,693310,2020,draft,pitcher,bowman_1st_base,baseball-cards-2020-bowman-draft-chrome,https://www.sportscardspro.com/game/baseball-cards-2020-bowman-draft-chrome/burl-carraway-bd-25,https://www.sportscardspro.com/game/baseball-cards-2020-bowman-draft-picks-chrome-autographs/burl-carraway-cda-bc,
Carson Tucker,691020,2020,draft,hitter,bowman_1st_base,baseball-cards-2020-bowman-draft-chrome,https://www.sportscardspro.com/game/baseball-cards-2020-bowman-draft-chrome/carson-tucker-bd-60,https://www.sportscardspro.com/game/baseball-cards-2020-bowman-draft-picks-chrome-autographs/carson-tucker-cda-ct,
Case Williams,695406,2020,draft,pitcher,bowman_1st_base,baseball-cards-2020-bowman-draft-chrome,https://www.sportscardspro.com/game/baseball-cards-2020-bowman-draft-chrome/case-williams-bd-23,https://www.sportscardspro.com/game/baseball-cards-2020-bowman-draft-picks-chrome-autographs/case-williams-cda-cwi,
Casey Martin,676045,2020,draft,hitter,bowman_1st_base,baseball-cards-2020-bowman-draft-chrome,https://www.sportscardspro.com/game/baseball-cards-2020-bowman-draft-chrome/casey-martin-bd-73,https://www.sportscardspro.com/game/baseball-cards-2020-bowman-draft-picks-chrome-autographs/casey-martin-cda-cm,
Chandler Redmond,687470,2020,chrome,hitter,bowman_1st_base,,,https://www.sportscardspro.com/game/baseball-cards-2020-bowman-chrome-prospects-autograph/chandler-redmond-cpa-cr,
Chris McMahon,675657,2020,draft,pitcher,bowman_1st_base,baseball-cards-2020-bowman-draft-chrome,https://www.sportscardspro.com/game/baseball-cards-2020-bowman-draft-chrome/chris-mcmahon-bd-43,https://www.sportscardspro.com/game/baseball-cards-2020-bowman-draft-picks-chrome-autographs/chris-mcmahon-cda-cmm,
Christian Chamberlain,685125,2020,draft,pitcher,bowman_1st_base,baseball-cards-2020-bowman-draft-chrome,https://www.sportscardspro.com/game/baseball-cards-2020-bowman-draft-chrome/christian-chamberlain-bd-84,https://www.sportscardspro.com/game/baseball-cards-2020-bowman-draft-picks-chrome-autographs/christian-chamberlain-cda-cc,
Colin Barber,683145,2020,chrome,hitter,bowman_1st_base,,,https://www.sportscardspro.com/game/baseball-cards-2020-bowman-chrome-prospects-autograph/colin-barber-cpa-cba,
Connor Cannon,669070,2020,chrome,hitter,bowman_1st_base,,,https://www.sportscardspro.com/game/baseball-cards-2020-bowman-chrome-prospects-autograph/connor-cannon-cpa-cc,
Cooper Johnson,666194,2020,chrome,hitter,bowman_1st_base,,,https://www.sportscardspro.com/game/baseball-cards-2020-bowman-chrome-prospects-autograph/cooper-johnson-cpa-cj,
Dane Acker,686769,2020,draft,pitcher,bowman_1st_base,baseball-cards-2020-bowman-draft-chrome,https://www.sportscardspro.com/game/baseball-cards-2020-bowman-draft-chrome/dane-acker-bd-8,https://www.sportscardspro.com/game/baseball-cards-2020-bowman-draft-picks-chrome-autographs/dane-acker-cda-da,
David Calabrese,683341,2020,draft,hitter,bowman_1st_base,baseball-cards-2020-bowman-draft-chrome,https://www.sportscardspro.com/game/baseball-cards-2020-bowman-draft-chrome/david-calabrese-bd-103,https://www.sportscardspro.com/game/baseball-cards-2020-bowman-draft-picks-chrome-autographs/david-calabrese-cda-dc,
Devin Mann,669471,2020,chrome,hitter,bowman_1st_base,,,https://www.sportscardspro.com/game/baseball-cards-2020-bowman-chrome-prospects-autograph/devin-mann-cpa-dma,
Diosbel Arias,677690,2020,chrome,hitter,bowman_1st_base,,,https://www.sportscardspro.com/game/baseball-cards-2020-bowman-chrome-prospects-autograph/diosbel-arias-cpa-da,
Dylan File,668766,2020,chrome,pitcher,bowman_1st_base,,,https://www.sportscardspro.com/game/baseball-cards-2020-bowman-chrome-prospects-autograph/dylan-file-cpa-df,
Ed Howard,690992,2020,draft,hitter,bowman_1st_base,baseball-cards-2020-bowman-draft-chrome,https://www.sportscardspro.com/game/baseball-cards-2020-bowman-draft-chrome/ed-howard-bd-98,https://www.sportscardspro.com/game/baseball-cards-2020-bowman-draft-picks-chrome-autographs/ed-howard-cda-eh,
Erick Pena,691179,2020,chrome,hitter,bowman_1st_base,baseball-cards-2021-bowman-draft-chrome,https://www.sportscardspro.com/game/baseball-cards-2021-bowman-draft-chrome/erick-pena-bdc-178,https://www.sportscardspro.com/game/baseball-cards-2020-bowman-chrome-prospects-autograph/erick-pena-cpa-epe,
Erik Rivera,682992,2020,chrome,pitcher,bowman_1st_base,,,https://www.sportscardspro.com/game/baseball-cards-2020-bowman-chrome-prospects-autograph/erik-rivera-cpa-eri,
Ethan Lindow,676600,2020,chrome,pitcher,bowman_1st_base,,,https://www.sportscardspro.com/game/baseball-cards-2020-bowman-chrome-prospects-autograph/ethan-lindow-cpa-el,
Freddy Zamora,668965,2020,draft,hitter,bowman_1st_base,baseball-cards-2020-bowman-draft-chrome,https://www.sportscardspro.com/game/baseball-cards-2020-bowman-draft-chrome/freddy-zamora-bd-46,https://www.sportscardspro.com/game/baseball-cards-2020-bowman-draft-picks-chrome-autographs/freddy-zamora-cda-fz,
Gilberto Jimenez,678362,2020,chrome,hitter,bowman_1st_base,baseball-cards-2020-bowman-draft-chrome,https://www.sportscardspro.com/game/baseball-cards-2020-bowman-draft-chrome/gilberto-jimenez-bd-137,https://www.sportscardspro.com/game/baseball-cards-2020-bowman-chrome-prospects-autograph/gilberto-jimenez-cpa-gj,
Graeme Stinson,666209,2020,chrome,pitcher,bowman_1st_base,,,https://www.sportscardspro.com/game/baseball-cards-2020-bowman-chrome-prospects-autograph/graeme-stinson-cpa-gst,
Grant Little,668696,2020,chrome,hitter,bowman_1st_base,baseball-cards-2020-bowman-chrome-prospects,https://www.sportscardspro.com/game/baseball-cards-2020-bowman-chrome-prospects/grant-little-bcp-133,https://www.sportscardspro.com/game/baseball-cards-2020-bowman-chrome-prospects-autograph/grant-little-cpa-gl,
Gunner Mayer,686763,2020,chrome,pitcher,bowman_1st_base,,,https://www.sportscardspro.com/game/baseball-cards-2020-bowman-chrome-prospects-autograph/gunner-mayer-cpa-gma,
Hayden Cantrelle,676463,2020,draft,hitter,bowman_1st_base,baseball-cards-2020-bowman-draft-chrome,https://www.sportscardspro.com/game/baseball-cards-2020-bowman-draft-chrome/hayden-cantrelle-bd-173,https://www.sportscardspro.com/game/baseball-cards-2020-bowman-draft-picks-chrome-autographs/hayden-cantrelle-cda-hca,
Hector Yan,666668,2020,chrome,pitcher,bowman_1st_base,,,https://www.sportscardspro.com/game/baseball-cards-2020-bowman-chrome-prospects-autograph/hector-yan-cpa-hy,
Holden Powell,676026,2020,draft,pitcher,bowman_1st_base,baseball-cards-2020-bowman-draft-chrome,https://www.sportscardspro.com/game/baseball-cards-2020-bowman-draft-chrome/holden-powell-bd-120,https://www.sportscardspro.com/game/baseball-cards-2020-bowman-draft-picks-chrome-autographs/holden-powell-cda-hp,
Hudson Haskin,681370,2020,draft,hitter,bowman_1st_base,baseball-cards-2020-bowman-draft-chrome,https://www.sportscardspro.com/game/baseball-cards-2020-bowman-draft-chrome/hudson-haskin-bd-130,https://www.sportscardspro.com/game/baseball-cards-2020-bowman-draft-picks-chrome-autographs/hudson-haskin-cda-hh,
Ian Bedell,678016,2020,draft,pitcher,bowman_1st_base,baseball-cards-2020-bowman-draft-chrome,https://www.sportscardspro.com/game/baseball-cards-2020-bowman-draft-chrome/ian-bedell-bd-100,https://www.sportscardspro.com/game/baseball-cards-2020-bowman-draft-picks-chrome-autographs/ian-bedell-cda-ib,
Isaiah Greene,693309,2020,draft,hitter,bowman_1st_base,baseball-cards-2020-bowman-draft-chrome,https://www.sportscardspro.com/game/baseball-cards-2020-bowman-draft-chrome/isaiah-greene-bd-77,https://www.sportscardspro.com/game/baseball-cards-2020-bowman-draft-picks-chrome-autographs/isaiah-greene-cda-ig,
Jack Blomgren,685076,2020,draft,hitter,bowman_1st_base,baseball-cards-2020-bowman-draft-chrome,https://www.sportscardspro.com/game/baseball-cards-2020-bowman-draft-chrome/jack-blomgren-bd-162,https://www.sportscardspro.com/game/baseball-cards-2020-bowman-draft-picks-chrome-autographs/jack-blomgren-cda-jb,
Jackson Miller,690998,2020,draft,hitter,bowman_1st_base,baseball-cards-2020-bowman-draft-chrome,https://www.sportscardspro.com/game/baseball-cards-2020-bowman-draft-chrome/jackson-miller-bd-116,https://www.sportscardspro.com/game/baseball-cards-2020-bowman-draft-picks-chrome-autographs/jackson-miller-cda-jm,
James Beard,686808,2020,chrome,hitter,bowman_1st_base,baseball-cards-2021-bowman-chrome-prospects,https://www.sportscardspro.com/game/baseball-cards-2021-bowman-chrome-prospects/james-beard-bcp-6,https://www.sportscardspro.com/game/baseball-cards-2020-bowman-chrome-prospects-autograph/james-beard-cpa-jbe,
Jasseel De La Cruz,665600,2020,chrome,pitcher,bowman_1st_base,baseball-cards-2020-bowman-chrome-prospects,https://www.sportscardspro.com/game/baseball-cards-2020-bowman-chrome-prospects/jasseel-de-la-cruz-bcp-115,https://www.sportscardspro.com/game/baseball-cards-2020-bowman-chrome-prospects-autograph/jasseel-de-la-cruz-cpa-jdc,
Jeff Hakanson,695377,2020,draft,pitcher,bowman_1st_base,,,https://www.sportscardspro.com/game/baseball-cards-2020-bowman-draft-picks-chrome-autographs/jeff-hakanson-cda-jh,
Jesse Franklin V,675966,2020,draft,hitter,bowman_1st_base,baseball-cards-2020-bowman-draft-chrome,https://www.sportscardspro.com/game/baseball-cards-2020-bowman-draft-chrome/jesse-franklin-v-bd-17,https://www.sportscardspro.com/game/baseball-cards-2020-bowman-draft-picks-chrome-autographs/jesse-franklin-v-cda-jfr,
Jhon Diaz,691252,2020,chrome,hitter,bowman_1st_base,baseball-cards-2020-bowman-chrome-prospects,https://www.sportscardspro.com/game/baseball-cards-2020-bowman-chrome-prospects/jhon-diaz-bcp-30,https://www.sportscardspro.com/game/baseball-cards-2020-bowman-chrome-prospects-autograph/jhon-diaz-cpa-jdi,
Jhon Torres,672536,2020,chrome,hitter,bowman_1st_base,,,https://www.sportscardspro.com/game/baseball-cards-2020-bowman-chrome-prospects-autograph/jhon-torres-cpa-jt,
Jimmy Glowenke,694368,2020,draft,hitter,bowman_1st_base,baseball-cards-2020-bowman-draft-chrome,https://www.sportscardspro.com/game/baseball-cards-2020-bowman-draft-chrome/jimmy-glowenke-bd-35,https://www.sportscardspro.com/game/baseball-cards-2020-bowman-draft-picks-chrome-autographs/jimmy-glowenke-cda-jgl,
Joan Martinez,667355,2020,chrome,pitcher,bowman_1st_base,,,https://www.sportscardspro.com/game/baseball-cards-2020-bowman-chrome-prospects-autograph/joan-martinez-cpa-jma,
Joe Genord,664987,2020,chrome,hitter,bowman_1st_base,,,https://www.sportscardspro.com/game/baseball-cards-2020-bowman-chrome-prospects-autograph/joe-genord-cpa-jg,
Jordan Brewer,685084,2020,chrome,hitter,bowman_1st_base,,,https://www.sportscardspro.com/game/baseball-cards-2020-bowman-chrome-prospects-autograph/jordan-brewer-cpa-jbr,
Alexander Vargas,683061,2021,chrome,hitter,bowman_1st_base,baseball-cards-2021-bowman-draft-chrome,https://www.sportscardspro.com/game/baseball-cards-2021-bowman-draft-chrome/alexander-vargas-bdc-121,https://www.sportscardspro.com/game/baseball-cards-2021-bowman-chrome-prospect-autographs/alexander-vargas-cpa-av,
Alexander Vizcaino,669805,2021,chrome,pitcher,bowman_1st_base,baseball-cards-2021-bowman-chrome-prospects,https://www.sportscardspro.com/game/baseball-cards-2021-bowman-chrome-prospects/alexander-vizcaino-bcp-212,https://www.sportscardspro.com/game/baseball-cards-2021-bowman-chrome-prospect-autographs/alexander-vizcaino-cpa-av,
Anthony Solometo,696143,2021,draft,pitcher,bowman_1st_base,,,https://www.sportscardspro.com/game/baseball-cards-2021-bowman-draft-pick-chrome-autographs/anthony-solometo-cda-as,
Anthony Walters,695024,2021,chrome,hitter,bowman_1st_base,,,https://www.sportscardspro.com/game/baseball-cards-2021-bowman-chrome-prospect-autographs/anthony-walters-cpa-aw,
Antonio Gomez,682625,2021,chrome,pitcher,bowman_1st_base,baseball-cards-2021-bowman-chrome-prospects,https://www.sportscardspro.com/game/baseball-cards-2021-bowman-chrome-prospects/antonio-gomez-bcp-82,https://www.sportscardspro.com/game/baseball-cards-2021-bowman-chrome-prospect-autographs/antonio-gomez-cpa-ago,
Armando Cruz,694182,2021,chrome,hitter,bowman_1st_base,baseball-cards-2021-bowman-chrome-prospects,https://www.sportscardspro.com/game/baseball-cards-2021-bowman-chrome-prospects/armando-cruz-bcp-247,https://www.sportscardspro.com/game/baseball-cards-2021-bowman-chrome-prospect-autographs/armando-cruz-cpa-ac,
Arol Vera,691186,2021,chrome,hitter,bowman_1st_base,baseball-cards-2021-bowman-draft-chrome,https://www.sportscardspro.com/game/baseball-cards-2021-bowman-draft-chrome/arol-vera-bdc-181,https://www.sportscardspro.com/game/baseball-cards-2021-bowman-chrome-prospect-autographs/arol-vera-cpa-ave,
Austin Love,676153,2021,draft,pitcher,bowman_1st_base,baseball-cards-2021-bowman-draft-chrome,https://www.sportscardspro.com/game/baseball-cards-2021-bowman-draft-chrome/austin-love-bdc-164,https://www.sportscardspro.com/game/baseball-cards-2021-bowman-draft-pick-chrome-autographs/austin-love-cda-al,
Baron Radcliff,676288,2021,chrome,hitter,bowman_1st_base,,,https://www.sportscardspro.com/game/baseball-cards-2021-bowman-chrome-prospect-autographs/baron-radcliff-cpa-bra,
Benny Montgomery,695603,2021,draft,hitter,bowman_1st_base,baseball-cards-2021-bowman-draft-chrome,https://www.sportscardspro.com/game/baseball-cards-2021-bowman-draft-chrome/benny-montgomery-bdc-84,https://www.sportscardspro.com/game/baseball-cards-2021-bowman-draft-pick-chrome-autographs/benny-montgomery-cda-bm,
Brainer Bonaci,682900,2021,chrome,hitter,bowman_1st_base,baseball-cards-2021-bowman-draft-chrome,https://www.sportscardspro.com/game/baseball-cards-2021-bowman-draft-chrome/brainer-bonaci-bdc-54,https://www.sportscardspro.com/game/baseball-cards-2021-bowman-chrome-prospect-autographs/brainer-bonaci-cpa-bb,
Brayan Buelvas,683454,2021,chrome,hitter,bowman_1st_base,baseball-cards-2021-bowman-draft-chrome,https://www.sportscardspro.com/game/baseball-cards-2021-bowman-draft-chrome/brayan-buelvas-bdc-39,https://www.sportscardspro.com/game/baseball-cards-2021-bowman-chrome-prospect-autographs/brayan-buelvas-cpa-rdc,
Breidy Encarnacion,682697,2021,chrome,pitcher,bowman_1st_base,,,https://www.sportscardspro.com/game/baseball-cards-2021-bowman-chrome-prospect-autographs/breidy-encarnacion-cpa-be,
Calvin Ziegler,683349,2021,draft,pitcher,bowman_1st_base,baseball-cards-2021-bowman-draft-chrome,https://www.sportscardspro.com/game/baseball-cards-2021-bowman-draft-chrome/calvin-ziegler-bdc-123,https://www.sportscardspro.com/game/baseball-cards-2021-bowman-draft-pick-chrome-autographs/calvin-ziegler-cda-cz,
Carlos Colmenarez,694181,2021,chrome,hitter,bowman_1st_base,baseball-cards-2021-bowman-chrome-prospects,https://www.sportscardspro.com/game/baseball-cards-2021-bowman-chrome-prospects/carlos-colmenarez-bcp-238,https://www.sportscardspro.com/game/baseball-cards-2021-bowman-chrome-prospect-autographs/carlos-colmenarez-cpa-cc,
Carson Taylor,694930,2021,chrome,hitter,bowman_1st_base,,,https://www.sportscardspro.com/game/baseball-cards-2021-bowman-chrome-prospect-autographs/carson-taylor-cpa-ct,
Chih-Jung Liu,692617,2021,chrome,pitcher,bowman_1st_base,,,https://www.sportscardspro.com/game/baseball-cards-2021-bowman-chrome-prospect-autographs/chih-jung-liu-cpa-cl,
Cody Morissette,681357,2021,draft,hitter,bowman_1st_base,baseball-cards-2021-bowman-draft-chrome,https://www.sportscardspro.com/game/baseball-cards-2021-bowman-draft-chrome/cody-morissette-bdc-88,https://www.sportscardspro.com/game/baseball-cards-2021-bowman-draft-pick-chrome-autographs/cody-morissette-cda-cmo,
Cooper Kinney,695692,2021,draft,hitter,bowman_1st_base,baseball-cards-2021-bowman-draft-chrome,https://www.sportscardspro.com/game/baseball-cards-2021-bowman-draft-chrome/cooper-kinney-bdc-127,https://www.sportscardspro.com/game/baseball-cards-2021-bowman-draft-pick-chrome-autographs/cooper-kinney-cda-ck,
Cristian Hernandez,678707,2021,chrome,pitcher,bowman_1st_base,baseball-cards-2021-bowman-chrome-prospects,https://www.sportscardspro.com/game/baseball-cards-2021-bowman-chrome-prospects/cristian-hernandez-bcp-171,https://www.sportscardspro.com/game/baseball-cards-2021-bowman-chrome-prospect-autographs/cristian-hernandez-cpa-ch,
Cristian Santana,655996,2021,chrome,hitter,bowman_1st_base,baseball-cards-2021-bowman-chrome-prospects,https://www.sportscardspro.com/game/baseball-cards-2021-bowman-chrome-prospects/cristian-santana-bcp-186,https://www.sportscardspro.com/game/baseball-cards-2021-bowman-chrome-prospect-autographs/cristian-santana-cpa-cs,
D'Shawn Knowles,677610,2021,chrome,hitter,bowman_1st_base,,,https://www.sportscardspro.com/game/baseball-cards-2021-bowman-chrome-prospect-autographs/d%27shawn-knowles-cpa-dk,
Daniel Montano,665914,2021,chrome,hitter,bowman_1st_base,,,https://www.sportscardspro.com/game/baseball-cards-2021-bowman-chrome-prospect-autographs/daniel-montano-cpa-dm,
Darryl Collins,683408,2021,chrome,hitter,bowman_1st_base,,,https://www.sportscardspro.com/game/baseball-cards-2021-bowman-chrome-prospect-autographs/darryl-collins-cpa-dc,
David Garcia,671272,2021,chrome,hitter,bowman_1st_base,,,https://www.sportscardspro.com/game/baseball-cards-2021-bowman-chrome-prospect-autographs/david-garcia-cpa-dga,
Drew Gray,695645,2021,draft,pitcher,bowman_1st_base,baseball-cards-2021-bowman-draft-chrome,https://www.sportscardspro.com/game/baseball-cards-2021-bowman-draft-chrome/drew-gray-bdc-35,https://www.sportscardspro.com/game/baseball-cards-2021-bowman-draft-pick-chrome-autographs/drew-gray-cda-dg,
Dylan MacLean,694395,2021,chrome,pitcher,bowman_1st_base,,,https://www.sportscardspro.com/game/baseball-cards-2021-bowman-chrome-prospect-autographs/dylan-maclean-cpa-dma,
Eduardo Garcia,682633,2021,chrome,hitter,bowman_1st_base,baseball-cards-2021-bowman-chrome-prospects,https://www.sportscardspro.com/game/baseball-cards-2021-bowman-chrome-prospects/eduardo-garcia-bcp-191,https://www.sportscardspro.com/game/baseball-cards-2021-bowman-chrome-prospect-autographs/eduardo-garcia-cpa-eg,
Eduarqui Fernandez,682631,2021,chrome,hitter,bowman_1st_base,,,https://www.sportscardspro.com/game/baseball-cards-2021-bowman-chrome-prospect-autographs/eduarqui-fernandez-cpa-ef,
Elijah Dunham,685313,2021,chrome,hitter,bowman_1st_base,,,https://www.sportscardspro.com/game/baseball-cards-2021-bowman-chrome-prospect-autographs/elijah-dunham-cpa-ed,
Ethan Hearn,683001,2021,chrome,hitter,bowman_1st_base,,,https://www.sportscardspro.com/game/baseball-cards-2021-bowman-chrome-prospect-autographs/ethan-hearn-cpa-eh,
Ethan Wilson,681159,2021,draft,hitter,bowman_1st_base,baseball-cards-2021-bowman-draft-chrome,https://www.sportscardspro.com/game/baseball-cards-2021-bowman-draft-chrome/ethan-wilson-bdc-140,https://www.sportscardspro.com/game/baseball-cards-2021-bowman-draft-pick-chrome-autographs/ethan-wilson-cda-ew,
Frank Mozzicato,700924,2021,draft,pitcher,bowman_1st_base,baseball-cards-2021-bowman-draft-chrome,https://www.sportscardspro.com/game/baseball-cards-2021-bowman-draft-chrome/frank-mozzicato-bdc-95,https://www.sportscardspro.com/game/baseball-cards-2021-bowman-draft-pick-chrome-autographs/frank-mozzicato-cda-fm,
Gabriel Maciel,670622,2021,chrome,hitter,bowman_1st_base,,,https://www.sportscardspro.com/game/baseball-cards-2021-bowman-chrome-prospect-autographs/gabriel-maciel-cpa-gm,
George Feliz,692031,2021,chrome,hitter,bowman_1st_base,,,https://www.sportscardspro.com/game/baseball-cards-2021-bowman-chrome-prospect-autographs/george-feliz-cpa-gf,
Hedbert Perez,691616,2021,chrome,hitter,bowman_1st_base,baseball-cards-2021-bowman-chrome-prospects,https://www.sportscardspro.com/game/baseball-cards-2021-bowman-chrome-prospects/hedbert-perez-bcp-203,https://www.sportscardspro.com/game/baseball-cards-2021-bowman-chrome-prospect-autographs/hedbert-perez-cpa-hp,
Helcris Olivarez,672487,2021,chrome,pitcher,bowman_1st_base,baseball-cards-2021-bowman-chrome-prospects,https://www.sportscardspro.com/game/baseball-cards-2021-bowman-chrome-prospects/helcris-olivarez-bcp-154,https://www.sportscardspro.com/game/baseball-cards-2021-bowman-chrome-prospect-autographs/helcris-olivarez-cpa-ho,
Hyun-il Choi,683425,2021,chrome,pitcher,bowman_1st_base,,,https://www.sportscardspro.com/game/baseball-cards-2021-bowman-chrome-prospect-autographs/hyun-il-choi-cpa-hc,
Ismael Mena,691190,2021,chrome,hitter,bowman_1st_base,baseball-cards-2021-bowman-chrome-prospects,https://www.sportscardspro.com/game/baseball-cards-2021-bowman-chrome-prospects/ismael-mena-bcp-36,https://www.sportscardspro.com/game/baseball-cards-2021-bowman-chrome-prospect-autographs/ismael-mena-cpa-im,
Izaac Pacheco,691789,2021,draft,hitter,bowman_1st_base,baseball-cards-2021-bowman-draft-chrome,https://www.sportscardspro.com/game/baseball-cards-2021-bowman-draft-chrome/izaac-pacheco-bdc-46,https://www.sportscardspro.com/game/baseball-cards-2021-bowman-draft-pick-chrome-autographs/izaac-pacheco-cda-ip,
J.D. Orr,680785,2021,chrome,hitter,bowman_1st_base,,,https://www.sportscardspro.com/game/baseball-cards-2021-bowman-chrome-prospect-autographs/jd-orr-cpa-jo,
JC Correa,682182,2021,chrome,hitter,bowman_1st_base,baseball-cards-2021-bowman-draft-chrome,https://www.sportscardspro.com/game/baseball-cards-2021-bowman-draft-chrome/jc-correa-bdc-29,https://www.sportscardspro.com/game/baseball-cards-2021-bowman-chrome-prospect-autographs/jc-correa-cpa-jco,
Jackson Cluff,687714,2021,chrome,hitter,bowman_1st_base,,,https://www.sportscardspro.com/game/baseball-cards-2021-bowman-chrome-prospect-autographs/jackson-cluff-cpa-jcl,
Jacob Steinmetz,700255,2021,draft,pitcher,bowman_1st_base,baseball-cards-2021-bowman-draft-chrome,https://www.sportscardspro.com/game/baseball-cards-2021-bowman-draft-chrome/jacob-steinmetz-bdc-83,https://www.sportscardspro.com/game/baseball-cards-2021-bowman-draft-pick-chrome-autographs/jacob-steinmetz-cda-js,
Jagger Haynes,695247,2021,chrome,pitcher,bowman_1st_base,,,https://www.sportscardspro.com/game/baseball-cards-2021-bowman-chrome-prospect-autographs/jagger-haynes-cpa-jh,
Jairo Pomares,682646,2021,chrome,hitter,bowman_1st_base,baseball-cards-2021-bowman-draft-chrome,https://www.sportscardspro.com/game/baseball-cards-2021-bowman-draft-chrome/jairo-pomares-bdc-45,https://www.sportscardspro.com/game/baseball-cards-2021-bowman-chrome-prospect-autographs/jairo-pomares-cpa-jp,
Jake Vogel,691949,2021,chrome,hitter,bowman_1st_base,baseball-cards-2021-bowman-chrome-prospects,https://www.sportscardspro.com/game/baseball-cards-2021-bowman-chrome-prospects/jake-vogel-bcp-59,https://www.sportscardspro.com/game/baseball-cards-2021-bowman-chrome-prospect-autographs/jake-vogel-cpa-jv,
Jared Kelley,691721,2021,chrome,pitcher,bowman_1st_base,baseball-cards-2021-bowman-chrome-prospects,https://www.sportscardspro.com/game/baseball-cards-2021-bowman-chrome-prospects/jared-kelley-bcp-106,https://www.sportscardspro.com/game/baseball-cards-2021-bowman-chrome-prospect-autographs/jared-kelley-cpa-jk,
Jay Allen,695481,2021,draft,hitter,bowman_1st_base,baseball-cards-2021-bowman-draft-chrome,https://www.sportscardspro.com/game/baseball-cards-2021-bowman-draft-chrome/jay-allen-bdc-11,https://www.sportscardspro.com/game/baseball-cards-2021-bowman-draft-pick-chrome-autographs/jay-allen-cda-ja,
Jeferson Espinal,682751,2021,chrome,hitter,bowman_1st_base,,,https://www.sportscardspro.com/game/baseball-cards-2021-bowman-chrome-prospect-autographs/jeferson-espinal-cpa-je,
Jeremy De La Rosa,682707,2021,chrome,hitter,bowman_1st_base,baseball-cards-2021-bowman-chrome-prospects,https://www.sportscardspro.com/game/baseball-cards-2021-bowman-chrome-prospects/jeremy-de-la-rosa-bcp-248,https://www.sportscardspro.com/game/baseball-cards-2021-bowman-chrome-prospect-autographs/jeremy-de-la-rosa-cpa-jdl,
Jeremy Wu-Yelland,695026,2021,chrome,pitcher,bowman_1st_base,,,https://www.sportscardspro.com/game/baseball-cards-2021-bowman-chrome-prospect-autographs/jeremy-wu-yelland-cpa-jw,
Jesus Parra,683451,2021,chrome,hitter,bowman_1st_base,,,https://www.sportscardspro.com/game/baseball-cards-2021-bowman-chrome-prospect-autographs/jesus-parra-cpa-jpar,
Ji-Hwan Bae,678225,2021,chrome,hitter,bowman_1st_base,,,https://www.sportscardspro.com/game/baseball-cards-2021-bowman-chrome-prospect-autographs/ji-hwan-bae-cpa-jb,
Jordan McCants,696291,2021,draft,hitter,bowman_1st_base,baseball-cards-2021-bowman-draft-chrome,https://www.sportscardspro.com/game/baseball-cards-2021-bowman-draft-chrome/jordan-mccants-bdc-26,https://www.sportscardspro.com/game/baseball-cards-2021-bowman-draft-pick-chrome-autographs/jordan-mccants-cda-jmc,
Jordan Viars,701833,2021,draft,hitter,bowman_1st_base,baseball-cards-2021-bowman-draft-chrome,https://www.sportscardspro.com/game/baseball-cards-2021-bowman-draft-chrome/jordan-viars-bdc-132,https://www.sportscardspro.com/game/baseball-cards-2021-bowman-draft-pick-chrome-autographs/jordan-viars-cda-jv,
Jordy Barley,672357,2021,chrome,hitter,bowman_1st_base,baseball-cards-2021-bowman-draft-chrome,https://www.sportscardspro.com/game/baseball-cards-2021-bowman-draft-chrome/jordy-barley-bdc-6,https://www.sportscardspro.com/game/baseball-cards-2021-bowman-chrome-prospect-autographs/jordy-barley-cpa-jba,
Jose Salas,691191,2021,chrome,hitter,bowman_1st_base,baseball-cards-2021-bowman-chrome-prospects,https://www.sportscardspro.com/game/baseball-cards-2021-bowman-chrome-prospects/jose-salas-bcp-110,https://www.sportscardspro.com/game/baseball-cards-2021-bowman-chrome-prospect-autographs/jose-salas-cpa-js,
Julio Carreras,679734,2021,chrome,hitter,bowman_1st_base,baseball-cards-2021-bowman-chrome-prospects,https://www.sportscardspro.com/game/baseball-cards-2021-bowman-chrome-prospects/julio-carreras-bcp-161,https://www.sportscardspro.com/game/baseball-cards-2021-bowman-chrome-prospect-autographs/julio-carreras-cpa-jca,
Kale Emshoff,668860,2021,chrome,hitter,bowman_1st_base,,,https://www.sportscardspro.com/game/baseball-cards-2021-bowman-chrome-prospect-autographs/kale-emshoff-cpa-ke,
Kevin Kopps,667434,2021,draft,pitcher,bowman_1st_base,baseball-cards-2021-bowman-draft-chrome,https://www.sportscardspro.com/game/baseball-cards-2021-bowman-draft-chrome/kevin-kopps-bdc-7,https://www.sportscardspro.com/game/baseball-cards-2021-bowman-draft-pick-chrome-autographs/kevin-kopps-cda-kk,
Kevin Made,691183,2021,chrome,hitter,bowman_1st_base,baseball-cards-2021-bowman-chrome-prospects,https://www.sportscardspro.com/game/baseball-cards-2021-bowman-chrome-prospects/kevin-made-bcp-153,https://www.sportscardspro.com/game/baseball-cards-2021-bowman-chrome-prospect-autographs/kevin-made-cpa-km,
Koen Moreno,691103,2021,chrome,pitcher,bowman_1st_base,,,https://www.sportscardspro.com/game/baseball-cards-2021-bowman-chrome-prospect-autographs/koen-moreno-cpa-kmo,
Kohl Franklin,681673,2021,chrome,pitcher,bowman_1st_base,,,https://www.sportscardspro.com/game/baseball-cards-2021-bowman-chrome-prospect-autographs/kohl-franklin-cpa-kf,
Landon Marceaux,669465,2021,draft,pitcher,bowman_1st_base,baseball-cards-2021-bowman-draft-chrome,https://www.sportscardspro.com/game/baseball-cards-2021-bowman-draft-chrome/landon-marceaux-bdc-115,https://www.sportscardspro.com/game/baseball-cards-2021-bowman-draft-pick-chrome-autographs/landon-marceaux-cda-lm,
Lonnie White Jr.,696145,2021,draft,hitter,bowman_1st_base,baseball-cards-2021-bowman-draft-chrome,https://www.sportscardspro.com/game/baseball-cards-2021-bowman-draft-chrome/lonnie-white-jr-bdc-28,https://www.sportscardspro.com/game/baseball-cards-2021-bowman-draft-pick-chrome-autographs/lonnie-white-jr-cda-lw,
Luis Mieses,672635,2021,chrome,hitter,bowman_1st_base,,,https://www.sportscardspro.com/game/baseball-cards-2021-bowman-chrome-prospect-autographs/luis-mieses-cpa-lmi,
Luis Rodriguez,677628,2021,chrome,hitter,bowman_1st_base,baseball-cards-2021-bowman-chrome-prospects,https://www.sportscardspro.com/game/baseball-cards-2021-bowman-chrome-prospects/luis-rodriguez-bcp-196,https://www.sportscardspro.com/game/baseball-cards-2021-bowman-chrome-prospect-autographs/luis-rodriguez-cpa-lr,
Luis Santana,670919,2021,chrome,hitter,bowman_1st_base,,,https://www.sportscardspro.com/game/baseball-cards-2021-bowman-chrome-prospect-autographs/luis-santana-cpa-ls,
Maddux Bruns,691772,2021,draft,pitcher,bowman_1st_base,baseball-cards-2021-bowman-draft-chrome,https://www.sportscardspro.com/game/baseball-cards-2021-bowman-draft-chrome/maddux-bruns-bdc-126,https://www.sportscardspro.com/game/baseball-cards-2021-bowman-draft-pick-chrome-autographs/maddux-bruns-cda-mb,
Malcom Nunez,682650,2021,chrome,hitter,bowman_1st_base,baseball-cards-2021-bowman-chrome-prospects,https://www.sportscardspro.com/game/baseball-cards-2021-bowman-chrome-prospects/malcom-nunez-bcp-226,https://www.sportscardspro.com/game/baseball-cards-2021-bowman-chrome-prospect-autographs/malcom-nunez-cpa-mn,
Malvin Valdez,694216,2021,chrome,hitter,bowman_1st_base,baseball-cards-2021-bowman-chrome-prospects,https://www.sportscardspro.com/game/baseball-cards-2021-bowman-chrome-prospects/malvin-valdez-bcp-184,https://www.sportscardspro.com/game/baseball-cards-2021-bowman-chrome-prospect-autographs/malvin-valdez-cpa-mv,
Marcus Smith,687526,2021,chrome,hitter,bowman_1st_base,,,https://www.sportscardspro.com/game/baseball-cards-2021-bowman-chrome-prospect-autographs/marcus-smith-cpa-ms,
Mariel Bautista,660647,2021,chrome,hitter,bowman_1st_base,,,https://www.sportscardspro.com/game/baseball-cards-2021-bowman-chrome-prospect-autographs/mariel-bautista-cpa-mb,
Matt Mikulski,694392,2021,draft,pitcher,bowman_1st_base,baseball-cards-2021-bowman-draft-chrome,https://www.sportscardspro.com/game/baseball-cards-2021-bowman-draft-chrome/matt-mikulski-bdc-179,https://www.sportscardspro.com/game/baseball-cards-2021-bowman-draft-pick-chrome-autographs/matt-mikulski-cda-mmi,
Matt Scheffler,688032,2021,chrome,hitter,bowman_1st_base,,,https://www.sportscardspro.com/game/baseball-cards-2021-bowman-chrome-prospect-autographs/matt-scheffler-cpa-msc,
Max Ferguson,681132,2021,draft,hitter,bowman_1st_base,,,https://www.sportscardspro.com/game/baseball-cards-2021-bowman-draft-pick-chrome-autographs/max-ferguson-cda-mf,
Micah Ottenbreit,695648,2021,draft,pitcher,bowman_1st_base,baseball-cards-2021-bowman-draft-chrome,https://www.sportscardspro.com/game/baseball-cards-2021-bowman-draft-chrome/micah-ottenbreit-bdc-170,https://www.sportscardspro.com/game/baseball-cards-2021-bowman-draft-pick-chrome-autographs/micah-ottenbreit-cda-mo,
Michael Guldberg,680671,2021,chrome,hitter,bowman_1st_base,,,https://www.sportscardspro.com/game/baseball-cards-2021-bowman-chrome-prospect-autographs/michael-guldberg-cpa-mg,
Michael McAvene,686449,2021,chrome,pitcher,bowman_1st_base,,,https://www.sportscardspro.com/game/baseball-cards-2021-bowman-chrome-prospect-autographs/michael-mcavene-cpa-mm,
Michael Morales,691786,2021,draft,pitcher,bowman_1st_base,baseball-cards-2021-bowman-draft-chrome,https://www.sportscardspro.com/game/baseball-cards-2021-bowman-draft-chrome/michael-morales-bdc-160,https://www.sportscardspro.com/game/baseball-cards-2021-bowman-draft-pick-chrome-autographs/michael-morales-cda-mmo,
Miguel Bleis,694194,2021,chrome,hitter,bowman_1st_base,baseball-cards-2021-bowman-chrome-prospects,https://www.sportscardspro.com/game/baseball-cards-2021-bowman-chrome-prospects/miguel-bleis-bcp-167,https://www.sportscardspro.com/game/baseball-cards-2021-bowman-chrome-prospect-autographs/miguel-bleis-cpa-mbl,
Milkar Perez,683529,2021,chrome,hitter,bowman_1st_base,baseball-cards-2021-bowman-chrome-prospects,https://www.sportscardspro.com/game/baseball-cards-2021-bowman-chrome-prospects/milkar-perez-bcp-215,https://www.sportscardspro.com/game/baseball-cards-2021-bowman-chrome-prospect-autographs/milkar-perez-cpa-mp,
Misael Urbina,682618,2021,chrome,hitter,bowman_1st_base,baseball-cards-2021-bowman-chrome-prospects,https://www.sportscardspro.com/game/baseball-cards-2021-bowman-chrome-prospects/misael-urbina-bcp-206,https://www.sportscardspro.com/game/baseball-cards-2021-bowman-chrome-prospect-autographs/misael-urbina-cpa-mu,
Pablo Abreu,672764,2021,chrome,hitter,bowman_1st_base,,,https://www.sportscardspro.com/game/baseball-cards-2021-bowman-chrome-prospect-autographs/pablo-abreu-cpa-pa,
Pedro Pineda,694191,2021,chrome,hitter,bowman_1st_base,baseball-cards-2021-bowman-chrome-prospects,https://www.sportscardspro.com/game/baseball-cards-2021-bowman-chrome-prospects/pedro-pineda-bcp-216,https://www.sportscardspro.com/game/baseball-cards-2021-bowman-chrome-prospect-autographs/pedro-pineda-cpa-pp,
Rafael Morel,682662,2021,chrome,hitter,bowman_1st_base,,,https://www.sportscardspro.com/game/baseball-cards-2021-bowman-chrome-prospect-autographs/rafael-morel-cpa-rm,
Rayner Santana,683582,2021,chrome,hitter,bowman_1st_base,,,https://www.sportscardspro.com/game/baseball-cards-2021-bowman-chrome-prospect-autographs/rayner-santana-cpa-rs,
Reginald Preciado,691262,2021,chrome,hitter,bowman_1st_base,baseball-cards-2021-bowman-draft-chrome,https://www.sportscardspro.com/game/baseball-cards-2021-bowman-draft-chrome/reginald-preciado-bdc-199,https://www.sportscardspro.com/game/baseball-cards-2021-bowman-chrome-prospect-autographs/reginald-preciado-cpa-rpr,
Riley Thompson,663929,2021,chrome,pitcher,bowman_1st_base,,,https://www.sportscardspro.com/game/baseball-cards-2021-bowman-chrome-prospect-autographs/riley-thompson-cpa-rt,
Ruben Ibarra,702140,2021,draft,hitter,bowman_1st_base,baseball-cards-2021-bowman-draft-chrome,https://www.sportscardspro.com/game/baseball-cards-2021-bowman-draft-chrome/ruben-ibarra-bdc-189,https://www.sportscardspro.com/game/baseball-cards-2021-bowman-draft-pick-chrome-autographs/ruben-ibarra-cda-ri,
Russell Smith,669080,2021,draft,pitcher,bowman_1st_base,baseball-cards-2021-bowman-draft-chrome,https://www.sportscardspro.com/game/baseball-cards-2021-bowman-draft-chrome/russell-smith-bdc-113,https://www.sportscardspro.com/game/baseball-cards-2021-bowman-draft-pick-chrome-autographs/russell-smith-cda-rs,
Ryan Cusick,680743,2021,draft,pitcher,bowman_1st_base,baseball-cards-2021-bowman-draft-chrome,https://www.sportscardspro.com/game/baseball-cards-2021-bowman-draft-chrome/ryan-cusick-bdc-27,https://www.sportscardspro.com/game/baseball-cards-2021-bowman-draft-pick-chrome-autographs/ryan-cusick-cda-rc,
Ryan Holgate,677339,2021,draft,hitter,bowman_1st_base,baseball-cards-2021-bowman-draft-chrome,https://www.sportscardspro.com/game/baseball-cards-2021-bowman-draft-chrome/ryan-holgate-bdc-148,https://www.sportscardspro.com/game/baseball-cards-2021-bowman-draft-pick-chrome-autographs/ryan-holgate-cda-rh,
Ryan Spikes,691797,2021,draft,hitter,bowman_1st_base,baseball-cards-2021-bowman-draft-chrome,https://www.sportscardspro.com/game/baseball-cards-2021-bowman-draft-chrome/ryan-spikes-bdc-63,https://www.sportscardspro.com/game/baseball-cards-2021-bowman-draft-pick-chrome-autographs/ryan-spikes-cda-rsp,
Sandy Gaston,682624,2021,chrome,pitcher,bowman_1st_base,,,https://www.sportscardspro.com/game/baseball-cards-2021-bowman-chrome-prospect-autographs/sandy-gaston-cpa-sg,
Santiago Florez,672765,2021,chrome,pitcher,bowman_1st_base,,,https://www.sportscardspro.com/game/baseball-cards-2021-bowman-chrome-prospect-autographs/santiago-florez-cpa-sf,
Sean Roby,681852,2021,chrome,hitter,bowman_1st_base,,,https://www.sportscardspro.com/game/baseball-cards-2021-bowman-chrome-prospect-autographs/sean-roby-cpa-sro,
Shalin Polanco,694186,2021,chrome,hitter,bowman_1st_base,baseball-cards-2021-bowman-chrome-prospects,https://www.sportscardspro.com/game/baseball-cards-2021-bowman-chrome-prospects/shalin-polanco-bcp-222,https://www.sportscardspro.com/game/baseball-cards-2021-bowman-chrome-prospect-autographs/shalin-polanco-cpa-sp,
Shane Panzini,695556,2021,draft,pitcher,bowman_1st_base,baseball-cards-2021-bowman-draft-chrome,https://www.sportscardspro.com/game/baseball-cards-2021-bowman-draft-chrome/shane-panzini-bdc-36,https://www.sportscardspro.com/game/baseball-cards-2021-bowman-draft-pick-chrome-autographs/shane-panzini-cda-sp,
Starlin Aguilar,694223,2021,chrome,hitter,bowman_1st_base,baseball-cards-2021-bowman-chrome-prospects,https://www.sportscardspro.com/game/baseball-cards-2021-bowman-chrome-prospects/starlin-aguilar-bcp-249,https://www.sportscardspro.com/game/baseball-cards-2021-bowman-chrome-prospect-autographs/starlin-aguilar-cpa-sa,
Stevie Emanuels,669434,2021,chrome,pitcher,bowman_1st_base,,,https://www.sportscardspro.com/game/baseball-cards-2021-bowman-chrome-prospect-autographs/stevie-emanuels-cpa-se,
Tanner Allen,669327,2021,draft,hitter,bowman_1st_base,baseball-cards-2021-bowman-draft-chrome,https://www.sportscardspro.com/game/baseball-cards-2021-bowman-draft-chrome/tanner-allen-bdc-165,https://www.sportscardspro.com/game/baseball-cards-2021-bowman-draft-pick-chrome-autographs/tanner-allen-cda-ta,
Taylor Dollard,693440,2021,chrome,pitcher,bowman_1st_base,,,https://www.sportscardspro.com/game/baseball-cards-2021-bowman-chrome-prospect-autographs/taylor-dollard-cpa-tdo,
Tommy Mace,676390,2021,draft,pitcher,bowman_1st_base,baseball-cards-2021-bowman-draft-chrome,https://www.sportscardspro.com/game/baseball-cards-2021-bowman-draft-chrome/tommy-mace-bdc-111,https://www.sportscardspro.com/game/baseball-cards-2021-bowman-draft-pick-chrome-autographs/tommy-mace-cda-tma,
Trent Deveaux,677575,2021,chrome,hitter,bowman_1st_base,baseball-cards-2021-bowman-chrome-prospects,https://www.sportscardspro.com/game/baseball-cards-2021-bowman-chrome-prospects/trent-deveaux-bcp-94,https://www.sportscardspro.com/game/baseball-cards-2021-bowman-chrome-prospect-autographs/trent-deveaux-cpa-td,
Tucker Bradley,674646,2021,chrome,hitter,bowman_1st_base,,,https://www.sportscardspro.com/game/baseball-cards-2021-bowman-chrome-prospect-autographs/tucker-bradley-cpa-tb,
Tyler Keenan,671157,2021,chrome,hitter,bowman_1st_base,,,https://www.sportscardspro.com/game/baseball-cards-2021-bowman-chrome-prospect-autographs/tyler-keenan-cpa-tk,
Tyler McDonough,694812,2021,draft,hitter,bowman_1st_base,baseball-cards-2021-bowman-draft-chrome,https://www.sportscardspro.com/game/baseball-cards-2021-bowman-draft-chrome/tyler-mcdonough-bdc-3,https://www.sportscardspro.com/game/baseball-cards-2021-bowman-draft-pick-chrome-autographs/tyler-mcdonough-cda-tmc,
Viandel Pena,678854,2021,chrome,hitter,bowman_1st_base,,,https://www.sportscardspro.com/game/baseball-cards-2021-bowman-chrome-prospect-autographs/viandel-pena-cpa-vp,
Victor Acosta,642769,2021,chrome,hitter,bowman_1st_base,baseball-cards-2021-bowman-chrome-prospects,https://www.sportscardspro.com/game/baseball-cards-2021-bowman-chrome-prospects/victor-acosta-bcp-151,https://www.sportscardspro.com/game/baseball-cards-2021-bowman-chrome-prospect-autographs/victor-acosta-cpa-va,
Wes Kath,695770,2021,draft,hitter,bowman_1st_base,baseball-cards-2021-bowman-draft-chrome,https://www.sportscardspro.com/game/baseball-cards-2021-bowman-draft-chrome/wes-kath-bdc-43,https://www.sportscardspro.com/game/baseball-cards-2021-bowman-draft-pick-chrome-autographs/wes-kath-cda-wk,
Will Bednar,687218,2021,draft,pitcher,bowman_1st_base,baseball-cards-2021-bowman-draft-chrome,https://www.sportscardspro.com/game/baseball-cards-2021-bowman-draft-chrome/will-bednar-bdc-197,https://www.sportscardspro.com/game/baseball-cards-2021-bowman-draft-pick-chrome-autographs/will-bednar-cda-wb,
Wilman Diaz,694180,2021,chrome,hitter,bowman_1st_base,baseball-cards-2021-bowman-chrome-prospects,https://www.sportscardspro.com/game/baseball-cards-2021-bowman-chrome-prospects/wilman-diaz-bcp-197,https://www.sportscardspro.com/game/baseball-cards-2021-bowman-chrome-prospect-autographs/wilman-diaz-cpa-wd,
Yiddi Cappe,691268,2021,chrome,hitter,bowman_1st_base,baseball-cards-2021-bowman-chrome-prospects,https://www.sportscardspro.com/game/baseball-cards-2021-bowman-chrome-prospects/yiddi-cappe-bcp-199,https://www.sportscardspro.com/game/baseball-cards-2021-bowman-chrome-prospect-autographs/yiddi-cappe-cpa-yc,
Yoelqui Cespedes,673461,2021,chrome,hitter,bowman_1st_base,baseball-cards-2021-bowman-chrome-prospects,https://www.sportscardspro.com/game/baseball-cards-2021-bowman-chrome-prospects/yoelqui-cespedes-bcp-176,https://www.sportscardspro.com/game/baseball-cards-2021-bowman-chrome-prospect-autographs/yoelqui-cespedes-cpa-yc,
Yolbert Sanchez,691503,2021,chrome,hitter,bowman_1st_base,baseball-cards-2021-bowman-chrome-prospects,https://www.sportscardspro.com/game/baseball-cards-2021-bowman-chrome-prospects/yolbert-sanchez-bcp-40,https://www.sportscardspro.com/game/baseball-cards-2021-bowman-chrome-prospect-autographs/yolbert-sanchez-cpa-ysa,
Yunior Severino,670870,2021,chrome,hitter,bowman_1st_base,baseball-cards-2021-bowman-chrome-prospects,https://www.sportscardspro.com/game/baseball-cards-2021-bowman-chrome-prospects/yunior-severino-bcp-140,https://www.sportscardspro.com/game/baseball-cards-2021-bowman-chrome-prospect-autographs/yunior-severino-cpa-ys,
Zane Mills,677312,2021,draft,pitcher,bowman_1st_base,,,https://www.sportscardspro.com/game/baseball-cards-2021-bowman-draft-pick-chrome-autographs/zane-mills-cda-zm,
Adrian Placencia,691269,2022,chrome,hitter,bowman_1st_base,baseball-cards-2022-bowman-chrome-prospects,https://www.sportscardspro.com/game/baseball-cards-2022-bowman-chrome-prospects/adrian-placencia-bcp-205,https://www.sportscardspro.com/game/baseball-cards-2022-bowman-chrome-prospect-autographs/adrian-placencia-cpa-apa,
Adrian Sugastey,692368,2022,chrome,hitter,bowman_1st_base,baseball-cards-2022-bowman-chrome-prospects,https://www.sportscardspro.com/game/baseball-cards-2022-bowman-chrome-prospects/adrian-sugastey-bcp-19,https://www.sportscardspro.com/game/baseball-cards-2022-bowman-chrome-prospect-autographs/adrian-sugastey-cpa-as,
Aeverson Arteaga,692348,2022,chrome,hitter,bowman_1st_base,baseball-cards-2022-bowman-chrome-prospects,https://www.sportscardspro.com/game/baseball-cards-2022-bowman-chrome-prospects/aeverson-arteaga-bcp-218,https://www.sportscardspro.com/game/baseball-cards-2022-bowman-chrome-prospect-autographs/aeverson-arteaga-cpa-aa,
Alejandro Hidalgo,691576,2022,chrome,pitcher,bowman_1st_base,,,https://www.sportscardspro.com/game/baseball-cards-2022-bowman-chrome-prospect-autographs/alejandro-hidalgo-cpa-ah,
Alejandro Pie,682636,2022,chrome,hitter,bowman_1st_base,baseball-cards-2022-bowman-chrome-prospects,https://www.sportscardspro.com/game/baseball-cards-2022-bowman-chrome-prospects/alejandro-pie-bcp-99,https://www.sportscardspro.com/game/baseball-cards-2022-bowman-chrome-prospect-autographs/alejandro-pie-cpa-ap,
Alex De Jesus,682942,2022,chrome,hitter,bowman_1st_base,baseball-cards-2022-bowman-chrome-prospects,https://www.sportscardspro.com/game/baseball-cards-2022-bowman-chrome-prospects/alex-de-jesus-bcp-164,https://www.sportscardspro.com/game/baseball-cards-2022-bowman-chrome-prospect-autographs/alex-de-jesus-cpa-ad,
Alexander Ovalles,678900,2022,chrome,hitter,bowman_1st_base,,,https://www.sportscardspro.com/game/baseball-cards-2022-bowman-chrome-prospect-autographs/alexander-ovalles-cpa-ao,
Alexander Suarez,683665,2022,chrome,hitter,bowman_1st_base,,,https://www.sportscardspro.com/game/baseball-cards-2022-bowman-chrome-prospect-autographs/alexander-suarez-cpa-asr,
Alexis Hernandez,692562,2022,chrome,hitter,bowman_1st_base,baseball-cards-2022-bowman-chrome-prospects,https://www.sportscardspro.com/game/baseball-cards-2022-bowman-chrome-prospects/alexis-hernandez-bcp-172,https://www.sportscardspro.com/game/baseball-cards-2022-bowman-chrome-prospect-autographs/alexis-hernandez-cpa-ah,
Allan Cerda,678323,2022,chrome,hitter,bowman_1st_base,baseball-cards-2022-bowman-chrome-prospects,https://www.sportscardspro.com/game/baseball-cards-2022-bowman-chrome-prospects/allan-cerda-bcp-142,https://www.sportscardspro.com/game/baseball-cards-2022-bowman-chrome-prospect-autographs/allan-cerda-cpa-ac,
Andrew Pintar,801464,2022,draft,hitter,bowman_1st_base,baseball-cards-2022-bowman-draft-chrome,https://www.sportscardspro.com/game/baseball-cards-2022-bowman-draft-chrome/andrew-pintar-bdc-138,https://www.sportscardspro.com/game/baseball-cards-2022-bowman-draft-chrome-autographs/andrew-pintar-cda-ap,
Andy Thomas,673990,2022,chrome,hitter,bowman_1st_base,,,https://www.sportscardspro.com/game/baseball-cards-2022-bowman-chrome-prospect-autographs/andy-thomas-cpa-at,
Anthony Gutierrez,703152,2022,chrome,hitter,bowman_1st_base,baseball-cards-2022-bowman-chrome-prospects,https://www.sportscardspro.com/game/baseball-cards-2022-bowman-chrome-prospects/anthony-gutierrez-bcp-160,https://www.sportscardspro.com/game/baseball-cards-2022-bowman-chrome-prospect-autographs/anthony-gutierrez-cpa-ag,
Anthony Hall,689141,2022,draft,hitter,bowman_1st_base,baseball-cards-2022-bowman-draft-chrome,https://www.sportscardspro.com/game/baseball-cards-2022-bowman-draft-chrome/anthony-hall-bdc-97,https://www.sportscardspro.com/game/baseball-cards-2022-bowman-draft-chrome-autographs/anthony-hall-cda-ah,
Anthony Rodriguez,692377,2022,chrome,hitter,bowman_1st_base,baseball-cards-2022-bowman-chrome-prospects,https://www.sportscardspro.com/game/baseball-cards-2022-bowman-chrome-prospects/anthony-rodriguez-bcp-26,https://www.sportscardspro.com/game/baseball-cards-2022-bowman-chrome-prospect-autographs/anthony-rodriguez-cpa-arz,
Antonio Pinero,665836,2022,chrome,hitter,bowman_1st_base,,,https://www.sportscardspro.com/game/baseball-cards-2022-bowman-chrome-prospect-autographs/antonio-pinero-cpa-ap,
Austin Schultz,681111,2022,chrome,hitter,bowman_1st_base,,,https://www.sportscardspro.com/game/baseball-cards-2022-bowman-chrome-prospect-autographs/austin-schultz-cpa-ast,
Benyamin Bailey,686397,2022,chrome,hitter,bowman_1st_base,baseball-cards-2022-bowman-chrome-prospects,https://www.sportscardspro.com/game/baseball-cards-2022-bowman-chrome-prospects/benyamin-bailey-bcp-8,https://www.sportscardspro.com/game/baseball-cards-2022-bowman-chrome-prospect-autographs/benyamin-bailey-cpa-bby,
Brady Allen,680918,2022,chrome,hitter,bowman_1st_base,baseball-cards-2022-bowman-chrome-prospects,https://www.sportscardspro.com/game/baseball-cards-2022-bowman-chrome-prospects/brady-allen-bcp-36,https://www.sportscardspro.com/game/baseball-cards-2022-bowman-chrome-prospect-autographs/brady-allen-cpa-bal,
Brandol Mezquita,678841,2022,chrome,hitter,bowman_1st_base,,,https://www.sportscardspro.com/game/baseball-cards-2022-bowman-chrome-prospect-autographs/brandol-mezquita-cpa-bmq,
Brandon Barriera,702255,2022,draft,pitcher,bowman_1st_base,baseball-cards-2022-bowman-draft-chrome,https://www.sportscardspro.com/game/baseball-cards-2022-bowman-draft-chrome/brandon-barriera-bdc-21,https://www.sportscardspro.com/game/baseball-cards-2022-bowman-draft-chrome-autographs/brandon-barriera-cda-bba,
Brandon Birdsell,669361,2022,draft,pitcher,bowman_1st_base,,,https://www.sportscardspro.com/game/baseball-cards-2022-bowman-draft-chrome-autographs/brandon-birdsell-cda-bb,
Branlyn Jaraba,682638,2022,chrome,hitter,bowman_1st_base,baseball-cards-2022-bowman-chrome-prospects,https://www.sportscardspro.com/game/baseball-cards-2022-bowman-chrome-prospects/branlyn-jaraba-bcp-15,https://www.sportscardspro.com/game/baseball-cards-2022-bowman-chrome-prospect-autographs/branlyn-jaraba-cpa-bj,
Brenner Cox,702685,2022,draft,pitcher,bowman_1st_base,baseball-cards-2022-bowman-draft-chrome,https://www.sportscardspro.com/game/baseball-cards-2022-bowman-draft-chrome/brenner-cox-bdc-196,https://www.sportscardspro.com/game/baseball-cards-2022-bowman-draft-chrome-autographs/brenner-cox-cda-bc,
Bryan Acuna,703195,2022,chrome,hitter,bowman_1st_base,baseball-cards-2022-bowman-chrome-prospects,https://www.sportscardspro.com/game/baseball-cards-2022-bowman-chrome-prospects/bryan-acuna-bcp-151,https://www.sportscardspro.com/game/baseball-cards-2022-bowman-chrome-prospect-autographs/bryan-acuna-cpa-ba,
Bryce Hubbart,687114,2022,draft,pitcher,bowman_1st_base,baseball-cards-2022-bowman-draft-chrome,https://www.sportscardspro.com/game/baseball-cards-2022-bowman-draft-chrome/bryce-hubbart-bdc-17,https://www.sportscardspro.com/game/baseball-cards-2022-bowman-draft-chrome-autographs/bryce-hubbart-cda-bh,
CJ Rodriguez,675430,2022,chrome,hitter,bowman_1st_base,,,https://www.sportscardspro.com/game/baseball-cards-2022-bowman-chrome-prospect-autographs/cj-rodriguez-cpa-cjr,
Cade Doughty,683103,2022,draft,hitter,bowman_1st_base,,,https://www.sportscardspro.com/game/baseball-cards-2022-bowman-draft-chrome-autographs/cade-doughty-cda-cdy,
Cal Conley,695462,2022,chrome,hitter,bowman_1st_base,,,https://www.sportscardspro.com/game/baseball-cards-2022-bowman-chrome-prospect-autographs/cal-conley-cpa-cc,
Carlos Aguiar,678690,2022,chrome,hitter,bowman_1st_base,baseball-cards-2022-bowman-chrome-prospects,https://www.sportscardspro.com/game/baseball-cards-2022-bowman-chrome-prospects/carlos-aguiar-bcp-1,https://www.sportscardspro.com/game/baseball-cards-2022-bowman-chrome-prospect-autographs/carlos-aguiar-cpa-ca,
Cayden Wallace,691024,2022,draft,hitter,bowman_1st_base,baseball-cards-2022-bowman-draft-chrome,https://www.sportscardspro.com/game/baseball-cards-2022-bowman-draft-chrome/cayden-wallace-bdc-12,https://www.sportscardspro.com/game/baseball-cards-2022-bowman-draft-chrome-autographs/cayden-wallace-cda-cw,
Charlie Welch,681234,2022,chrome,hitter,bowman_1st_base,,,https://www.sportscardspro.com/game/baseball-cards-2022-bowman-chrome-prospect-autographs/charlie-welch-cpa-cw,
Christopher Paciolla,800627,2022,draft,hitter,bowman_1st_base,baseball-cards-2022-bowman-draft-chrome,https://www.sportscardspro.com/game/baseball-cards-2022-bowman-draft-chrome/christopher-paciolla-bdc-185,https://www.sportscardspro.com/game/baseball-cards-2022-bowman-draft-chrome-autographs/christopher-paciolla-cda-cpa,
Collin Burns,700936,2022,chrome,hitter,bowman_1st_base,,,https://www.sportscardspro.com/game/baseball-cards-2022-bowman-chrome-prospect-autographs/collin-burns-cpa-cbs,
Cooper Bowman,688682,2022,chrome,hitter,bowman_1st_base,,,https://www.sportscardspro.com/game/baseball-cards-2022-bowman-chrome-prospect-autographs/cooper-bowman-cpa-cb,
Creed Willems,695735,2022,chrome,hitter,bowman_1st_base,,,https://www.sportscardspro.com/game/baseball-cards-2022-bowman-chrome-prospect-autographs/creed-willems-cpa-cw,
Cristhian Vaquero,703143,2022,chrome,hitter,bowman_1st_base,baseball-cards-2022-bowman-chrome-prospects,https://www.sportscardspro.com/game/baseball-cards-2022-bowman-chrome-prospects/cristhian-vaquero-bcp-157,https://www.sportscardspro.com/game/baseball-cards-2022-bowman-chrome-prospect-autographs/cristhian-vaquero-cpa-cv,
Cristian Gonzalez,682685,2022,chrome,hitter,bowman_1st_base,,,https://www.sportscardspro.com/game/baseball-cards-2022-bowman-chrome-prospect-autographs/cristian-gonzalez-cpa-cg,
Cutter Coffey,702690,2022,draft,hitter,bowman_1st_base,baseball-cards-2022-bowman-draft-chrome,https://www.sportscardspro.com/game/baseball-cards-2022-bowman-draft-chrome/cutter-coffey-bdc-200,https://www.sportscardspro.com/game/baseball-cards-2022-bowman-draft-chrome-autographs/cutter-coffey-cda-cc,
D'Andre Smith,694266,2022,draft,hitter,bowman_1st_base,,,https://www.sportscardspro.com/game/baseball-cards-2022-bowman-draft-chrome-autographs/d%27andre-smith-cda-ds,
Damiano Palmegiani,671913,2022,chrome,hitter,bowman_1st_base,,,https://www.sportscardspro.com/game/baseball-cards-2022-bowman-chrome-prospect-autographs/damiano-palmegiani-cpa-dp,
Daniel McElveny,695772,2022,chrome,hitter,bowman_1st_base,,,https://www.sportscardspro.com/game/baseball-cards-2022-bowman-chrome-prospect-autographs/daniel-mcelveny-cpa-dmy,
Daniel Vazquez,694187,2022,chrome,hitter,bowman_1st_base,baseball-cards-2022-bowman-chrome-prospects,https://www.sportscardspro.com/game/baseball-cards-2022-bowman-chrome-prospects/daniel-vazquez-bcp-199,https://www.sportscardspro.com/game/baseball-cards-2022-bowman-chrome-prospect-autographs/daniel-vazquez-cpa-dvz,
Danny De Andrade,694185,2022,chrome,hitter,bowman_1st_base,baseball-cards-2022-bowman-chrome-prospects,https://www.sportscardspro.com/game/baseball-cards-2022-bowman-chrome-prospects/danny-de-andrade-bcp-156,https://www.sportscardspro.com/game/baseball-cards-2022-bowman-chrome-prospect-autographs/danny-de-andrade-cpa-dde,
Danyer Cueva,694227,2022,chrome,hitter,bowman_1st_base,baseball-cards-2022-bowman-chrome-prospects,https://www.sportscardspro.com/game/baseball-cards-2022-bowman-chrome-prospects/danyer-cueva-bcp-173,https://www.sportscardspro.com/game/baseball-cards-2022-bowman-chrome-prospect-autographs/danyer-cueva-cpa-dca,
Dauri Lorenzo,691184,2022,chrome,hitter,bowman_1st_base,baseball-cards-2022-bowman-chrome-prospects,https://www.sportscardspro.com/game/baseball-cards-2022-bowman-chrome-prospects/dauri-lorenzo-bcp-11,https://www.sportscardspro.com/game/baseball-cards-2022-bowman-chrome-prospect-autographs/dauri-lorenzo-cpa-dlz,
David McCabe,678173,2022,draft,hitter,bowman_1st_base,,,https://www.sportscardspro.com/game/baseball-cards-2022-bowman-draft-chrome-autographs/david-mccabe-cda-dm,
Dayton Dooney,700998,2022,chrome,hitter,bowman_1st_base,,,https://www.sportscardspro.com/game/baseball-cards-2022-bowman-chrome-prospect-autographs/dayton-dooney-cpa-ddo,
Diego Velasquez,694196,2022,chrome,hitter,bowman_1st_base,baseball-cards-2022-bowman-chrome-prospects,https://www.sportscardspro.com/game/baseball-cards-2022-bowman-chrome-prospects/diego-velasquez-bcp-110,https://www.sportscardspro.com/game/baseball-cards-2022-bowman-chrome-prospect-autographs/diego-velasquez-cpa-dv,
Donta Williams,676024,2022,chrome,hitter,bowman_1st_base,,,https://www.sportscardspro.com/game/baseball-cards-2022-bowman-chrome-prospect-autographs/donta-williams-cpa-dw,
Douglas Hodo III,683233,2022,draft,hitter,bowman_1st_base,,,https://www.sportscardspro.com/game/baseball-cards-2022-bowman-draft-chrome-autographs/douglas-hodo-iii-cda-dh,
Dru Baker,681333,2022,chrome,hitter,bowman_1st_base,baseball-cards-2022-bowman-chrome-prospects,https://www.sportscardspro.com/game/baseball-cards-2022-bowman-chrome-prospects/dru-baker-bcp-176,https://www.sportscardspro.com/game/baseball-cards-2022-bowman-chrome-prospect-autographs/dru-baker-cpa-db,
Dylan DeLucia,690626,2022,draft,pitcher,bowman_1st_base,,,https://www.sportscardspro.com/game/baseball-cards-2022-bowman-draft-chrome-autographs/dylan-delucia-cda-dda,
Dylan Lesko,702266,2022,draft,pitcher,bowman_1st_base,baseball-cards-2022-bowman-draft-chrome,https://www.sportscardspro.com/game/baseball-cards-2022-bowman-draft-chrome/dylan-lesko-bdc-27,https://www.sportscardspro.com/game/baseball-cards-2022-bowman-draft-chrome-autographs/dylan-lesko-cda-dl,
Eddinson Paulino,682796,2022,chrome,hitter,bowman_1st_base,baseball-cards-2022-bowman-chrome-prospects,https://www.sportscardspro.com/game/baseball-cards-2022-bowman-chrome-prospects/eddinson-paulino-bcp-175,https://www.sportscardspro.com/game/baseball-cards-2022-bowman-chrome-prospect-autographs/eddinson-paulino-cpa-ep,
Eduardo Vaughan,682804,2022,chrome,hitter,bowman_1st_base,,,https://www.sportscardspro.com/game/baseball-cards-2022-bowman-chrome-prospect-autographs/eduardo-vaughan-cpa-ev,
Elijah Cabell,669010,2022,chrome,hitter,bowman_1st_base,,,https://www.sportscardspro.com/game/baseball-cards-2022-bowman-chrome-prospect-autographs/elijah-cabell-cpa-ec,
Elijah Green,701327,2022,draft,hitter,bowman_1st_base,baseball-cards-2022-bowman-draft-chrome,https://www.sportscardspro.com/game/baseball-cards-2022-bowman-draft-chrome/elijah-green-bdc-23,https://www.sportscardspro.com/game/baseball-cards-2022-bowman-draft-chrome-autographs/elijah-green-cda-eg,
Eric Brown Jr.,687521,2022,draft,hitter,bowman_1st_base,baseball-cards-2022-bowman-draft-chrome,https://www.sportscardspro.com/game/baseball-cards-2022-bowman-draft-chrome/eric-brown-jr-bdc-48,https://www.sportscardspro.com/game/baseball-cards-2022-bowman-draft-chrome-autographs/eric-brown-jr-cda-eb,
Estanli Castillo,682658,2022,chrome,hitter,bowman_1st_base,,,https://www.sportscardspro.com/game/baseball-cards-2022-bowman-chrome-prospect-autographs/estanli-castillo-cpa-ec,
Estiven Machado,692497,2022,chrome,hitter,bowman_1st_base,baseball-cards-2022-bowman-chrome-prospects,https://www.sportscardspro.com/game/baseball-cards-2022-bowman-chrome-prospects/estiven-machado-bcp-12,https://www.sportscardspro.com/game/baseball-cards-2022-bowman-chrome-prospect-autographs/estiven-machado-cpa-em,
Euribiel Angeles,683494,2022,chrome,hitter,bowman_1st_base,baseball-cards-2022-bowman-chrome-prospects,https://www.sportscardspro.com/game/baseball-cards-2022-bowman-chrome-prospects/euribiel-angeles-bcp-225,https://www.sportscardspro.com/game/baseball-cards-2022-bowman-chrome-prospect-autographs/euribiel-angeles-cpa-ea,
Federico Polanco,678836,2022,chrome,hitter,bowman_1st_base,,,https://www.sportscardspro.com/game/baseball-cards-2022-bowman-chrome-prospect-autographs/federico-polanco-cpa-fp,
Felix Valerio,680589,2022,chrome,hitter,bowman_1st_base,baseball-cards-2022-bowman-chrome-prospects,https://www.sportscardspro.com/game/baseball-cards-2022-bowman-chrome-prospects/felix-valerio-bcp-128,https://www.sportscardspro.com/game/baseball-cards-2022-bowman-chrome-prospect-autographs/felix-valerio-cpa-fv,
Gabriel Rincones,687282,2022,draft,hitter,bowman_1st_base,baseball-cards-2022-bowman-draft-chrome,https://www.sportscardspro.com/game/baseball-cards-2022-bowman-draft-chrome/gabriel-rincones-bdc-142,https://www.sportscardspro.com/game/baseball-cards-2022-bowman-draft-chrome-autographs/gabriel-rincones-cda-gr,
Gavin Conticello,695521,2022,chrome,hitter,bowman_1st_base,,,https://www.sportscardspro.com/game/baseball-cards-2022-bowman-chrome-prospect-autographs/gavin-conticello-cpa-gc,
Gavin Cross,688457,2022,draft,hitter,bowman_1st_base,baseball-cards-2022-bowman-draft-chrome,https://www.sportscardspro.com/game/baseball-cards-2022-bowman-draft-chrome/gavin-cross-bdc-6,https://www.sportscardspro.com/game/baseball-cards-2022-bowman-draft-chrome-autographs/gavin-cross-cda-gc,
Greg Cullen,681888,2022,chrome,hitter,bowman_1st_base,,,https://www.sportscardspro.com/game/baseball-cards-2022-bowman-chrome-prospect-autographs/greg-cullen-cpa-gc,
Hendry Mendez,694230,2022,chrome,hitter,bowman_1st_base,baseball-cards-2022-bowman-chrome-prospects,https://www.sportscardspro.com/game/baseball-cards-2022-bowman-chrome-prospects/hendry-mendez-bcp-230,https://www.sportscardspro.com/game/baseball-cards-2022-bowman-chrome-prospect-autographs/hendry-mendez-cpa-hm,
Herard Gonzalez,678648,2022,chrome,hitter,bowman_1st_base,,,https://www.sportscardspro.com/game/baseball-cards-2022-bowman-chrome-prospect-autographs/herard-gonzalez-cpa-hg,
Hunter Patteson,687593,2022,draft,pitcher,bowman_1st_base,,,https://www.sportscardspro.com/game/baseball-cards-2022-bowman-draft-chrome-autographs/hunter-patteson-cda-hp,
Ian Lewis,691588,2022,chrome,hitter,bowman_1st_base,baseball-cards-2022-bowman-chrome-prospects,https://www.sportscardspro.com/game/baseball-cards-2022-bowman-chrome-prospects/ian-lewis-bcp-96,https://www.sportscardspro.com/game/baseball-cards-2022-bowman-chrome-prospect-autographs/ian-lewis-cpa-il,
Isaac De Leon,682722,2022,chrome,hitter,bowman_1st_base,,,https://www.sportscardspro.com/game/baseball-cards-2022-bowman-chrome-prospect-autographs/isaac-de-leon-cpa-id,
Ivan Melendez,699471,2022,draft,hitter,bowman_1st_base,baseball-cards-2022-bowman-draft-chrome,https://www.sportscardspro.com/game/baseball-cards-2022-bowman-draft-chrome/ivan-melendez-bdc-29,https://www.sportscardspro.com/game/baseball-cards-2022-bowman-draft-chrome-autographs/ivan-melendez-cda-im,
JT Schwartz,681286,2022,chrome,hitter,bowman_1st_base,,,https://www.sportscardspro.com/game/baseball-cards-2022-bowman-chrome-prospect-autographs/jt-schwartz-cpa-js,
Jack Herman,681075,2022,chrome,hitter,bowman_1st_base,,,https://www.sportscardspro.com/game/baseball-cards-2022-bowman-chrome-prospect-autographs/jack-herman-cpa-jh,
Jacob Miller,702571,2022,draft,pitcher,bowman_1st_base,baseball-cards-2022-bowman-draft-chrome,https://www.sportscardspro.com/game/baseball-cards-2022-bowman-draft-chrome/jacob-miller-bdc-195,https://www.sportscardspro.com/game/baseball-cards-2022-bowman-draft-chrome-autographs/jacob-miller-cda-jmr,
Jaden Rudd,701437,2022,chrome,hitter,bowman_1st_base,,,https://www.sportscardspro.com/game/baseball-cards-2022-bowman-chrome-prospect-autographs/jaden-rudd-cpa-jr,
Jaison Chourio,702693,2022,chrome,hitter,bowman_1st_base,baseball-cards-2022-bowman-chrome-prospects,https://www.sportscardspro.com/game/baseball-cards-2022-bowman-chrome-prospects/jaison-chourio-bcp-174,https://www.sportscardspro.com/game/baseball-cards-2022-bowman-chrome-prospect-autographs/jaison-chourio-cpa-jco,
Jake Rucker,696160,2022,chrome,hitter,bowman_1st_base,,,https://www.sportscardspro.com/game/baseball-cards-2022-bowman-chrome-prospect-autographs/jake-rucker-cpa-jrk,
Jared McKenzie,686982,2022,draft,hitter,bowman_1st_base,baseball-cards-2022-bowman-draft-chrome,https://www.sportscardspro.com/game/baseball-cards-2022-bowman-draft-chrome/jared-mckenzie-bdc-5,https://www.sportscardspro.com/game/baseball-cards-2022-bowman-draft-chrome-autographs/jared-mckenzie-cda-jm,
Jared Poland,680764,2022,draft,pitcher,bowman_1st_base,,,https://www.sportscardspro.com/game/baseball-cards-2022-bowman-draft-chrome-autographs/jared-poland-cda-jpd,
Jarlin Susana,703186,2022,chrome,pitcher,bowman_1st_base,,,https://www.sportscardspro.com/game/baseball-cards-2022-bowman-chrome-prospect-autographs/jarlin-susana-cpa-jsa,
Jett Williams,702518,2022,draft,hitter,bowman_1st_base,baseball-cards-2022-bowman-draft-chrome,https://www.sportscardspro.com/game/baseball-cards-2022-bowman-draft-chrome/jett-williams-bdc-190,https://www.sportscardspro.com/game/baseball-cards-2022-bowman-draft-chrome-autographs/jett-williams-cda-jws,
Jheremy Vargas,691621,2022,chrome,hitter,bowman_1st_base,baseball-cards-2022-bowman-chrome-prospects,https://www.sportscardspro.com/game/baseball-cards-2022-bowman-chrome-prospects/jheremy-vargas-bcp-144,https://www.sportscardspro.com/game/baseball-cards-2022-bowman-chrome-prospect-autographs/jheremy-vargas-cpa-jvg,
JoJo Blackmon,701424,2022,chrome,hitter,bowman_1st_base,,,https://www.sportscardspro.com/game/baseball-cards-2022-bowman-chrome-prospect-autographs/jojo-blackmon-cpa-jbn,
Joe Lampe,802407,2022,draft,hitter,bowman_1st_base,baseball-cards-2022-bowman-draft-chrome,https://www.sportscardspro.com/game/baseball-cards-2022-bowman-draft-chrome/joe-lampe-bdc-67,https://www.sportscardspro.com/game/baseball-cards-2022-bowman-draft-chrome-autographs/joe-lampe-cda-jl,
John Rhodes,687981,2022,chrome,hitter,bowman_1st_base,,,https://www.sportscardspro.com/game/baseball-cards-2022-bowman-chrome-prospect-autographs/john-rhodes-cpa-jr,
Jonathan Mejia,703158,2022,chrome,hitter,bowman_1st_base,baseball-cards-2022-bowman-chrome-prospects,https://www.sportscardspro.com/game/baseball-cards-2022-bowman-chrome-prospects/jonathan-mejia-bcp-168,https://www.sportscardspro.com/game/baseball-cards-2022-bowman-chrome-prospect-autographs/jonathan-mejia-cpa-jm,
Jordan Sprinkle,688394,2022,draft,hitter,bowman_1st_base,baseball-cards-2022-bowman-draft-chrome,https://www.sportscardspro.com/game/baseball-cards-2022-bowman-draft-chrome/jordan-sprinkle-bdc-183,https://www.sportscardspro.com/game/baseball-cards-2022-bowman-draft-chrome-autographs/jordan-sprinkle-cda-js,
Jose Ramos,682947,2022,chrome,hitter,bowman_1st_base,baseball-cards-2022-bowman-chrome-prospects,https://www.sportscardspro.com/game/baseball-cards-2022-bowman-chrome-prospects/jose-ramos-bcp-129,https://www.sportscardspro.com/game/baseball-cards-2022-bowman-chrome-prospect-autographs/jose-ramos-cpa-jrs,
Josh Kasevich,688460,2022,draft,hitter,bowman_1st_base,baseball-cards-2022-bowman-draft-chrome,https://www.sportscardspro.com/game/baseball-cards-2022-bowman-draft-chrome/josh-kasevich-bdc-45,https://www.sportscardspro.com/game/baseball-cards-2022-bowman-draft-chrome-autographs/josh-kasevich-cda-jk,
Juan Querecuto,677603,2022,chrome,hitter,bowman_1st_base,,,https://www.sportscardspro.com/game/baseball-cards-2022-bowman-chrome-prospect-autographs/juan-querecuto-cpa-jq,
Jud Fabian,682983,2022,draft,hitter,bowman_1st_base,baseball-cards-2022-bowman-draft-chrome,https://www.sportscardspro.com/game/baseball-cards-2022-bowman-draft-chrome/jud-fabian-bdc-114,https://www.sportscardspro.com/game/baseball-cards-2022-bowman-draft-chrome-autographs/jud-fabian-cda-jf,
Junior Sanchez,691265,2022,chrome,hitter,bowman_1st_base,baseball-cards-2022-bowman-chrome-prospects,https://www.sportscardspro.com/game/baseball-cards-2022-bowman-chrome-prospects/junior-sanchez-bcp-111,https://www.sportscardspro.com/game/baseball-cards-2022-bowman-chrome-prospect-autographs/junior-sanchez-cpa-jsz,
Justice Thompson,681142,2022,chrome,hitter,bowman_1st_base,baseball-cards-2022-bowman-chrome-prospects,https://www.sportscardspro.com/game/baseball-cards-2022-bowman-chrome-prospects/justice-thompson-bcp-59,https://www.sportscardspro.com/game/baseball-cards-2022-bowman-chrome-prospect-autographs/justice-thompson-cpa-jt,
Justin Boyd,687628,2022,draft,hitter,bowman_1st_base,baseball-cards-2022-bowman-draft-chrome,https://www.sportscardspro.com/game/baseball-cards-2022-bowman-draft-chrome/justin-boyd-bdc-13,https://www.sportscardspro.com/game/baseball-cards-2022-bowman-draft-chrome-autographs/justin-boyd-cda-jbd,
Justin Campbell,683235,2022,draft,pitcher,bowman_1st_base,baseball-cards-2022-bowman-draft-chrome,https://www.sportscardspro.com/game/baseball-cards-2022-bowman-draft-chrome/justin-campbell-bdc-113,https://www.sportscardspro.com/game/baseball-cards-2022-bowman-draft-chrome-autographs/justin-campbell-cda-jcl,
Kenya Huggins,695761,2022,draft,pitcher,bowman_1st_base,baseball-cards-2022-bowman-draft-chrome,https://www.sportscardspro.com/game/baseball-cards-2022-bowman-draft-chrome/kenya-huggins-bdc-140,https://www.sportscardspro.com/game/baseball-cards-2022-bowman-draft-chrome-autographs/kenya-huggins-cda-kh,
Kevin Kendall,675974,2022,chrome,hitter,bowman_1st_base,,,https://www.sportscardspro.com/game/baseball-cards-2022-bowman-chrome-prospect-autographs/kevin-kendall-cpa-kk,
Kevin Parada,691006,2022,draft,hitter,bowman_1st_base,baseball-cards-2022-bowman-draft-chrome,https://www.sportscardspro.com/game/baseball-cards-2022-bowman-draft-chrome/kevin-parada-bdc-47,https://www.sportscardspro.com/game/baseball-cards-2022-bowman-draft-chrome-autographs/kevin-parada-cda-kp,
Landon Sims,683085,2022,draft,pitcher,bowman_1st_base,baseball-cards-2022-bowman-draft-chrome,https://www.sportscardspro.com/game/baseball-cards-2022-bowman-draft-chrome/landon-sims-bdc-72,https://www.sportscardspro.com/game/baseball-cards-2022-bowman-draft-chrome-autographs/landon-sims-cda-lss,
Liam Spence,687608,2022,chrome,hitter,bowman_1st_base,,,https://www.sportscardspro.com/game/baseball-cards-2022-bowman-chrome-prospect-autographs/liam-spence-cpa-ls,
Logan Cerny,681488,2022,chrome,hitter,bowman_1st_base,baseball-cards-2022-bowman-chrome-prospects,https://www.sportscardspro.com/game/baseball-cards-2022-bowman-chrome-prospects/logan-cerny-bcp-120,https://www.sportscardspro.com/game/baseball-cards-2022-bowman-chrome-prospect-autographs/logan-cerny-cpa-lc,
Logan Tanner,683091,2022,draft,pitcher,bowman_1st_base,baseball-cards-2022-bowman-draft-chrome,https://www.sportscardspro.com/game/baseball-cards-2022-bowman-draft-chrome/logan-tanner-bdc-55,https://www.sportscardspro.com/game/baseball-cards-2022-bowman-draft-chrome-autographs/logan-tanner-cda-lt,
Luca Tresh,681123,2022,chrome,hitter,bowman_1st_base,baseball-cards-2022-bowman-chrome-prospects,https://www.sportscardspro.com/game/baseball-cards-2022-bowman-chrome-prospects/luca-tresh-bcp-136,https://www.sportscardspro.com/game/baseball-cards-2022-bowman-chrome-prospect-autographs/luca-tresh-cpa-lts,
Luis Chevalier,682728,2022,chrome,hitter,bowman_1st_base,,,https://www.sportscardspro.com/game/baseball-cards-2022-bowman-chrome-prospect-autographs/luis-chevalier-cpa-lc,
Luis Meza,554347,2022,chrome,pitcher,bowman_1st_base,baseball-cards-2022-bowman-chrome-prospects,https://www.sportscardspro.com/game/baseball-cards-2022-bowman-chrome-prospects/luis-meza-bcp-209,https://www.sportscardspro.com/game/baseball-cards-2022-bowman-chrome-prospect-autographs/luis-meza-cpa-lm,
Luis Verdugo,677605,2022,chrome,hitter,bowman_1st_base,baseball-cards-2022-bowman-chrome-prospects,https://www.sportscardspro.com/game/baseball-cards-2022-bowman-chrome-prospects/luis-verdugo-bcp-147,https://www.sportscardspro.com/game/baseball-cards-2022-bowman-chrome-prospect-autographs/luis-verdugo-cpa-lv,
Luke Waddell,680672,2022,chrome,hitter,bowman_1st_base,baseball-cards-2022-bowman-chrome-prospects,https://www.sportscardspro.com/game/baseball-cards-2022-bowman-chrome-prospects/luke-waddell-bcp-48,https://www.sportscardspro.com/game/baseball-cards-2022-bowman-chrome-prospect-autographs/luke-waddell-cpa-lw,
Maikol Hernandez,694204,2022,chrome,hitter,bowman_1st_base,baseball-cards-2022-bowman-chrome-prospects,https://www.sportscardspro.com/game/baseball-cards-2022-bowman-chrome-prospects/maikol-hernandez-bcp-155,https://www.sportscardspro.com/game/baseball-cards-2022-bowman-chrome-prospect-autographs/maikol-hernandez-cpa-mh,
Mason Albright,695476,2022,chrome,pitcher,bowman_1st_base,,,https://www.sportscardspro.com/game/baseball-cards-2022-bowman-chrome-prospect-autographs/mason-albright-cpa-ma,
Mason Auer,687020,2022,chrome,hitter,bowman_1st_base,,,https://www.sportscardspro.com/game/baseball-cards-2022-bowman-chrome-prospect-autographs/mason-auer-cpa-ma,
Ashe Russell,663872,2015,draft,pitcher,bowman_1st_base,baseball-cards-2015-bowman-draft-chrome,https://www.sportscardspro.com/game/baseball-cards-2015-bowman-draft-chrome/ashe-russell-14,https://www.sportscardspro.com/game/baseball-cards-2015-bowman-chrome-draft-pick-autograph/ashe-russell-bca-ar,
Jeff Degano,664681,2015,draft,pitcher,bowman_1st_base,baseball-cards-2015-bowman-draft-chrome,https://www.sportscardspro.com/game/baseball-cards-2015-bowman-draft-chrome/jeff-degano-44,https://www.sportscardspro.com/game/baseball-cards-2015-bowman-chrome-draft-pick-autograph/jeff-degano-bca-jd,
Juan Meza,660565,2015,chrome,pitcher,bowman_1st_base,,,https://www.sportscardspro.com/game/baseball-cards-2015-bowman-chrome-prospect-autograph/juan-meza-bcap-jm,
Franklin Reyes,665485,2016,chrome,hitter,bowman_1st_base,baseball-cards-2016-bowman-chrome-prospects,https://www.sportscardspro.com/game/baseball-cards-2016-bowman-chrome-prospects/franklin-reyes-bcp-208,https://www.sportscardspro.com/game/baseball-cards-2016-bowman-chrome-prospect-autograph/franklin-reyes-bcap-fr,
Cash Case,669167,2017,draft,hitter,bowman_1st_base,baseball-cards-2017-bowman-draft-chrome,https://www.sportscardspro.com/game/baseball-cards-2017-bowman-draft-chrome/cash-case-bdc198,https://www.sportscardspro.com/game/baseball-cards-2017-bowman-draft-chrome-picks-autographs/cash-case-cda-cc,
Daniel Gonzalez,642557,2018,chrome,pitcher,bowman_1st_base,,,https://www.sportscardspro.com/game/baseball-cards-2018-bowman-chrome-prospects-autographs/daniel-gonzalez-cpa-dg,
Russell Wilson,519432,2018,chrome,hitter,bowman_1st_base,baseball-cards-2018-bowman-chrome-prospects,https://www.sportscardspro.com/game/baseball-cards-2018-bowman-chrome-prospects/russell-wilson-bcp-151,https://www.sportscardspro.com/game/baseball-cards-2018-bowman-chrome-prospects-autographs/russell-wilson-bcpa-rw,
Danny Diaz,677596,2019,chrome,hitter,bowman_1st_base,,,https://www.sportscardspro.com/game/baseball-cards-2019-bowman-chrome-prospects-autographs/danny-diaz-cpa-dd,
Bayron Lora,691178,2020,chrome,hitter,bowman_1st_base,baseball-cards-2020-bowman-chrome-prospects,https://www.sportscardspro.com/game/baseball-cards-2020-bowman-chrome-prospects/bayron-lora-bcp-159,https://www.sportscardspro.com/game/baseball-cards-2020-bowman-chrome-prospects-autograph/bayron-lora-cpa-bl,
Hunter Barnhart,694379,2020,draft,pitcher,bowman_1st_base,baseball-cards-2020-bowman-draft-chrome,https://www.sportscardspro.com/game/baseball-cards-2020-bowman-draft-chrome/hunter-barnhart-bd-66,https://www.sportscardspro.com/game/baseball-cards-2020-bowman-draft-picks-chrome-autographs/hunter-barnhart-cda-hb,
Jordan Nwogu,685087,2020,draft,hitter,bowman_1st_base,baseball-cards-2020-bowman-draft-chrome,https://www.sportscardspro.com/game/baseball-cards-2020-bowman-draft-chrome/jordan-nwogu-bd-110,https://www.sportscardspro.com/game/baseball-cards-2020-bowman-draft-picks-chrome-autographs/jordan-nwogu-cda-jn,
Junior Santos,681744,2020,chrome,pitcher,bowman_1st_base,,,https://www.sportscardspro.com/game/baseball-cards-2020-bowman-chrome-prospects-autograph/junior-santos-cpa-js,
Justin Lange,694367,2020,draft,pitcher,bowman_1st_base,baseball-cards-2020-bowman-draft-chrome,https://www.sportscardspro.com/game/baseball-cards-2020-bowman-draft-chrome/justin-lange-bd-99,https://www.sportscardspro.com/game/baseball-cards-2020-bowman-draft-picks-chrome-autographs/justin-lange-cda-jl,
Kaden Polcovich,687659,2020,draft,hitter,bowman_1st_base,baseball-cards-2020-bowman-draft-chrome,https://www.sportscardspro.com/game/baseball-cards-2020-bowman-draft-chrome/kaden-polcovich-bd-18,https://www.sportscardspro.com/game/baseball-cards-2020-bowman-draft-picks-chrome-autographs/kaden-polcovich-cda-rh,
Kala'i Rosario,693850,2020,draft,hitter,bowman_1st_base,,,https://www.sportscardspro.com/game/baseball-cards-2020-bowman-draft-picks-chrome-autographs/kala%27i-rosario-cda-kr,
Kendall Simmons,669227,2020,chrome,hitter,bowman_1st_base,,,https://www.sportscardspro.com/game/baseball-cards-2020-bowman-chrome-prospects-autograph/kendall-simmons-cpa-ksi,
Lency Delgado,680894,2020,chrome,hitter,bowman_1st_base,,,https://www.sportscardspro.com/game/baseball-cards-2020-bowman-chrome-prospects-autograph/lency-delgado-cpa-ld,
Leonel Valera,665987,2020,chrome,hitter,bowman_1st_base,,,https://www.sportscardspro.com/game/baseball-cards-2020-bowman-chrome-prospects-autograph/leonel-valera-cpa-lv,
Levi Kelly,669189,2020,chrome,pitcher,bowman_1st_base,,,https://www.sportscardspro.com/game/baseball-cards-2020-bowman-chrome-prospects-autograph/levi-kelly-cpa-lk,
Levi Prater,686246,2020,draft,pitcher,bowman_1st_base,baseball-cards-2020-bowman-draft-chrome,https://www.sportscardspro.com/game/baseball-cards-2020-bowman-draft-chrome/levi-prater-bd-125,https://www.sportscardspro.com/game/baseball-cards-2020-bowman-draft-picks-chrome-autographs/levi-prater-cda-lp,
Logan Hofmann,671987,2020,draft,pitcher,bowman_1st_base,baseball-cards-2020-bowman-draft-chrome,https://www.sportscardspro.com/game/baseball-cards-2020-bowman-draft-chrome/logan-hofmann-bd-160,https://www.sportscardspro.com/game/baseball-cards-2020-bowman-draft-picks-chrome-autographs/logan-hofmann-cda-lh,
Matthew Dyer,686546,2020,draft,hitter,bowman_1st_base,baseball-cards-2020-bowman-draft-chrome,https://www.sportscardspro.com/game/baseball-cards-2020-bowman-draft-chrome/matthew-dyer-bd-92,https://www.sportscardspro.com/game/baseball-cards-2020-bowman-draft-picks-chrome-autographs/matthew-dyer-cda-md,
Micah Bello,677295,2020,chrome,hitter,bowman_1st_base,,,https://www.sportscardspro.com/game/baseball-cards-2020-bowman-chrome-prospects-autograph/micah-bello-cpa-mb,
Michael Harris,671739,2020,chrome,hitter,bowman_1st_base,baseball-cards-2021-bowman-draft-chrome,https://www.sportscardspro.com/game/baseball-cards-2021-bowman-draft-chrome/michael-harris-bdc-86,https://www.sportscardspro.com/game/baseball-cards-2020-bowman-chrome-prospects-autograph/michael-harris-cpa-mh,
Milan Tolentino,675455,2020,draft,hitter,bowman_1st_base,baseball-cards-2020-bowman-draft-chrome,https://www.sportscardspro.com/game/baseball-cards-2020-bowman-draft-chrome/milan-tolentino-bd-4,https://www.sportscardspro.com/game/baseball-cards-2020-bowman-draft-picks-chrome-autographs/milan-tolentino-cda-mt,
Nick Bitsko,691767,2020,draft,pitcher,bowman_1st_base,baseball-cards-2020-bowman-draft-chrome,https://www.sportscardspro.com/game/baseball-cards-2020-bowman-draft-chrome/nick-bitsko-bd-61,https://www.sportscardspro.com/game/baseball-cards-2020-bowman-draft-picks-chrome-autographs/nick-bitsko-cda-nb,
Nick Garcia,694356,2020,draft,pitcher,bowman_1st_base,baseball-cards-2020-bowman-draft-chrome,https://www.sportscardspro.com/game/baseball-cards-2020-bowman-draft-chrome/nick-garcia-bd-90,https://www.sportscardspro.com/game/baseball-cards-2020-bowman-draft-picks-chrome-autographs/nick-garcia-cda-ng,
Nick Kahle,685277,2020,chrome,hitter,bowman_1st_base,,,https://www.sportscardspro.com/game/baseball-cards-2020-bowman-chrome-prospects-autograph/nick-kahle-cpa-nk,
Nick Swiney,676464,2020,draft,pitcher,bowman_1st_base,baseball-cards-2020-bowman-draft-chrome,https://www.sportscardspro.com/game/baseball-cards-2020-bowman-draft-chrome/nick-swiney-bd-91,https://www.sportscardspro.com/game/baseball-cards-2020-bowman-draft-picks-chrome-autographs/nick-swiney-cda-ns,
Niko Hulsizer,680881,2020,chrome,hitter,bowman_1st_base,baseball-cards-2020-bowman-chrome-prospects,https://www.sportscardspro.com/game/baseball-cards-2020-bowman-chrome-prospects/niko-hulsizer-bcp-17,https://www.sportscardspro.com/game/baseball-cards-2020-bowman-chrome-prospects-autograph/niko-hulsizer-cpa-nh,
Omar Estevez,666784,2020,chrome,hitter,bowman_1st_base,,,https://www.sportscardspro.com/game/baseball-cards-2020-bowman-chrome-prospects-autograph/omar-estevez-cpa-oe,
Osiel Rodriguez,682640,2020,chrome,pitcher,bowman_1st_base,,,https://www.sportscardspro.com/game/baseball-cards-2020-bowman-chrome-prospects-autograph/osiel-rodriguez-cpa-or,
Paul Richan,674042,2020,chrome,pitcher,bowman_1st_base,,,https://www.sportscardspro.com/game/baseball-cards-2020-bowman-chrome-prospects-autograph/paul-richan-cpa-pr,
Quin Cotton,670199,2020,chrome,hitter,bowman_1st_base,baseball-cards-2020-bowman-draft-chrome,https://www.sportscardspro.com/game/baseball-cards-2020-bowman-draft-chrome/quin-cotton-bd-104,https://www.sportscardspro.com/game/baseball-cards-2020-bowman-chrome-prospects-autograph/quin-cotton-cpa-qc,
RJ Dabovich,681924,2020,draft,pitcher,bowman_1st_base,baseball-cards-2020-bowman-draft-chrome,https://www.sportscardspro.com/game/baseball-cards-2020-bowman-draft-chrome/rj-dabovich-bd-148,https://www.sportscardspro.com/game/baseball-cards-2020-bowman-draft-picks-chrome-autographs/rj-dabovich-cda-rda,
Raimfer Salinas,679733,2020,chrome,hitter,bowman_1st_base,,,https://www.sportscardspro.com/game/baseball-cards-2020-bowman-chrome-prospects-autograph/raimfer-salinas-cpa-rs,
Randy Florentino,678594,2020,chrome,hitter,bowman_1st_base,,,https://www.sportscardspro.com/game/baseball-cards-2020-bowman-chrome-prospects-autograph/randy-florentino-cpa-rf,
Robert Hassell,690987,2020,draft,hitter,bowman_1st_base,baseball-cards-2020-bowman-draft-chrome,https://www.sportscardspro.com/game/baseball-cards-2020-bowman-draft-chrome/robert-hassell-bd-39,https://www.sportscardspro.com/game/baseball-cards-2020-bowman-draft-picks-chrome-autographs/robert-hassell-cda-rha,
Robert Puason,691188,2020,chrome,pitcher,bowman_1st_base,baseball-cards-2020-bowman-chrome-prospects,https://www.sportscardspro.com/game/baseball-cards-2020-bowman-chrome-prospects/robert-puason-bcp-145,https://www.sportscardspro.com/game/baseball-cards-2020-bowman-chrome-prospects-autograph/robert-puason-cpa-rp,
Ruben Cardenas,665180,2020,chrome,hitter,bowman_1st_base,baseball-cards-2020-bowman-chrome-prospects,https://www.sportscardspro.com/game/baseball-cards-2020-bowman-chrome-prospects/ruben-cardenas-bcp-23,https://www.sportscardspro.com/game/baseball-cards-2020-bowman-chrome-prospects-autograph/ruben-cardenas-cpa-rc,
Ryan Murphy,694885,2020,draft,pitcher,bowman_1st_base,baseball-cards-2020-bowman-draft-chrome,https://www.sportscardspro.com/game/baseball-cards-2020-bowman-draft-chrome/ryan-murphy-bd-166,https://www.sportscardspro.com/game/baseball-cards-2020-bowman-draft-picks-chrome-autographs/ryan-murphy-cda-rm,
Sammy Infante,692221,2020,draft,hitter,bowman_1st_base,baseball-cards-2020-bowman-draft-chrome,https://www.sportscardspro.com/game/baseball-cards-2020-bowman-draft-chrome/sammy-infante-bd-48,https://www.sportscardspro.com/game/baseball-cards-2020-bowman-draft-picks-chrome-autographs/sammy-infante-cda-si,
Saul Garza,676941,2020,draft,hitter,bowman_1st_base,,,https://www.sportscardspro.com/game/baseball-cards-2020-bowman-draft-picks-chrome-autographs/saul-garza-cda-sg,
Seth Gray,680799,2020,chrome,hitter,bowman_1st_base,,,https://www.sportscardspro.com/game/baseball-cards-2020-bowman-chrome-prospects-autograph/seth-gray-cpa-sg,
Stephen Paolini,688500,2020,chrome,hitter,bowman_1st_base,,,https://www.sportscardspro.com/game/baseball-cards-2020-bowman-chrome-prospects-autograph/stephen-paolini-cpa-sp,
Tahnaj Thomas,673231,2020,chrome,pitcher,bowman_1st_base,,,https://www.sportscardspro.com/game/baseball-cards-2020-bowman-chrome-prospects-autograph/tahnaj-thomas-cpa-tt,
Tanner Burns,669142,2020,draft,pitcher,bowman_1st_base,baseball-cards-2020-bowman-draft-chrome,https://www.sportscardspro.com/game/baseball-cards-2020-bowman-draft-chrome/tanner-burns-bd-115,https://www.sportscardspro.com/game/baseball-cards-2020-bowman-draft-picks-chrome-autographs/tanner-burns-cda-tb,
Tekoah Roby,694358,2020,draft,pitcher,bowman_1st_base,baseball-cards-2020-bowman-draft-chrome,https://www.sportscardspro.com/game/baseball-cards-2020-bowman-draft-chrome/tekoah-roby-bd-76,https://www.sportscardspro.com/game/baseball-cards-2020-bowman-draft-picks-chrome-autographs/tekoah-roby-cda-tr,
Thomas Dillard,666186,2020,chrome,hitter,bowman_1st_base,,,https://www.sportscardspro.com/game/baseball-cards-2020-bowman-chrome-prospects-autograph/thomas-dillard-cpa-tdi,
Tink Hence,693311,2020,draft,pitcher,bowman_1st_base,baseball-cards-2020-bowman-draft-chrome,https://www.sportscardspro.com/game/baseball-cards-2020-bowman-draft-chrome/tink-hence-bd-86,https://www.sportscardspro.com/game/baseball-cards-2020-bowman-draft-picks-chrome-autographs/tink-hence-cda-mh,
Tony Dibrell,675914,2020,chrome,pitcher,bowman_1st_base,,,https://www.sportscardspro.com/game/baseball-cards-2020-bowman-chrome-prospects-autograph/tony-dibrell-cpa-td,
Trent Palmer,694382,2020,draft,pitcher,bowman_1st_base,baseball-cards-2020-bowman-draft-chrome,https://www.sportscardspro.com/game/baseball-cards-2020-bowman-draft-chrome/trent-palmer-bd-138,https://www.sportscardspro.com/game/baseball-cards-2020-bowman-draft-picks-chrome-autographs/trent-palmer-cda-dcr,
Trevor Hauver,669386,2020,draft,hitter,bowman_1st_base,baseball-cards-2020-bowman-draft-chrome,https://www.sportscardspro.com/game/baseball-cards-2020-bowman-draft-chrome/trevor-hauver-bd-113,https://www.sportscardspro.com/game/baseball-cards-2020-bowman-draft-picks-chrome-autographs/trevor-hauver-cda-th,
Trey Harris,674677,2020,chrome,hitter,bowman_1st_base,,,https://www.sportscardspro.com/game/baseball-cards-2020-bowman-chrome-prospects-autograph/trey-harris-cpa-th,
Tyler Brown,675973,2020,draft,pitcher,bowman_1st_base,baseball-cards-2020-bowman-draft-chrome,https://www.sportscardspro.com/game/baseball-cards-2020-bowman-draft-chrome/tyler-brown-bd-21,https://www.sportscardspro.com/game/baseball-cards-2020-bowman-draft-picks-chrome-autographs/tyler-brown-cda-tbr,
Tyler Dyson,669937,2020,chrome,pitcher,bowman_1st_base,,,https://www.sportscardspro.com/game/baseball-cards-2020-bowman-chrome-prospects-autograph/tyler-dyson-cpa-tdy,
Ulrich Bojarski,672531,2020,chrome,hitter,bowman_1st_base,baseball-cards-2020-bowman-chrome-prospects,https://www.sportscardspro.com/game/baseball-cards-2020-bowman-chrome-prospects/ulrich-bojarski-bcp-14,https://www.sportscardspro.com/game/baseball-cards-2020-bowman-chrome-prospects-autograph/ulrich-bojarski-cpa-ub,
Werner Blakely,690956,2020,draft,hitter,bowman_1st_base,baseball-cards-2020-bowman-draft-chrome,https://www.sportscardspro.com/game/baseball-cards-2020-bowman-draft-chrome/werner-blakely-bd-128,https://www.sportscardspro.com/game/baseball-cards-2020-bowman-draft-picks-chrome-autographs/werner-blakely-cda-wb,
Wilderd Patino,679741,2020,chrome,hitter,bowman_1st_base,,,https://www.sportscardspro.com/game/baseball-cards-2020-bowman-chrome-prospects-autograph/wilderd-patino-cpa-wp,
Zach Britton,676309,2020,draft,hitter,bowman_1st_base,baseball-cards-2020-bowman-draft-chrome,https://www.sportscardspro.com/game/baseball-cards-2020-bowman-draft-chrome/zach-britton-bd-158,https://www.sportscardspro.com/game/baseball-cards-2020-bowman-draft-picks-chrome-autographs/zach-britton-cda-zb,
Zach Daniels,671113,2020,draft,hitter,bowman_1st_base,baseball-cards-2020-bowman-draft-chrome,https://www.sportscardspro.com/game/baseball-cards-2020-bowman-draft-chrome/zach-daniels-bd-133,https://www.sportscardspro.com/game/baseball-cards-2020-bowman-draft-picks-chrome-autographs/zach-daniels-cda-zda,
Zach Watson,668789,2020,chrome,hitter,bowman_1st_base,,,https://www.sportscardspro.com/game/baseball-cards-2020-bowman-chrome-prospects-autograph/zach-watson-cpa-zw,
Zack Hess,666132,2020,chrome,pitcher,bowman_1st_base,,,https://www.sportscardspro.com/game/baseball-cards-2020-bowman-chrome-prospects-autograph/zack-hess-cpa-zh,
Zavier Warren,680518,2020,draft,hitter,bowman_1st_base,baseball-cards-2020-bowman-draft-chrome,https://www.sportscardspro.com/game/baseball-cards-2020-bowman-draft-chrome/zavier-warren-bd-97,https://www.sportscardspro.com/game/baseball-cards-2020-bowman-draft-picks-chrome-autographs/zavier-warren-cda-zw,
Aaron Sabato,693306,2021,chrome,hitter,bowman_1st_base,baseball-cards-2021-bowman-chrome-prospects,https://www.sportscardspro.com/game/baseball-cards-2021-bowman-chrome-prospects/aaron-sabato-bcp-125,https://www.sportscardspro.com/game/baseball-cards-2021-bowman-chrome-prospect-autographs/aaron-sabato-cpa-as,
Aaron Zavala,701648,2021,draft,hitter,bowman_1st_base,baseball-cards-2021-bowman-draft-chrome,https://www.sportscardspro.com/game/baseball-cards-2021-bowman-draft-chrome/aaron-zavala-bdc-101,https://www.sportscardspro.com/game/baseball-cards-2021-bowman-draft-pick-chrome-autographs/aaron-zavala-cda-az,
Adam Kerner,676301,2021,chrome,hitter,bowman_1st_base,,,https://www.sportscardspro.com/game/baseball-cards-2021-bowman-chrome-prospect-autographs/adam-kerner-cpa-ak,
Adinso Reyes,682632,2021,chrome,hitter,bowman_1st_base,baseball-cards-2021-bowman-chrome-prospects,https://www.sportscardspro.com/game/baseball-cards-2021-bowman-chrome-prospects/adinso-reyes-bcp-21,https://www.sportscardspro.com/game/baseball-cards-2021-bowman-chrome-prospect-autographs/adinso-reyes-cpa-are,
Aldo Ramirez,680048,2021,chrome,pitcher,bowman_1st_base,,,https://www.sportscardspro.com/game/baseball-cards-2021-bowman-chrome-prospect-autographs/aldo-ramirez-cpa-ara,
Alex Binelas,681323,2021,draft,hitter,bowman_1st_base,baseball-cards-2021-bowman-draft-chrome,https://www.sportscardspro.com/game/baseball-cards-2021-bowman-draft-chrome/alex-binelas-bdc-79,https://www.sportscardspro.com/game/baseball-cards-2021-bowman-draft-pick-chrome-autographs/alex-binelas-cda-ab,
Alexander Mojica,683549,2021,chrome,hitter,bowman_1st_base,baseball-cards-2021-bowman-chrome-prospects,https://www.sportscardspro.com/game/baseball-cards-2021-bowman-chrome-prospects/alexander-mojica-bcp-179,https://www.sportscardspro.com/game/baseball-cards-2021-bowman-chrome-prospect-autographs/alexander-mojica-cpa-am,
Alexander Ramirez,682643,2021,chrome,hitter,bowman_1st_base,baseball-cards-2021-bowman-chrome-prospects,https://www.sportscardspro.com/game/baseball-cards-2021-bowman-chrome-prospects/alexander-ramirez-bcp-145,https://www.sportscardspro.com/game/baseball-cards-2021-bowman-chrome-prospect-autographs/alexander-ramirez-cpa-ara,
Franyel Baez,691280,2021,chrome,hitter,bowman_1st_base,,,https://www.sportscardspro.com/game/baseball-cards-2021-bowman-chrome-prospect-autographs/franyel-baez-cpa-fb,
Freddy Valdez,682639,2021,chrome,hitter,bowman_1st_base,baseball-cards-2021-bowman-draft-chrome,https://www.sportscardspro.com/game/baseball-cards-2021-bowman-draft-chrome/freddy-valdez-bdc-96,https://www.sportscardspro.com/game/baseball-cards-2021-bowman-chrome-prospect-autographs/freddy-valdez-cpa-fv,
Gabriel Rodriguez,821657,2021,chrome,hitter,bowman_1st_base,baseball-cards-2021-bowman-chrome-prospects,https://www.sportscardspro.com/game/baseball-cards-2021-bowman-chrome-prospects/gabriel-rodriguez-bcp-180,https://www.sportscardspro.com/game/baseball-cards-2021-bowman-chrome-prospect-autographs/gabriel-rodriguez-cpa-gr,
Malfrin Sosa,691636,2021,chrome,hitter,bowman_1st_base,,,https://www.sportscardspro.com/game/baseball-cards-2021-bowman-chrome-prospect-autographs/malfrin-sosa-cpa-ms,
William Holmes,572931,2021,chrome,hitter,bowman_1st_base,,,https://www.sportscardspro.com/game/baseball-cards-2021-bowman-chrome-prospect-autographs/william-holmes-cpa-wh,
Erick Hernandez,703184,2022,chrome,hitter,bowman_1st_base,baseball-cards-2022-bowman-chrome-prospects,https://www.sportscardspro.com/game/baseball-cards-2022-bowman-chrome-prospects/erick-hernandez-bcp-181,https://www.sportscardspro.com/game/baseball-cards-2022-bowman-chrome-prospect-autographs/erick-hernandez-cpa-eh,
Gavin Tonkel,702247,2022,chrome,hitter,bowman_1st_base,,,https://www.sportscardspro.com/game/baseball-cards-2022-bowman-chrome-prospect-autographs/gavin-tonkel-cpa-gtl,
Larry Ernesto,677598,2022,chrome,hitter,bowman_1st_base,,,https://www.sportscardspro.com/game/baseball-cards-2022-bowman-chrome-prospect-autographs/larry-ernesto-cpa-le,
Martin Gimenez,694226,2022,chrome,hitter,bowman_1st_base,baseball-cards-2022-bowman-chrome-prospects,https://www.sportscardspro.com/game/baseball-cards-2022-bowman-chrome-prospects/martin-gimenez-bcp-97,https://www.sportscardspro.com/game/baseball-cards-2022-bowman-chrome-prospect-autographs/martin-gimenez-cpa-mgz,
Matt Fraizer,670208,2022,chrome,hitter,bowman_1st_base,baseball-cards-2022-bowman-chrome-prospects,https://www.sportscardspro.com/game/baseball-cards-2022-bowman-chrome-prospects/matt-fraizer-bcp-91,https://www.sportscardspro.com/game/baseball-cards-2022-bowman-chrome-prospect-autographs/matt-fraizer-cpa-mf,
Michael Kennedy,702604,2022,draft,pitcher,bowman_1st_base,baseball-cards-2022-bowman-draft-chrome,https://www.sportscardspro.com/game/baseball-cards-2022-bowman-draft-chrome/michael-kennedy-bdc-176,https://www.sportscardspro.com/game/baseball-cards-2022-bowman-draft-chrome-autographs/michael-kennedy-cda-mky,
Michel Triana,691403,2022,chrome,hitter,bowman_1st_base,baseball-cards-2022-bowman-chrome-prospects,https://www.sportscardspro.com/game/baseball-cards-2022-bowman-chrome-prospects/michel-triana-bcp-75,https://www.sportscardspro.com/game/baseball-cards-2022-bowman-chrome-prospect-autographs/michel-triana-cpa-mt,
Mikey Romero,702540,2022,draft,hitter,bowman_1st_base,baseball-cards-2022-bowman-draft-chrome,https://www.sportscardspro.com/game/baseball-cards-2022-bowman-draft-chrome/mikey-romero-bdc-42,https://www.sportscardspro.com/game/baseball-cards-2022-bowman-draft-chrome-autographs/mikey-romero-cda-mr,
Nathan Hickey,687208,2022,chrome,hitter,bowman_1st_base,,,https://www.sportscardspro.com/game/baseball-cards-2022-bowman-chrome-prospect-autographs/nathan-hickey-cpa-nh,
Nathan Martorella,687210,2022,draft,hitter,bowman_1st_base,,,https://www.sportscardspro.com/game/baseball-cards-2022-bowman-draft-chrome-autographs/nathan-martorella-cda-nm,
Nazier Mule,702271,2022,draft,pitcher,bowman_1st_base,baseball-cards-2022-bowman-draft-chrome,https://www.sportscardspro.com/game/baseball-cards-2022-bowman-draft-chrome/nazier-mule-bdc-77,https://www.sportscardspro.com/game/baseball-cards-2022-bowman-draft-chrome-autographs/nazier-mule-cda-nme,
Nick Biddison,680994,2022,draft,hitter,bowman_1st_base,baseball-cards-2022-bowman-draft-chrome,https://www.sportscardspro.com/game/baseball-cards-2022-bowman-draft-chrome/nick-biddison-bdc-165,https://www.sportscardspro.com/game/baseball-cards-2022-bowman-draft-chrome-autographs/nick-biddison-cda-nb,
Noah Miller,695653,2022,chrome,hitter,bowman_1st_base,,,https://www.sportscardspro.com/game/baseball-cards-2022-bowman-chrome-prospect-autographs/noah-miller-cpa-nm,
Norge Vera,694195,2022,chrome,pitcher,bowman_1st_base,baseball-cards-2022-bowman-chrome-prospects,https://www.sportscardspro.com/game/baseball-cards-2022-bowman-chrome-prospects/norge-vera-bcp-100,https://www.sportscardspro.com/game/baseball-cards-2022-bowman-chrome-prospect-autographs/norge-vera-cpa-nva,
Pablo Aliendo,680846,2022,chrome,hitter,bowman_1st_base,,,https://www.sportscardspro.com/game/baseball-cards-2022-bowman-chrome-prospect-autographs/pablo-aliendo-cpa-pa,
Parker Chavers,685091,2022,chrome,hitter,bowman_1st_base,,,https://www.sportscardspro.com/game/baseball-cards-2022-bowman-chrome-prospect-autographs/parker-chavers-cpa-pc,
Quincy Hamilton,680810,2022,chrome,hitter,bowman_1st_base,,,https://www.sportscardspro.com/game/baseball-cards-2022-bowman-chrome-prospect-autographs/quincy-hamilton-cpa-qh,
Rayne Doncon,699061,2022,chrome,hitter,bowman_1st_base,baseball-cards-2022-bowman-chrome-prospects,https://www.sportscardspro.com/game/baseball-cards-2022-bowman-chrome-prospects/rayne-doncon-bcp-202,https://www.sportscardspro.com/game/baseball-cards-2022-bowman-chrome-prospect-autographs/rayne-doncon-cpa-rd,
Reed Trimble,701655,2022,chrome,hitter,bowman_1st_base,,,https://www.sportscardspro.com/game/baseball-cards-2022-bowman-chrome-prospect-autographs/reed-trimble-cpa-rt,
Reggie Crawford,686846,2022,draft,pitcher,bowman_1st_base,baseball-cards-2022-bowman-draft-chrome,https://www.sportscardspro.com/game/baseball-cards-2022-bowman-draft-chrome/reggie-crawford-bdc-33,https://www.sportscardspro.com/game/baseball-cards-2022-bowman-draft-chrome-autographs/reggie-crawford-cda-rc,
Ricardo Genoves,665648,2022,chrome,hitter,bowman_1st_base,baseball-cards-2022-bowman-chrome-prospects,https://www.sportscardspro.com/game/baseball-cards-2022-bowman-chrome-prospects/ricardo-genoves-bcp-60,https://www.sportscardspro.com/game/baseball-cards-2022-bowman-chrome-prospect-autographs/ricardo-genoves-cpa-rgv,
Robert Dominguez,693013,2022,chrome,pitcher,bowman_1st_base,baseball-cards-2022-bowman-chrome-prospects,https://www.sportscardspro.com/game/baseball-cards-2022-bowman-chrome-prospects/robert-dominguez-bcp-51,https://www.sportscardspro.com/game/baseball-cards-2022-bowman-chrome-prospect-autographs/robert-dominguez-cpa-rd,
Roderick Arias,703149,2022,chrome,hitter,bowman_1st_base,baseball-cards-2022-bowman-chrome-prospects,https://www.sportscardspro.com/game/baseball-cards-2022-bowman-chrome-prospects/roderick-arias-bcp-153,https://www.sportscardspro.com/game/baseball-cards-2022-bowman-chrome-prospect-autographs/roderick-arias-cpa-ra,
Roilan Machandy,691513,2022,chrome,hitter,bowman_1st_base,,,https://www.sportscardspro.com/game/baseball-cards-2022-bowman-chrome-prospect-autographs/roilan-machandy-cpa-rm,
Roismar Quintana,692453,2022,chrome,hitter,bowman_1st_base,baseball-cards-2022-bowman-chrome-prospects,https://www.sportscardspro.com/game/baseball-cards-2022-bowman-chrome-prospects/roismar-quintana-bcp-219,https://www.sportscardspro.com/game/baseball-cards-2022-bowman-chrome-prospect-autographs/roismar-quintana-cpa-rq,
Ronnier Quintero,691180,2022,chrome,hitter,bowman_1st_base,baseball-cards-2022-bowman-chrome-prospects,https://www.sportscardspro.com/game/baseball-cards-2022-bowman-chrome-prospects/ronnier-quintero-bcp-124,https://www.sportscardspro.com/game/baseball-cards-2022-bowman-chrome-prospect-autographs/ronnier-quintero-cpa-rqt,
Rosman Verdugo,698916,2022,chrome,hitter,bowman_1st_base,baseball-cards-2022-bowman-chrome-prospects,https://www.sportscardspro.com/game/baseball-cards-2022-bowman-chrome-prospects/rosman-verdugo-bcp-193,https://www.sportscardspro.com/game/baseball-cards-2022-bowman-chrome-prospect-autographs/rosman-verdugo-cpa-rv,
Ryan Cermak,688714,2022,draft,hitter,bowman_1st_base,baseball-cards-2022-bowman-draft-chrome,https://www.sportscardspro.com/game/baseball-cards-2022-bowman-draft-chrome/ryan-cermak-bdc-81,https://www.sportscardspro.com/game/baseball-cards-2022-bowman-draft-chrome-autographs/ryan-cermak-cda-rck,
Ryan Reckley,703144,2022,chrome,hitter,bowman_1st_base,baseball-cards-2022-bowman-chrome-prospects,https://www.sportscardspro.com/game/baseball-cards-2022-bowman-chrome-prospects/ryan-reckley-bcp-163,https://www.sportscardspro.com/game/baseball-cards-2022-bowman-chrome-prospect-autographs/ryan-reckley-cpa-rr,
Samuel Munoz,703153,2022,chrome,hitter,bowman_1st_base,baseball-cards-2022-bowman-chrome-prospects,https://www.sportscardspro.com/game/baseball-cards-2022-bowman-chrome-prospects/samuel-munoz-bcp-161,https://www.sportscardspro.com/game/baseball-cards-2022-bowman-chrome-prospect-autographs/samuel-munoz-cpa-sm,
Samuel Zavala,694214,2022,chrome,hitter,bowman_1st_base,baseball-cards-2022-bowman-chrome-prospects,https://www.sportscardspro.com/game/baseball-cards-2022-bowman-chrome-prospects/samuel-zavala-bcp-203,https://www.sportscardspro.com/game/baseball-cards-2022-bowman-chrome-prospect-autographs/samuel-zavala-cpa-sz,
Sean McLain,683169,2022,draft,hitter,bowman_1st_base,baseball-cards-2022-bowman-draft-chrome,https://www.sportscardspro.com/game/baseball-cards-2022-bowman-draft-chrome/sean-mclain-bdc-50,https://www.sportscardspro.com/game/baseball-cards-2022-bowman-draft-chrome-autographs/sean-mclain-cda-sm,
Sebastian Espino,672823,2022,chrome,pitcher,bowman_1st_base,,,https://www.sportscardspro.com/game/baseball-cards-2022-bowman-chrome-prospect-autographs/sebastian-espino-cpa-se,
Silas Ardoin,686976,2022,draft,hitter,bowman_1st_base,,,https://www.sportscardspro.com/game/baseball-cards-2022-bowman-draft-chrome-autographs/silas-ardoin-cda-sa,
Simon Juan,703159,2022,chrome,hitter,bowman_1st_base,baseball-cards-2022-bowman-chrome-prospects,https://www.sportscardspro.com/game/baseball-cards-2022-bowman-chrome-prospects/simon-juan-bcp-170,https://www.sportscardspro.com/game/baseball-cards-2022-bowman-chrome-prospect-autographs/simon-juan-cpa-sj,
Sonny DiChiara,800685,2022,draft,hitter,bowman_1st_base,baseball-cards-2022-bowman-draft-chrome,https://www.sportscardspro.com/game/baseball-cards-2022-bowman-draft-chrome/sonny-dichiara-bdc-16,https://www.sportscardspro.com/game/baseball-cards-2022-bowman-draft-chrome-autographs/sonny-dichiara-cda-sd,
Steven Zobac,686632,2022,draft,pitcher,bowman_1st_base,baseball-cards-2022-bowman-draft-chrome,https://www.sportscardspro.com/game/baseball-cards-2022-bowman-draft-chrome/steven-zobac-bdc-101,https://www.sportscardspro.com/game/baseball-cards-2022-bowman-draft-chrome-autographs/steven-zobac-cda-sz,
Tanner Schobel,802355,2022,draft,hitter,bowman_1st_base,baseball-cards-2022-bowman-draft-chrome,https://www.sportscardspro.com/game/baseball-cards-2022-bowman-draft-chrome/tanner-schobel-bdc-28,https://www.sportscardspro.com/game/baseball-cards-2022-bowman-draft-chrome-autographs/tanner-schobel-cda-tsl,
Termarr Johnson,702261,2022,draft,hitter,bowman_1st_base,baseball-cards-2022-bowman-draft-chrome,https://www.sportscardspro.com/game/baseball-cards-2022-bowman-draft-chrome/termarr-johnson-bdc-130,https://www.sportscardspro.com/game/baseball-cards-2022-bowman-draft-chrome-autographs/termarr-johnson-cda-tj,
Thomas Farr,686671,2022,chrome,pitcher,bowman_1st_base,,,https://www.sportscardspro.com/game/baseball-cards-2022-bowman-chrome-prospect-autographs/thomas-farr-cpa-tf,
Tres Gonzalez,687206,2022,draft,hitter,bowman_1st_base,baseball-cards-2022-bowman-draft-chrome,https://www.sportscardspro.com/game/baseball-cards-2022-bowman-draft-chrome/tres-gonzalez-bdc-157,https://www.sportscardspro.com/game/baseball-cards-2022-bowman-draft-chrome-autographs/tres-gonzalez-cda-tg,
Tucker Toman,702283,2022,draft,hitter,bowman_1st_base,,,https://www.sportscardspro.com/game/baseball-cards-2022-bowman-draft-chrome-autographs/tucker-toman-cda-tt,
Tyler Hardman,676205,2022,chrome,hitter,bowman_1st_base,,,https://www.sportscardspro.com/game/baseball-cards-2022-bowman-chrome-prospect-autographs/tyler-hardman-cpa-th,
Tyler Stuart,701603,2022,draft,pitcher,bowman_1st_base,,,https://www.sportscardspro.com/game/baseball-cards-2022-bowman-draft-chrome-autographs/tyler-stuart-cda-tst,
Tyler Whitaker,696264,2022,chrome,hitter,bowman_1st_base,,,https://www.sportscardspro.com/game/baseball-cards-2022-bowman-chrome-prospect-autographs/tyler-whitaker-cpa-tw,
Victor Labrada,700032,2022,chrome,hitter,bowman_1st_base,baseball-cards-2022-bowman-chrome-prospects,https://www.sportscardspro.com/game/baseball-cards-2022-bowman-chrome-prospects/victor-labrada-bcp-150,https://www.sportscardspro.com/game/baseball-cards-2022-bowman-chrome-prospect-autographs/victor-labrada-cpa-vl,
Victor Lizarraga,694205,2022,chrome,pitcher,bowman_1st_base,baseball-cards-2022-bowman-chrome-prospects,https://www.sportscardspro.com/game/baseball-cards-2022-bowman-chrome-prospects/victor-lizarraga-bcp-127,https://www.sportscardspro.com/game/baseball-cards-2022-bowman-chrome-prospect-autographs/victor-lizarraga-cpa-vla,
Victor Mesia,692503,2022,chrome,hitter,bowman_1st_base,,,https://www.sportscardspro.com/game/baseball-cards-2022-bowman-chrome-prospect-autographs/victor-mesia-cpa-vm,
Walter Ford,703609,2022,draft,pitcher,bowman_1st_base,baseball-cards-2022-bowman-draft-chrome,https://www.sportscardspro.com/game/baseball-cards-2022-bowman-draft-chrome/walter-ford-bdc-187,https://www.sportscardspro.com/game/baseball-cards-2022-bowman-draft-chrome-autographs/walter-ford-cda-wfd,
Wilfred Veras,691442,2022,chrome,hitter,bowman_1st_base,baseball-cards-2022-bowman-chrome-prospects,https://www.sportscardspro.com/game/baseball-cards-2022-bowman-chrome-prospects/wilfred-veras-bcp-183,https://www.sportscardspro.com/game/baseball-cards-2022-bowman-chrome-prospect-autographs/wilfred-veras-cpa-wv,
Willy Fanas,694217,2022,chrome,hitter,bowman_1st_base,baseball-cards-2022-bowman-chrome-prospects,https://www.sportscardspro.com/game/baseball-cards-2022-bowman-chrome-prospects/willy-fanas-bcp-196,https://www.sportscardspro.com/game/baseball-cards-2022-bowman-chrome-prospect-autographs/willy-fanas-cpa-wf,
Willy Vasquez,691938,2022,chrome,hitter,bowman_1st_base,baseball-cards-2022-bowman-chrome-prospects,https://www.sportscardspro.com/game/baseball-cards-2022-bowman-chrome-prospects/willy-vasquez-bcp-195,https://www.sportscardspro.com/game/baseball-cards-2022-bowman-chrome-prospect-autographs/willy-vasquez-cpa-wvz,
Wilmin Candelario,682889,2022,chrome,hitter,bowman_1st_base,,,https://www.sportscardspro.com/game/baseball-cards-2022-bowman-chrome-prospect-autographs/wilmin-candelario-cpa-wc,
Yan Contreras,687073,2022,chrome,hitter,bowman_1st_base,,,https://www.sportscardspro.com/game/baseball-cards-2022-bowman-chrome-prospect-autographs/yan-contreras-cpa-yc,
Yasser Mercedes,703160,2022,chrome,hitter,bowman_1st_base,baseball-cards-2022-bowman-chrome-prospects,https://www.sportscardspro.com/game/baseball-cards-2022-bowman-chrome-prospects/yasser-mercedes-bcp-171,https://www.sportscardspro.com/game/baseball-cards-2022-bowman-chrome-prospect-autographs/yasser-mercedes-cpa-yms,
Yeison Morrobel,694218,2022,chrome,hitter,bowman_1st_base,baseball-cards-2022-bowman-chrome-prospects,https://www.sportscardspro.com/game/baseball-cards-2022-bowman-chrome-prospects/yeison-morrobel-bcp-200,https://www.sportscardspro.com/game/baseball-cards-2022-bowman-chrome-prospect-autographs/yeison-morrobel-cpa-yml,
Yeison Santana,678220,2022,chrome,hitter,bowman_1st_base,,,https://www.sportscardspro.com/game/baseball-cards-2022-bowman-chrome-prospect-autographs/yeison-santana-cpa-ys,
Yendry Rojas,703180,2022,chrome,hitter,bowman_1st_base,baseball-cards-2022-bowman-chrome-prospects,https://www.sportscardspro.com/game/baseball-cards-2022-bowman-chrome-prospects/yendry-rojas-bcp-178,https://www.sportscardspro.com/game/baseball-cards-2022-bowman-chrome-prospect-autographs/yendry-rojas-cpa-yr,
Yerlin Confidan,691398,2022,chrome,hitter,bowman_1st_base,baseball-cards-2022-bowman-chrome-prospects,https://www.sportscardspro.com/game/baseball-cards-2022-bowman-chrome-prospects/yerlin-confidan-bcp-187,https://www.sportscardspro.com/game/baseball-cards-2022-bowman-chrome-prospect-autographs/yerlin-confidan-cpa-yc,
Yhoswar Garcia,694070,2022,chrome,hitter,bowman_1st_base,baseball-cards-2022-bowman-chrome-prospects,https://www.sportscardspro.com/game/baseball-cards-2022-bowman-chrome-prospects/yhoswar-garcia-bcp-215,https://www.sportscardspro.com/game/baseball-cards-2022-bowman-chrome-prospect-autographs/yhoswar-garcia-cpa-yg,
Yordany De Los Santos,703154,2022,chrome,hitter,bowman_1st_base,baseball-cards-2022-bowman-chrome-prospects,https://www.sportscardspro.com/game/baseball-cards-2022-bowman-chrome-prospects/yordany-de-los-santos-bcp-166,https://www.sportscardspro.com/game/baseball-cards-2022-bowman-chrome-prospect-autographs/yordany-de-los-santos-cpa-yd,
Zion Bannister,691968,2022,chrome,hitter,bowman_1st_base,,,https://www.sportscardspro.com/game/baseball-cards-2022-bowman-chrome-prospect-autographs/zion-bannister-cpa-zb,
AJ Ewing,805999,2023,draft,hitter,bowman_1st_base,baseball-cards-2023-bowman-draft-chrome,https://www.sportscardspro.com/game/baseball-cards-2023-bowman-draft-chrome/aj-ewing-bdc-152,https://www.sportscardspro.com/game/baseball-cards-2023-bowman-draft-chrome-prospect-autographs/aj-ewing-cda-ae,
Abel Bastidas,694201,2023,chrome,hitter,bowman_1st_base,baseball-cards-2023-bowman-chrome-prospects,https://www.sportscardspro.com/game/baseball-cards-2023-bowman-chrome-prospects/abel-bastidas-bcp-113,https://www.sportscardspro.com/game/baseball-cards-2023-bowman-chrome-prospect-autographs/abel-bastidas-cpa-ab,
Adam Crampton,686956,2023,chrome,hitter,bowman_1st_base,,,https://www.sportscardspro.com/game/baseball-cards-2023-bowman-chrome-prospect-autographs/adam-crampton-cpa-can,
Adan Sanchez,703199,2023,chrome,hitter,bowman_1st_base,baseball-cards-2023-bowman-chrome-prospects,https://www.sportscardspro.com/game/baseball-cards-2023-bowman-chrome-prospects/adan-sanchez-bcp-219,https://www.sportscardspro.com/game/baseball-cards-2023-bowman-chrome-prospect-autographs/adan-sanchez-cpa-asa,
Adrian Pinto,691437,2023,chrome,hitter,bowman_1st_base,baseball-cards-2023-bowman-chrome-prospects,https://www.sportscardspro.com/game/baseball-cards-2023-bowman-chrome-prospects/adrian-pinto-bcp-250,https://www.sportscardspro.com/game/baseball-cards-2023-bowman-chrome-prospect-autographs/adrian-pinto-cpa-api,
Adrian Santana,803745,2023,draft,hitter,bowman_1st_base,baseball-cards-2023-bowman-draft-chrome,https://www.sportscardspro.com/game/baseball-cards-2023-bowman-draft-chrome/adrian-santana-bdc-130,https://www.sportscardspro.com/game/baseball-cards-2023-bowman-draft-chrome-prospect-autographs/adrian-santana-cda-as,
Alberto Rios,814362,2023,draft,hitter,bowman_1st_base,baseball-cards-2023-bowman-draft-chrome,https://www.sportscardspro.com/game/baseball-cards-2023-bowman-draft-chrome/alberto-rios-bdc-168,https://www.sportscardspro.com/game/baseball-cards-2023-bowman-draft-chrome-prospect-autographs/alberto-rios-cda-ar,
Alex Clemmey,806046,2023,draft,pitcher,bowman_1st_base,baseball-cards-2023-bowman-draft-chrome,https://www.sportscardspro.com/game/baseball-cards-2023-bowman-draft-chrome/alex-clemmey-bdc-79,https://www.sportscardspro.com/game/baseball-cards-2023-bowman-draft-chrome-prospect-autographs/alex-clemmey-cda-ac,
Alfredo Duno,806957,2023,chrome,hitter,bowman_1st_base,baseball-cards-2023-bowman-chrome-prospects,https://www.sportscardspro.com/game/baseball-cards-2023-bowman-chrome-prospects/alfredo-duno-bcp-238,https://www.sportscardspro.com/game/baseball-cards-2023-bowman-chrome-prospect-autographs/alfredo-duno-cpa-adu,
Ambioris Tavarez,694222,2023,chrome,hitter,bowman_1st_base,baseball-cards-2023-bowman-chrome-prospects,https://www.sportscardspro.com/game/baseball-cards-2023-bowman-chrome-prospects/ambioris-tavarez-bcp-33,https://www.sportscardspro.com/game/baseball-cards-2023-bowman-chrome-prospect-autographs/ambioris-tavarez-cpa-at,
Anderson De Los Santos,698945,2023,chrome,hitter,bowman_1st_base,baseball-cards-2023-bowman-chrome-prospects,https://www.sportscardspro.com/game/baseball-cards-2023-bowman-chrome-prospects/anderson-de-los-santos-bcp-207,https://www.sportscardspro.com/game/baseball-cards-2023-bowman-chrome-prospect-autographs/anderson-de-los-santos-cpa-ads,
Andy Perez,700321,2023,chrome,hitter,bowman_1st_base,,,https://www.sportscardspro.com/game/baseball-cards-2023-bowman-chrome-prospect-autographs/andy-perez-cpa-apz,
Antony Peguero,803433,2023,chrome,hitter,bowman_1st_base,baseball-cards-2023-bowman-chrome-prospects,https://www.sportscardspro.com/game/baseball-cards-2023-bowman-chrome-prospects/antony-peguero-bcp-62,https://www.sportscardspro.com/game/baseball-cards-2023-bowman-chrome-prospect-autographs/antony-peguero-cpa-ap,
Ariel Almonte,694200,2023,chrome,hitter,bowman_1st_base,baseball-cards-2023-bowman-chrome-prospects,https://www.sportscardspro.com/game/baseball-cards-2023-bowman-chrome-prospects/ariel-almonte-bcp-78,https://www.sportscardspro.com/game/baseball-cards-2023-bowman-chrome-prospect-autographs/ariel-almonte-cpa-aa,
Ariel Castro,806966,2023,chrome,hitter,bowman_1st_base,baseball-cards-2023-bowman-chrome-prospects,https://www.sportscardspro.com/game/baseball-cards-2023-bowman-chrome-prospects/ariel-castro-bcp-203,https://www.sportscardspro.com/game/baseball-cards-2023-bowman-chrome-prospect-autographs/ariel-castro-cpa-ac,
Austin Charles,800051,2023,chrome,hitter,bowman_1st_base,baseball-cards-2023-bowman-chrome-prospects,https://www.sportscardspro.com/game/baseball-cards-2023-bowman-chrome-prospects/austin-charles-bcp-17,https://www.sportscardspro.com/game/baseball-cards-2023-bowman-chrome-prospect-autographs/austin-charles-cpa-ac,
Austin Troesser,809340,2023,draft,pitcher,bowman_1st_base,baseball-cards-2023-bowman-draft-chrome,https://www.sportscardspro.com/game/baseball-cards-2023-bowman-draft-chrome/austin-troesser-bdc-176,https://www.sportscardspro.com/game/baseball-cards-2023-bowman-draft-chrome-prospect-autographs/austin-troesser-cda-atr,
Axel Sanchez,692046,2023,chrome,hitter,bowman_1st_base,baseball-cards-2023-bowman-chrome-prospects,https://www.sportscardspro.com/game/baseball-cards-2023-bowman-chrome-prospects/axel-sanchez-bcp-73,https://www.sportscardspro.com/game/baseball-cards-2023-bowman-chrome-prospect-autographs/axel-sanchez-cpa-as,
Axiel Plaz,800208,2023,chrome,hitter,bowman_1st_base,baseball-cards-2023-bowman-chrome-prospects,https://www.sportscardspro.com/game/baseball-cards-2023-bowman-chrome-prospects/axiel-plaz-bcp-208,https://www.sportscardspro.com/game/baseball-cards-2023-bowman-chrome-prospect-autographs/axiel-plaz-cpa-apl,
Ben Metzinger,690902,2023,chrome,hitter,bowman_1st_base,,,https://www.sportscardspro.com/game/baseball-cards-2023-bowman-chrome-prospect-autographs/ben-metzinger-cpa-bm,
Bjay Cooke,805737,2023,chrome,pitcher,bowman_1st_base,,,https://www.sportscardspro.com/game/baseball-cards-2023-bowman-chrome-prospect-autographs/bjay-cooke-cpa-bce,
Bladimir Restituyo,678837,2023,chrome,hitter,bowman_1st_base,baseball-cards-2023-bowman-chrome-prospects,https://www.sportscardspro.com/game/baseball-cards-2023-bowman-chrome-prospects/bladimir-restituyo-bcp-234,https://www.sportscardspro.com/game/baseball-cards-2023-bowman-chrome-prospect-autographs/bladimir-restituyo-cpa-br,
Blake Mitchell,805810,2023,draft,hitter,bowman_1st_base,baseball-cards-2023-bowman-draft-chrome,https://www.sportscardspro.com/game/baseball-cards-2023-bowman-draft-chrome/blake-mitchell-bdc-133,https://www.sportscardspro.com/game/baseball-cards-2023-bowman-draft-chrome-prospect-autographs/blake-mitchell-cda-bmi,
Brailer Guerrero,806967,2023,chrome,hitter,bowman_1st_base,baseball-cards-2023-bowman-chrome-prospects,https://www.sportscardspro.com/game/baseball-cards-2023-bowman-chrome-prospects/brailer-guerrero-bcp-240,https://www.sportscardspro.com/game/baseball-cards-2023-bowman-chrome-prospect-autographs/brailer-guerrero-cpa-bg,
Brandon Winokur,806263,2023,draft,hitter,bowman_1st_base,baseball-cards-2023-bowman-draft-chrome,https://www.sportscardspro.com/game/baseball-cards-2023-bowman-draft-chrome/brandon-winokur-bdc-69,https://www.sportscardspro.com/game/baseball-cards-2023-bowman-draft-chrome-prospect-autographs/brandon-winokur-cda-bwn,
Brayden Taylor,694966,2023,draft,hitter,bowman_1st_base,baseball-cards-2023-bowman-draft-chrome,https://www.sportscardspro.com/game/baseball-cards-2023-bowman-draft-chrome/brayden-taylor-bdc-60,https://www.sportscardspro.com/game/baseball-cards-2023-bowman-draft-chrome-prospect-autographs/brayden-taylor-cda-bt,
Braylin Tavera,703178,2023,chrome,hitter,bowman_1st_base,,,https://www.sportscardspro.com/game/baseball-cards-2023-bowman-chrome-prospect-autographs/braylin-tavera-cpa-bt,
Braylon Bishop,691770,2023,chrome,hitter,bowman_1st_base,baseball-cards-2023-bowman-chrome-prospects,https://www.sportscardspro.com/game/baseball-cards-2023-bowman-chrome-prospects/braylon-bishop-bcp-90,https://www.sportscardspro.com/game/baseball-cards-2023-bowman-chrome-prospect-autographs/braylon-bishop-cpa-bb,
Brennan Milone,686810,2023,chrome,hitter,bowman_1st_base,,,https://www.sportscardspro.com/game/baseball-cards-2023-bowman-chrome-prospect-autographs/brennan-milone-cpa-bme,
Brock Jones,677342,2023,chrome,hitter,bowman_1st_base,baseball-cards-2023-bowman-chrome-prospects,https://www.sportscardspro.com/game/baseball-cards-2023-bowman-chrome-prospects/brock-jones-bcp-115,https://www.sportscardspro.com/game/baseball-cards-2023-bowman-chrome-prospect-autographs/brock-jones-cpa-bj,
Brock Vradenburg,802544,2023,draft,hitter,bowman_1st_base,baseball-cards-2023-bowman-draft-chrome,https://www.sportscardspro.com/game/baseball-cards-2023-bowman-draft-chrome/brock-vradenburg-bdc-44,https://www.sportscardspro.com/game/baseball-cards-2023-bowman-draft-chrome-prospect-autographs/brock-vradenburg-cda-bv,
Bryan Rincon,804858,2023,chrome,hitter,bowman_1st_base,,,https://www.sportscardspro.com/game/baseball-cards-2023-bowman-chrome-prospect-autographs/bryan-rincon-cpa-brn,
Bryant Betancourt,700164,2023,chrome,hitter,bowman_1st_base,,,https://www.sportscardspro.com/game/baseball-cards-2023-bowman-chrome-prospect-autographs/bryant-betancourt-cpa-bb,
Cade Denton,814106,2023,draft,pitcher,bowman_1st_base,baseball-cards-2023-bowman-draft-chrome,https://www.sportscardspro.com/game/baseball-cards-2023-bowman-draft-chrome/cade-denton-bdc-22,https://www.sportscardspro.com/game/baseball-cards-2023-bowman-draft-chrome-prospect-autographs/cade-denton-cda-cde,
Cade Hunter,687192,2023,chrome,hitter,bowman_1st_base,,,https://www.sportscardspro.com/game/baseball-cards-2023-bowman-chrome-prospect-autographs/cade-hunter-cpa-ch,
Cade Kuehler,805780,2023,draft,pitcher,bowman_1st_base,baseball-cards-2023-bowman-draft-chrome,https://www.sportscardspro.com/game/baseball-cards-2023-bowman-draft-chrome/cade-kuehler-bdc-21,https://www.sportscardspro.com/game/baseball-cards-2023-bowman-draft-chrome-prospect-autographs/cade-kuehler-cda-ck,
Calvin Harris,691941,2023,draft,hitter,bowman_1st_base,,,https://www.sportscardspro.com/game/baseball-cards-2023-bowman-draft-chrome-prospect-autographs/calvin-harris-cda-cha,
Cam Collier,702253,2023,chrome,hitter,bowman_1st_base,baseball-cards-2023-bowman-chrome-prospects,https://www.sportscardspro.com/game/baseball-cards-2023-bowman-chrome-prospects/cam-collier-bcp-125,https://www.sportscardspro.com/game/baseball-cards-2023-bowman-chrome-prospect-autographs/cam-collier-cpa-cc,
Cam Fisher,801176,2023,draft,hitter,bowman_1st_base,baseball-cards-2023-bowman-draft-chrome,https://www.sportscardspro.com/game/baseball-cards-2023-bowman-draft-chrome/cam-fisher-bdc-35,https://www.sportscardspro.com/game/baseball-cards-2023-bowman-draft-chrome-prospect-autographs/cam-fisher-cda-cfi,
Camilo Diaz,806969,2023,chrome,hitter,bowman_1st_base,baseball-cards-2023-bowman-chrome-prospects,https://www.sportscardspro.com/game/baseball-cards-2023-bowman-chrome-prospects/camilo-diaz-bcp-186,https://www.sportscardspro.com/game/baseball-cards-2023-bowman-chrome-prospect-autographs/camilo-diaz-cpa-cd,
Carlos De La Cruz,678926,2023,chrome,hitter,bowman_1st_base,,,https://www.sportscardspro.com/game/baseball-cards-2023-bowman-chrome-prospect-autographs/carlos-de-la-cruz-cpa-cdc,
Carson Roccaforte,811287,2023,draft,hitter,bowman_1st_base,baseball-cards-2023-bowman-draft-chrome,https://www.sportscardspro.com/game/baseball-cards-2023-bowman-draft-chrome/carson-roccaforte-bdc-140,https://www.sportscardspro.com/game/baseball-cards-2023-bowman-draft-chrome-prospect-autographs/carson-roccaforte-cda-cr,
Charlee Soto,805792,2023,draft,pitcher,bowman_1st_base,baseball-cards-2023-bowman-draft-chrome,https://www.sportscardspro.com/game/baseball-cards-2023-bowman-draft-chrome/charlee-soto-bdc-9,https://www.sportscardspro.com/game/baseball-cards-2023-bowman-draft-chrome-prospect-autographs/charlee-soto-cda-cs,
Chase Davis,690971,2023,draft,hitter,bowman_1st_base,baseball-cards-2023-bowman-draft-chrome,https://www.sportscardspro.com/game/baseball-cards-2023-bowman-draft-chrome/chase-davis-bdc-48,https://www.sportscardspro.com/game/baseball-cards-2023-bowman-draft-chrome-prospect-autographs/chase-davis-cda-cd,
Chase Estep,686634,2023,chrome,hitter,bowman_1st_base,,,https://www.sportscardspro.com/game/baseball-cards-2023-bowman-chrome-prospect-autographs/chase-estep-cpa-ce,
Chris Newell,683006,2023,chrome,hitter,bowman_1st_base,,,https://www.sportscardspro.com/game/baseball-cards-2023-bowman-chrome-prospect-autographs/chris-newell-cpa-cn,
Christian Cerda,692416,2023,chrome,hitter,bowman_1st_base,baseball-cards-2023-bowman-chrome-prospects,https://www.sportscardspro.com/game/baseball-cards-2023-bowman-chrome-prospects/christian-cerda-bcp-56,https://www.sportscardspro.com/game/baseball-cards-2023-bowman-chrome-prospect-autographs/christian-cerda-cpa-cce,
Christian Knapczyk,694387,2023,draft,hitter,bowman_1st_base,baseball-cards-2023-bowman-draft-chrome,https://www.sportscardspro.com/game/baseball-cards-2023-bowman-draft-chrome/christian-knapczyk-bdc-180,https://www.sportscardspro.com/game/baseball-cards-2023-bowman-draft-chrome-prospect-autographs/christian-knapczyk-cda-ckn,
Clark Elliott,686499,2023,chrome,hitter,bowman_1st_base,,,https://www.sportscardspro.com/game/baseball-cards-2023-bowman-chrome-prospect-autographs/clark-elliott-cpa-cel,
Cole Foster,694369,2023,draft,hitter,bowman_1st_base,baseball-cards-2023-bowman-draft-chrome,https://www.sportscardspro.com/game/baseball-cards-2023-bowman-draft-chrome/cole-foster-bdc-128,https://www.sportscardspro.com/game/baseball-cards-2023-bowman-draft-chrome-prospect-autographs/cole-foster-cda-cf,
Cole Miller,800612,2023,draft,pitcher,bowman_1st_base,baseball-cards-2023-bowman-draft-chrome,https://www.sportscardspro.com/game/baseball-cards-2023-bowman-draft-chrome/cole-miller-bdc-51,https://www.sportscardspro.com/game/baseball-cards-2023-bowman-draft-chrome-prospect-autographs/cole-miller-cda-cmi,
Colin Houck,806124,2023,draft,hitter,bowman_1st_base,baseball-cards-2023-bowman-draft-chrome,https://www.sportscardspro.com/game/baseball-cards-2023-bowman-draft-chrome/colin-houck-bdc-175,https://www.sportscardspro.com/game/baseball-cards-2023-bowman-draft-chrome-prospect-autographs/colin-houck-cda-ch,
Colin Peluse,668761,2023,chrome,pitcher,bowman_1st_base,,,https://www.sportscardspro.com/game/baseball-cards-2023-bowman-chrome-prospect-autographs/colin-peluse-cpa-cpe,
Colton Ledbetter,807742,2023,draft,hitter,bowman_1st_base,baseball-cards-2023-bowman-draft-chrome,https://www.sportscardspro.com/game/baseball-cards-2023-bowman-draft-chrome/colton-ledbetter-bdc-34,https://www.sportscardspro.com/game/baseball-cards-2023-bowman-draft-chrome-prospect-autographs/colton-ledbetter-cda-cl,
Connor Burns,694829,2023,draft,hitter,bowman_1st_base,baseball-cards-2023-bowman-draft-chrome,https://www.sportscardspro.com/game/baseball-cards-2023-bowman-draft-chrome/connor-burns-bdc-159,https://www.sportscardspro.com/game/baseball-cards-2023-bowman-draft-chrome-prospect-autographs/connor-burns-cda-cb,
Connor Staine,688422,2023,chrome,pitcher,bowman_1st_base,,,https://www.sportscardspro.com/game/baseball-cards-2023-bowman-chrome-prospect-autographs/connor-staine-cpa-cse,
Cristofer Torin,800198,2023,chrome,hitter,bowman_1st_base,baseball-cards-2023-bowman-chrome-prospects,https://www.sportscardspro.com/game/baseball-cards-2023-bowman-chrome-prospects/cristofer-torin-bcp-204,https://www.sportscardspro.com/game/baseball-cards-2023-bowman-chrome-prospect-autographs/cristofer-torin-cpa-ct,
Daiverson Gutierrez,806987,2023,chrome,hitter,bowman_1st_base,baseball-cards-2023-bowman-chrome-prospects,https://www.sportscardspro.com/game/baseball-cards-2023-bowman-chrome-prospects/daiverson-gutierrez-bcp-154,https://www.sportscardspro.com/game/baseball-cards-2023-bowman-chrome-prospect-autographs/daiverson-gutierrez-cpa-dg,
Damon Keith,701618,2023,chrome,hitter,bowman_1st_base,,,https://www.sportscardspro.com/game/baseball-cards-2023-bowman-chrome-prospect-autographs/damon-keith-cpa-dk,
Dangelo Sarmiento,800289,2023,chrome,hitter,bowman_1st_base,baseball-cards-2023-bowman-chrome-prospects,https://www.sportscardspro.com/game/baseball-cards-2023-bowman-chrome-prospects/dangelo-sarmiento-bcp-161,https://www.sportscardspro.com/game/baseball-cards-2023-bowman-chrome-prospect-autographs/dangelo-sarmiento-cpa-dsa,
Daniel Guilarte,694206,2023,chrome,hitter,bowman_1st_base,baseball-cards-2023-bowman-chrome-prospects,https://www.sportscardspro.com/game/baseball-cards-2023-bowman-chrome-prospects/daniel-guilarte-bcp-21,https://www.sportscardspro.com/game/baseball-cards-2023-bowman-chrome-prospect-autographs/daniel-guilarte-cpa-dge,
Daniel Mateo,686863,2023,chrome,hitter,bowman_1st_base,,,https://www.sportscardspro.com/game/baseball-cards-2023-bowman-chrome-prospect-autographs/daniel-mateo-cpa-dmo,
Daniel Montesino,694220,2023,chrome,hitter,bowman_1st_base,baseball-cards-2023-bowman-chrome-prospects,https://www.sportscardspro.com/game/baseball-cards-2023-bowman-chrome-prospects/daniel-montesino-bcp-114,https://www.sportscardspro.com/game/baseball-cards-2023-bowman-chrome-prospect-autographs/daniel-montesino-cpa-dm,
Danny Serretti,681400,2023,chrome,hitter,bowman_1st_base,,,https://www.sportscardspro.com/game/baseball-cards-2023-bowman-chrome-prospect-autographs/danny-serretti-cpa-dsi,
Dario Borrero,700020,2023,chrome,hitter,bowman_1st_base,,,https://www.sportscardspro.com/game/baseball-cards-2023-bowman-chrome-prospect-autographs/dario-borrero-cpa-dbo,
Dario Laverde,800188,2023,chrome,hitter,bowman_1st_base,,,https://www.sportscardspro.com/game/baseball-cards-2023-bowman-chrome-prospect-autographs/dario-laverde-cpa-dl,
Dayan Frias,682679,2023,chrome,hitter,bowman_1st_base,baseball-cards-2023-bowman-chrome-prospects,https://www.sportscardspro.com/game/baseball-cards-2023-bowman-chrome-prospects/dayan-frias-bcp-26,https://www.sportscardspro.com/game/baseball-cards-2023-bowman-chrome-prospect-autographs/dayan-frias-cpa-df,
Demetrio Crisantes,702679,2023,chrome,hitter,bowman_1st_base,,,https://www.sportscardspro.com/game/baseball-cards-2023-bowman-chrome-prospect-autographs/demetrio-crisantes-cpa-dcs,
Derniche Valdez,806961,2023,chrome,hitter,bowman_1st_base,baseball-cards-2023-bowman-chrome-prospects,https://www.sportscardspro.com/game/baseball-cards-2023-bowman-chrome-prospects/derniche-valdez-bcp-231,https://www.sportscardspro.com/game/baseball-cards-2023-bowman-chrome-prospect-autographs/derniche-valdez-cpa-dv,
Devin Saltiban,813880,2023,draft,hitter,bowman_1st_base,baseball-cards-2023-bowman-draft-chrome,https://www.sportscardspro.com/game/baseball-cards-2023-bowman-draft-chrome/devin-saltiban-bdc-2,https://www.sportscardspro.com/game/baseball-cards-2023-bowman-draft-chrome-prospect-autographs/devin-saltiban-cda-ds,
Diego Hernandez,678746,2023,chrome,hitter,bowman_1st_base,,,https://www.sportscardspro.com/game/baseball-cards-2023-bowman-chrome-prospect-autographs/diego-hernandez-cpa-dh,
Diego Mosquera,699305,2023,chrome,hitter,bowman_1st_base,,,https://www.sportscardspro.com/game/baseball-cards-2023-bowman-chrome-prospect-autographs/diego-mosquera-cpa-dm,
Dillon Head,702977,2023,draft,hitter,bowman_1st_base,baseball-cards-2023-bowman-draft-chrome,https://www.sportscardspro.com/game/baseball-cards-2023-bowman-draft-chrome/dillon-head-bdc-7,https://www.sportscardspro.com/game/baseball-cards-2023-bowman-draft-chrome-prospect-autographs/dillon-head-cda-dhe,
Drue Hackenberg,802357,2023,draft,pitcher,bowman_1st_base,baseball-cards-2023-bowman-draft-chrome,https://www.sportscardspro.com/game/baseball-cards-2023-bowman-draft-chrome/drue-hackenberg-bdc-38,https://www.sportscardspro.com/game/baseball-cards-2023-bowman-draft-chrome-prospect-autographs/drue-hackenberg-cda-dh,
Druw Jones,702258,2023,chrome,hitter,bowman_1st_base,baseball-cards-2023-bowman-chrome-prospects,https://www.sportscardspro.com/game/baseball-cards-2023-bowman-chrome-prospects/druw-jones-bcp-25,https://www.sportscardspro.com/game/baseball-cards-2023-bowman-chrome-prospect-autographs/druw-jones-cpa-dj,
Dyan Jorge,694170,2023,chrome,hitter,bowman_1st_base,baseball-cards-2023-bowman-chrome-prospects,https://www.sportscardspro.com/game/baseball-cards-2023-bowman-chrome-prospects/dyan-jorge-bcp-22,https://www.sportscardspro.com/game/baseball-cards-2023-bowman-chrome-prospect-autographs/dyan-jorge-cpa-djg,
Dylan Campbell,694749,2023,draft,hitter,bowman_1st_base,baseball-cards-2023-bowman-draft-chrome,https://www.sportscardspro.com/game/baseball-cards-2023-bowman-draft-chrome/dylan-campbell-bdc-181,https://www.sportscardspro.com/game/baseball-cards-2023-bowman-draft-chrome-prospect-autographs/dylan-campbell-cda-dca,
Dylan O'Rae,802506,2023,chrome,hitter,bowman_1st_base,baseball-cards-2023-bowman-chrome-prospects,https://www.sportscardspro.com/game/baseball-cards-2023-bowman-chrome-prospects/dylan-o%27rae-bcp-143,https://www.sportscardspro.com/game/baseball-cards-2023-bowman-chrome-prospect-autographs/dylan-o%27rae-cpa-do,
Eddy Beltre,699133,2023,chrome,hitter,bowman_1st_base,,,https://www.sportscardspro.com/game/baseball-cards-2023-bowman-chrome-prospect-autographs/eddy-beltre-cpa-eb,
Elian Soto,808279,2023,draft,hitter,bowman_1st_base,baseball-cards-2023-bowman-chrome-prospects,https://www.sportscardspro.com/game/baseball-cards-2023-bowman-chrome-prospects/elian-soto-bcp-177,https://www.sportscardspro.com/game/baseball-cards-2023-bowman-draft-chrome-prospect-autographs/elian-soto-cpa-es,
Emaarion Boyd,702708,2023,chrome,hitter,bowman_1st_base,baseball-cards-2023-bowman-chrome-prospects,https://www.sportscardspro.com/game/baseball-cards-2023-bowman-chrome-prospects/emaarion-boyd-bcp-128,https://www.sportscardspro.com/game/baseball-cards-2023-bowman-chrome-prospect-autographs/emaarion-boyd-cpa-eb,
Enmanuel Bonilla,806962,2023,chrome,hitter,bowman_1st_base,baseball-cards-2023-bowman-chrome-prospects,https://www.sportscardspro.com/game/baseball-cards-2023-bowman-chrome-prospects/enmanuel-bonilla-bcp-163,https://www.sportscardspro.com/game/baseball-cards-2023-bowman-chrome-prospect-autographs/enmanuel-bonilla-cpa-ebo,
Enmanuel Terrero,691927,2023,chrome,hitter,bowman_1st_base,,,https://www.sportscardspro.com/game/baseball-cards-2023-bowman-chrome-prospect-autographs/enmanuel-terrero-cpa-eto,
Enrique Bradfield Jr.,690961,2023,draft,hitter,bowman_1st_base,baseball-cards-2023-bowman-draft-chrome,https://www.sportscardspro.com/game/baseball-cards-2023-bowman-draft-chrome/enrique-bradfield-jr-bdc-188,https://www.sportscardspro.com/game/baseball-cards-2023-bowman-draft-chrome-prospect-autographs/enrique-bradfield-jr-cda-ebr,
Eric Bitonti,800724,2023,draft,hitter,bowman_1st_base,baseball-cards-2023-bowman-draft-chrome,https://www.sportscardspro.com/game/baseball-cards-2023-bowman-draft-chrome/eric-bitonti-bdc-134,https://www.sportscardspro.com/game/baseball-cards-2023-bowman-draft-chrome-prospect-autographs/eric-bitonti-cda-eb,
Ethan O'Donnell,807751,2023,draft,hitter,bowman_1st_base,baseball-cards-2023-bowman-draft-chrome,https://www.sportscardspro.com/game/baseball-cards-2023-bowman-draft-chrome/ethan-o%27donnell-bdc-56,https://www.sportscardspro.com/game/baseball-cards-2023-bowman-draft-chrome-prospect-autographs/ethan-o%27donnell-cda-eod,
Everett Cooper III,702686,2023,chrome,hitter,bowman_1st_base,,,https://www.sportscardspro.com/game/baseball-cards-2023-bowman-chrome-prospect-autographs/everett-cooper-iii-cpa-ec,
Felnin Celesten,806958,2023,chrome,hitter,bowman_1st_base,baseball-cards-2023-bowman-chrome-prospects,https://www.sportscardspro.com/game/baseball-cards-2023-bowman-chrome-prospects/felnin-celesten-bcp-156,https://www.sportscardspro.com/game/baseball-cards-2023-bowman-chrome-prospect-autographs/felnin-celesten-cpa-fc,
Frederick Bencosme,695930,2023,chrome,hitter,bowman_1st_base,baseball-cards-2023-bowman-chrome-prospects,https://www.sportscardspro.com/game/baseball-cards-2023-bowman-chrome-prospects/frederick-bencosme-bcp-35,https://www.sportscardspro.com/game/baseball-cards-2023-bowman-chrome-prospect-autographs/frederick-bencosme-cpa-fb,
Fredy Michel,699274,2023,chrome,hitter,bowman_1st_base,,,https://www.sportscardspro.com/game/baseball-cards-2023-bowman-chrome-prospect-autographs/fredy-michel-cpa-fm,
Freili Encarnacion,703175,2023,chrome,hitter,bowman_1st_base,baseball-cards-2023-bowman-chrome-prospects,https://www.sportscardspro.com/game/baseball-cards-2023-bowman-chrome-prospects/freili-encarnacion-bcp-117,https://www.sportscardspro.com/game/baseball-cards-2023-bowman-chrome-prospect-autographs/freili-encarnacion-cpa-fe,
Gabriel Martinez,683447,2023,chrome,hitter,bowman_1st_base,baseball-cards-2023-bowman-chrome-prospects,https://www.sportscardspro.com/game/baseball-cards-2023-bowman-chrome-prospects/gabriel-martinez-bcp-45,https://www.sportscardspro.com/game/baseball-cards-2023-bowman-chrome-prospect-autographs/gabriel-martinez-cpa-gma,
Garret Forrester,807720,2023,draft,hitter,bowman_1st_base,baseball-cards-2023-bowman-draft-chrome,https://www.sportscardspro.com/game/baseball-cards-2023-bowman-draft-chrome/garret-forrester-bdc-197,https://www.sportscardspro.com/game/baseball-cards-2023-bowman-draft-chrome-prospect-autographs/garret-forrester-cda-gf,
Geraldo Quintero,684852,2023,chrome,hitter,bowman_1st_base,,,https://www.sportscardspro.com/game/baseball-cards-2023-bowman-chrome-prospect-autographs/geraldo-quintero-cpa-gq,
Gleider Figuereo,699213,2023,chrome,hitter,bowman_1st_base,baseball-cards-2023-bowman-chrome-prospects,https://www.sportscardspro.com/game/baseball-cards-2023-bowman-chrome-prospects/gleider-figuereo-bcp-59,https://www.sportscardspro.com/game/baseball-cards-2023-bowman-chrome-prospect-autographs/gleider-figuereo-cpa-gf,
Grayson Hitt,694491,2023,draft,pitcher,bowman_1st_base,baseball-cards-2023-bowman-draft-chrome,https://www.sportscardspro.com/game/baseball-cards-2023-bowman-draft-chrome/grayson-hitt-bdc-57,https://www.sportscardspro.com/game/baseball-cards-2023-bowman-draft-chrome-prospect-autographs/grayson-hitt-cda-gh,
Griff McGarry,676046,2023,chrome,pitcher,bowman_1st_base,,,https://www.sportscardspro.com/game/baseball-cards-2023-bowman-chrome-prospect-autographs/griff-mcgarry-cpa-gm,
Hans Montero,694215,2023,chrome,hitter,bowman_1st_base,baseball-cards-2023-bowman-chrome-prospects,https://www.sportscardspro.com/game/baseball-cards-2023-bowman-chrome-prospects/hans-montero-bcp-173,https://www.sportscardspro.com/game/baseball-cards-2023-bowman-chrome-prospect-autographs/hans-montero-cpa-hm,
Hayden Dunhurst,683095,2023,chrome,hitter,bowman_1st_base,,,https://www.sportscardspro.com/game/baseball-cards-2023-bowman-chrome-prospect-autographs/hayden-dunhurst-cpa-hd,
Hendry Chivilli,806998,2023,chrome,pitcher,bowman_1st_base,baseball-cards-2023-bowman-chrome-prospects,https://www.sportscardspro.com/game/baseball-cards-2023-bowman-chrome-prospects/hendry-chivilli-bcp-236,https://www.sportscardspro.com/game/baseball-cards-2023-bowman-chrome-prospect-autographs/hendry-chivilli-cpa-hc,
Hiro Wyatt,702965,2023,draft,pitcher,bowman_1st_base,baseball-cards-2023-bowman-draft-chrome,https://www.sportscardspro.com/game/baseball-cards-2023-bowman-draft-chrome/hiro-wyatt-bdc-80,https://www.sportscardspro.com/game/baseball-cards-2023-bowman-draft-chrome-prospect-autographs/hiro-wyatt-cda-hw,
Homer Bush Jr.,683344,2023,draft,hitter,bowman_1st_base,baseball-cards-2023-bowman-draft-chrome,https://www.sportscardspro.com/game/baseball-cards-2023-bowman-draft-chrome/homer-bush-jr-bdc-124,https://www.sportscardspro.com/game/baseball-cards-2023-bowman-draft-chrome-prospect-autographs/homer-bush-jr-cda-hb,
Hunter Haas,690983,2023,draft,hitter,bowman_1st_base,baseball-cards-2023-bowman-draft-chrome,https://www.sportscardspro.com/game/baseball-cards-2023-bowman-draft-chrome/hunter-haas-bdc-160,https://www.sportscardspro.com/game/baseball-cards-2023-bowman-draft-chrome-prospect-autographs/hunter-haas-cda-hha,
Hunter Hollan,702052,2023,draft,pitcher,bowman_1st_base,baseball-cards-2023-bowman-draft-chrome,https://www.sportscardspro.com/game/baseball-cards-2023-bowman-draft-chrome/hunter-hollan-bdc-59,https://www.sportscardspro.com/game/baseball-cards-2023-bowman-draft-chrome-prospect-autographs/hunter-hollan-cda-hh,
Jace Avina,701778,2023,chrome,hitter,bowman_1st_base,baseball-cards-2023-bowman-chrome-prospects,https://www.sportscardspro.com/game/baseball-cards-2023-bowman-chrome-prospects/jace-avina-bcp-150,https://www.sportscardspro.com/game/baseball-cards-2023-bowman-chrome-prospect-autographs/jace-avina-cpa-jaa,
Jace Bohrofen,690957,2023,draft,hitter,bowman_1st_base,baseball-cards-2023-bowman-draft-chrome,https://www.sportscardspro.com/game/baseball-cards-2023-bowman-draft-chrome/jace-bohrofen-bdc-173,https://www.sportscardspro.com/game/baseball-cards-2023-bowman-draft-chrome-prospect-autographs/jace-bohrofen-cda-jbo,
Jack Hurley,694815,2023,draft,hitter,bowman_1st_base,baseball-cards-2023-bowman-draft-chrome,https://www.sportscardspro.com/game/baseball-cards-2023-bowman-draft-chrome/jack-hurley-bdc-162,https://www.sportscardspro.com/game/baseball-cards-2023-bowman-draft-chrome-prospect-autographs/jack-hurley-cda-jh,
Jack Mahoney,694968,2023,draft,pitcher,bowman_1st_base,baseball-cards-2023-bowman-draft-chrome,https://www.sportscardspro.com/game/baseball-cards-2023-bowman-draft-chrome/jack-mahoney-bdc-29,https://www.sportscardspro.com/game/baseball-cards-2023-bowman-draft-chrome-prospect-autographs/jack-mahoney-cda-jm,
Jack Pineda,801442,2023,chrome,hitter,bowman_1st_base,,,https://www.sportscardspro.com/game/baseball-cards-2023-bowman-chrome-prospect-autographs/jack-pineda-cpa-jpi,
Jackson Baumeister,691765,2023,draft,pitcher,bowman_1st_base,baseball-cards-2023-bowman-draft-chrome,https://www.sportscardspro.com/game/baseball-cards-2023-bowman-draft-chrome/jackson-baumeister-bdc-84,https://www.sportscardspro.com/game/baseball-cards-2023-bowman-draft-chrome-prospect-autographs/jackson-baumeister-cda-jba,
Jackson Ferris,701328,2023,chrome,pitcher,bowman_1st_base,,,https://www.sportscardspro.com/game/baseball-cards-2023-bowman-chrome-prospect-autographs/jackson-ferris-cpa-jf,
Jacob Berry,694351,2023,chrome,hitter,bowman_1st_base,baseball-cards-2023-bowman-chrome-prospects,https://www.sportscardspro.com/game/baseball-cards-2023-bowman-chrome-prospects/jacob-berry-bcp-108,https://www.sportscardspro.com/game/baseball-cards-2023-bowman-chrome-prospect-autographs/jacob-berry-cpa-jb,
Jacob Reimer,702544,2023,chrome,hitter,bowman_1st_base,baseball-cards-2023-bowman-chrome-prospects,https://www.sportscardspro.com/game/baseball-cards-2023-bowman-chrome-prospects/jacob-reimer-bcp-181,https://www.sportscardspro.com/game/baseball-cards-2023-bowman-chrome-prospect-autographs/jacob-reimer-cpa-jrr,
Jadiel Sanchez,689909,2023,chrome,hitter,bowman_1st_base,,,https://www.sportscardspro.com/game/baseball-cards-2023-bowman-chrome-prospect-autographs/jadiel-sanchez-cpa-jsz,
Jair Casanova,698911,2023,chrome,hitter,bowman_1st_base,,,https://www.sportscardspro.com/game/baseball-cards-2023-bowman-chrome-prospect-autographs/jair-casanova-cpa-jca,
Jake Cunningham,801507,2023,draft,hitter,bowman_1st_base,baseball-cards-2023-bowman-draft-chrome,https://www.sportscardspro.com/game/baseball-cards-2023-bowman-draft-chrome/jake-cunningham-bdc-198,https://www.sportscardspro.com/game/baseball-cards-2023-bowman-draft-chrome-prospect-autographs/jake-cunningham-cda-jcu,
Jake DeLeo,691939,2023,draft,hitter,bowman_1st_base,baseball-cards-2023-bowman-draft-chrome,https://www.sportscardspro.com/game/baseball-cards-2023-bowman-draft-chrome/jake-deleo-bdc-158,https://www.sportscardspro.com/game/baseball-cards-2023-bowman-draft-chrome-prospect-autographs/jake-deleo-cda-jd,
Javier Osorio,703157,2023,chrome,hitter,bowman_1st_base,baseball-cards-2023-bowman-chrome-prospects,https://www.sportscardspro.com/game/baseball-cards-2023-bowman-chrome-prospects/javier-osorio-bcp-4,https://www.sportscardspro.com/game/baseball-cards-2023-bowman-chrome-prospect-autographs/javier-osorio-cpa-jo,
Javier Rivas,691922,2023,chrome,hitter,bowman_1st_base,baseball-cards-2023-bowman-chrome-prospects,https://www.sportscardspro.com/game/baseball-cards-2023-bowman-chrome-prospects/javier-rivas-bcp-159,https://www.sportscardspro.com/game/baseball-cards-2023-bowman-chrome-prospect-autographs/javier-rivas-cpa-jrs,
Javier Valdes,688002,2023,chrome,hitter,bowman_1st_base,,,https://www.sportscardspro.com/game/baseball-cards-2023-bowman-chrome-prospect-autographs/javier-valdes-cpa-jvs,
Jaxon Wiggins,694393,2023,draft,pitcher,bowman_1st_base,baseball-cards-2023-bowman-draft-chrome,https://www.sportscardspro.com/game/baseball-cards-2023-bowman-draft-chrome/jaxon-wiggins-bdc-50,https://www.sportscardspro.com/game/baseball-cards-2023-bowman-draft-chrome-prospect-autographs/jaxon-wiggins-cda-jwg,
Jay Beshears,810891,2023,draft,hitter,bowman_1st_base,baseball-cards-2023-bowman-draft-chrome,https://www.sportscardspro.com/game/baseball-cards-2023-bowman-draft-chrome/jay-beshears-bdc-166,https://www.sportscardspro.com/game/baseball-cards-2023-bowman-draft-chrome-prospect-autographs/jay-beshears-cda-jbe,
Jefferson Rojas,800473,2023,chrome,hitter,bowman_1st_base,baseball-cards-2023-bowman-chrome-prospects,https://www.sportscardspro.com/game/baseball-cards-2023-bowman-chrome-prospects/jefferson-rojas-bcp-70,https://www.sportscardspro.com/game/baseball-cards-2023-bowman-chrome-prospect-autographs/jefferson-rojas-cpa-jr,
Jesus Baez,800305,2023,chrome,hitter,bowman_1st_base,baseball-cards-2023-bowman-chrome-prospects,https://www.sportscardspro.com/game/baseball-cards-2023-bowman-chrome-prospects/jesus-baez-bcp-12,https://www.sportscardspro.com/game/baseball-cards-2023-bowman-chrome-prospect-autographs/jesus-baez-cpa-jbz,
Jesus Bastidas,665846,2023,chrome,hitter,bowman_1st_base,,,https://www.sportscardspro.com/game/baseball-cards-2023-bowman-chrome-prospect-autographs/jesus-bastidas-cpa-jbd,
Jesus Bugarin,684109,2023,chrome,hitter,bowman_1st_base,,,https://www.sportscardspro.com/game/baseball-cards-2023-bowman-chrome-prospect-autographs/jesus-bugarin-cpa-jb,
Jesus Galiz,694188,2023,chrome,hitter,bowman_1st_base,baseball-cards-2023-bowman-chrome-prospects,https://www.sportscardspro.com/game/baseball-cards-2023-bowman-chrome-prospects/jesus-galiz-bcp-187,https://www.sportscardspro.com/game/baseball-cards-2023-bowman-chrome-prospect-autographs/jesus-galiz-cpa-jgz,
Jhonny Piron,694190,2023,chrome,hitter,bowman_1st_base,,,https://www.sportscardspro.com/game/baseball-cards-2023-bowman-chrome-prospect-autographs/jhonny-piron-cpa-jpn,
Joe Vetrano,694838,2023,draft,hitter,bowman_1st_base,baseball-cards-2023-bowman-draft-chrome,https://www.sportscardspro.com/game/baseball-cards-2023-bowman-draft-chrome/joe-vetrano-bdc-91,https://www.sportscardspro.com/game/baseball-cards-2023-bowman-draft-chrome-prospect-autographs/joe-vetrano-cda-jv,
Joe Whitman,802126,2023,draft,pitcher,bowman_1st_base,baseball-cards-2023-bowman-draft-chrome,https://www.sportscardspro.com/game/baseball-cards-2023-bowman-draft-chrome/joe-whitman-bdc-98,https://www.sportscardspro.com/game/baseball-cards-2023-bowman-draft-chrome-prospect-autographs/joe-whitman-cda-jwh,
Joel Diaz,642315,2023,chrome,hitter,bowman_1st_base,,,https://www.sportscardspro.com/game/baseball-cards-2023-bowman-chrome-prospect-autographs/joel-diaz-cpa-jdz,
Joendry Vargas,806959,2023,chrome,hitter,bowman_1st_base,baseball-cards-2023-bowman-chrome-prospects,https://www.sportscardspro.com/game/baseball-cards-2023-bowman-chrome-prospects/joendry-vargas-bcp-218,https://www.sportscardspro.com/game/baseball-cards-2023-bowman-chrome-prospect-autographs/joendry-vargas-cpa-jv,
Jonny Farmelo,806071,2023,draft,hitter,bowman_1st_base,baseball-cards-2023-bowman-draft-chrome,https://www.sportscardspro.com/game/baseball-cards-2023-bowman-draft-chrome/jonny-farmelo-bdc-177,https://www.sportscardspro.com/game/baseball-cards-2023-bowman-draft-chrome-prospect-autographs/jonny-farmelo-cda-jf,
Jordy Vargas,700174,2023,chrome,pitcher,bowman_1st_base,,,https://www.sportscardspro.com/game/baseball-cards-2023-bowman-chrome-prospect-autographs/jordy-vargas-cpa-jvg,
Jorel Ortega,687567,2023,chrome,hitter,bowman_1st_base,,,https://www.sportscardspro.com/game/baseball-cards-2023-bowman-chrome-prospect-autographs/jorel-ortega-cpa-jort,
Jorge Burgos,684222,2023,chrome,hitter,bowman_1st_base,baseball-cards-2023-bowman-chrome-prospects,https://www.sportscardspro.com/game/baseball-cards-2023-bowman-chrome-prospects/jorge-burgos-bcp-98,https://www.sportscardspro.com/game/baseball-cards-2023-bowman-chrome-prospect-autographs/jorge-burgos-cpa-jbg,
Jorge Ruiz,702409,2023,chrome,hitter,bowman_1st_base,baseball-cards-2023-bowman-chrome-prospects,https://www.sportscardspro.com/game/baseball-cards-2023-bowman-chrome-prospects/jorge-ruiz-bcp-123,https://www.sportscardspro.com/game/baseball-cards-2023-bowman-chrome-prospect-autographs/jorge-ruiz-cpa-jrz,
Jose Gerardo,805103,2023,chrome,hitter,bowman_1st_base,baseball-cards-2023-bowman-chrome-prospects,https://www.sportscardspro.com/game/baseball-cards-2023-bowman-chrome-prospects/jose-gerardo-bcp-195,https://www.sportscardspro.com/game/baseball-cards-2023-bowman-chrome-prospect-autographs/jose-gerardo-cpa-jg,
Josh Hood,681377,2023,chrome,hitter,bowman_1st_base,,,https://www.sportscardspro.com/game/baseball-cards-2023-bowman-chrome-prospect-autographs/josh-hood-cpa-jhd,
Juan Alonso,699076,2023,chrome,hitter,bowman_1st_base,baseball-cards-2023-bowman-chrome-prospects,https://www.sportscardspro.com/game/baseball-cards-2023-bowman-chrome-prospects/juan-alonso-bcp-137,https://www.sportscardspro.com/game/baseball-cards-2023-bowman-chrome-prospect-autographs/juan-alonso-cpa-ja,
Juan Benjamin,691405,2023,chrome,hitter,bowman_1st_base,baseball-cards-2023-bowman-chrome-prospects,https://www.sportscardspro.com/game/baseball-cards-2023-bowman-chrome-prospects/juan-benjamin-bcp-151,https://www.sportscardspro.com/game/baseball-cards-2023-bowman-chrome-prospect-autographs/juan-benjamin-cpa-jbn,
Juan Carela,683636,2023,chrome,pitcher,bowman_1st_base,,,https://www.sportscardspro.com/game/baseball-cards-2023-bowman-chrome-prospect-autographs/juan-carela-cpa-jca,
Juan Corniel,691284,2023,chrome,hitter,bowman_1st_base,,,https://www.sportscardspro.com/game/baseball-cards-2023-bowman-chrome-prospect-autographs/juan-corniel-cpa-jcl,
Juan Olmos,703181,2023,chrome,pitcher,bowman_1st_base,baseball-cards-2023-bowman-chrome-prospects,https://www.sportscardspro.com/game/baseball-cards-2023-bowman-chrome-prospects/juan-olmos-bcp-136,https://www.sportscardspro.com/game/baseball-cards-2023-bowman-chrome-prospect-autographs/juan-olmos-cpa-jos,
Junior Franco,691285,2023,chrome,hitter,bowman_1st_base,,,https://www.sportscardspro.com/game/baseball-cards-2023-bowman-chrome-prospect-autographs/junior-franco-cpa-jfo,
Junior Marin,700286,2023,chrome,hitter,bowman_1st_base,,,https://www.sportscardspro.com/game/baseball-cards-2023-bowman-chrome-prospect-autographs/junior-marin-cpa-jmn,
Junior Tilien,691708,2023,chrome,hitter,bowman_1st_base,,,https://www.sportscardspro.com/game/baseball-cards-2023-bowman-chrome-prospect-autographs/junior-tilien-cpa-jt,
Justin Riemer,811312,2023,draft,hitter,bowman_1st_base,baseball-cards-2023-bowman-draft-chrome,https://www.sportscardspro.com/game/baseball-cards-2023-bowman-draft-chrome/justin-riemer-bdc-182,https://www.sportscardspro.com/game/baseball-cards-2023-bowman-draft-chrome-prospect-autographs/justin-riemer-cda-jri,
Keiner Delgado,700731,2023,chrome,hitter,bowman_1st_base,baseball-cards-2023-bowman-chrome-prospects,https://www.sportscardspro.com/game/baseball-cards-2023-bowman-chrome-prospects/keiner-delgado-bcp-191,https://www.sportscardspro.com/game/baseball-cards-2023-bowman-chrome-prospect-autographs/keiner-delgado-cpa-kd,
Kemp Alderman,694580,2023,draft,hitter,bowman_1st_base,baseball-cards-2023-bowman-draft-chrome,https://www.sportscardspro.com/game/baseball-cards-2023-bowman-draft-chrome/kemp-alderman-bdc-123,https://www.sportscardspro.com/game/baseball-cards-2023-bowman-draft-chrome-prospect-autographs/kemp-alderman-cda-ka,
Kendall George,806077,2023,draft,hitter,bowman_1st_base,baseball-cards-2023-bowman-draft-chrome,https://www.sportscardspro.com/game/baseball-cards-2023-bowman-draft-chrome/kendall-george-bdc-190,https://www.sportscardspro.com/game/baseball-cards-2023-bowman-draft-chrome-prospect-autographs/kendall-george-cda-kg,
Kenni Gomez,703198,2023,chrome,hitter,bowman_1st_base,baseball-cards-2023-bowman-chrome-prospects,https://www.sportscardspro.com/game/baseball-cards-2023-bowman-chrome-prospects/kenni-gomez-bcp-40,https://www.sportscardspro.com/game/baseball-cards-2023-bowman-chrome-prospect-autographs/kenni-gomez-cpa-kg,
Kevin Sim,691726,2023,draft,hitter,bowman_1st_base,baseball-cards-2023-bowman-draft-chrome,https://www.sportscardspro.com/game/baseball-cards-2023-bowman-draft-chrome/kevin-sim-bdc-16,https://www.sportscardspro.com/game/baseball-cards-2023-bowman-draft-chrome-prospect-autographs/kevin-sim-cda-ks,
Kristin Munroe,700726,2023,chrome,hitter,bowman_1st_base,,,https://www.sportscardspro.com/game/baseball-cards-2023-bowman-chrome-prospect-autographs/kristin-munroe-cpa-kme,
Lamar King Jr.,702601,2023,chrome,hitter,bowman_1st_base,,,https://www.sportscardspro.com/game/baseball-cards-2023-bowman-chrome-prospect-autographs/lamar-king-jr-cpa-lk,
Landen Maroudis,805793,2023,draft,pitcher,bowman_1st_base,baseball-cards-2023-bowman-draft-chrome,https://www.sportscardspro.com/game/baseball-cards-2023-bowman-draft-chrome/landen-maroudis-bdc-138,https://www.sportscardspro.com/game/baseball-cards-2023-bowman-draft-chrome-prospect-autographs/landen-maroudis-cda-lm,
Leandro Arias,703202,2023,chrome,hitter,bowman_1st_base,baseball-cards-2023-bowman-chrome-prospects,https://www.sportscardspro.com/game/baseball-cards-2023-bowman-chrome-prospects/leandro-arias-bcp-84,https://www.sportscardspro.com/game/baseball-cards-2023-bowman-chrome-prospect-autographs/leandro-arias-cpa-la,
Lizandro Rodriguez,691497,2023,chrome,hitter,bowman_1st_base,baseball-cards-2023-bowman-chrome-prospects,https://www.sportscardspro.com/game/baseball-cards-2023-bowman-chrome-prospects/lizandro-rodriguez-bcp-47,https://www.sportscardspro.com/game/baseball-cards-2023-bowman-chrome-prospect-autographs/lizandro-rodriguez-cpa-lrz,
Ludwing Espinoza,806968,2023,chrome,hitter,bowman_1st_base,baseball-cards-2023-bowman-chrome-prospects,https://www.sportscardspro.com/game/baseball-cards-2023-bowman-chrome-prospects/ludwing-espinoza-bcp-192,https://www.sportscardspro.com/game/baseball-cards-2023-bowman-chrome-prospect-autographs/ludwing-espinoza-cpa-le,
Luis Almeyda,806981,2023,chrome,hitter,bowman_1st_base,baseball-cards-2023-bowman-chrome-prospects,https://www.sportscardspro.com/game/baseball-cards-2023-bowman-chrome-prospects/luis-almeyda-bcp-194,https://www.sportscardspro.com/game/baseball-cards-2023-bowman-chrome-prospect-autographs/luis-almeyda-cpa-la,
Luis Guanipa,806994,2023,chrome,hitter,bowman_1st_base,baseball-cards-2023-bowman-chrome-prospects,https://www.sportscardspro.com/game/baseball-cards-2023-bowman-chrome-prospects/luis-guanipa-bcp-200,https://www.sportscardspro.com/game/baseball-cards-2023-bowman-chrome-prospect-autographs/luis-guanipa-cpa-lg,
Luis Ravelo,699144,2023,chrome,hitter,bowman_1st_base,,,https://www.sportscardspro.com/game/baseball-cards-2023-bowman-chrome-prospect-autographs/luis-ravelo-cpa-lra,
Luis Reyes,642530,2023,chrome,pitcher,bowman_1st_base,,,https://www.sportscardspro.com/game/baseball-cards-2023-bowman-chrome-prospect-autographs/luis-reyes-cpa-lre,
Luis Serna,702436,2023,chrome,pitcher,bowman_1st_base,baseball-cards-2023-bowman-chrome-prospects,https://www.sportscardspro.com/game/baseball-cards-2023-bowman-chrome-prospects/luis-serna-bcp-168,https://www.sportscardspro.com/game/baseball-cards-2023-bowman-chrome-prospect-autographs/luis-serna-cpa-ls,
Luis Torres,801230,2023,chrome,hitter,bowman_1st_base,baseball-cards-2023-bowman-chrome-prospects,https://www.sportscardspro.com/game/baseball-cards-2023-bowman-chrome-prospects/luis-torres-bcp-155,https://www.sportscardspro.com/game/baseball-cards-2023-bowman-chrome-prospect-autographs/luis-torres-cpa-lt,
Luke Berryhill,666124,2023,chrome,hitter,bowman_1st_base,,,https://www.sportscardspro.com/game/baseball-cards-2023-bowman-chrome-prospect-autographs/luke-berryhill-cpa-lbl,
Luke Gold,688780,2023,chrome,hitter,bowman_1st_base,,,https://www.sportscardspro.com/game/baseball-cards-2023-bowman-chrome-prospect-autographs/luke-gold-cpa-lgd,
Luke Shliger,807740,2023,draft,hitter,bowman_1st_base,baseball-cards-2023-bowman-draft-chrome,https://www.sportscardspro.com/game/baseball-cards-2023-bowman-draft-chrome/luke-shliger-bdc-47,https://www.sportscardspro.com/game/baseball-cards-2023-bowman-draft-chrome-prospect-autographs/luke-shliger-cda-ls,
Mac Horvath,690991,2023,draft,hitter,bowman_1st_base,baseball-cards-2023-bowman-draft-chrome,https://www.sportscardspro.com/game/baseball-cards-2023-bowman-draft-chrome/mac-horvath-bdc-90,https://www.sportscardspro.com/game/baseball-cards-2023-bowman-draft-chrome-prospect-autographs/mac-horvath-cda-mh,
Maick Collado,691408,2023,chrome,hitter,bowman_1st_base,,,https://www.sportscardspro.com/game/baseball-cards-2023-bowman-chrome-prospect-autographs/maick-collado-cpa-mco,
Manuel Beltre,694202,2023,chrome,hitter,bowman_1st_base,baseball-cards-2023-bowman-chrome-prospects,https://www.sportscardspro.com/game/baseball-cards-2023-bowman-chrome-prospects/manuel-beltre-bcp-79,https://www.sportscardspro.com/game/baseball-cards-2023-bowman-chrome-prospect-autographs/manuel-beltre-cpa-mb,
Marco Vargas,804614,2023,chrome,hitter,bowman_1st_base,,,https://www.sportscardspro.com/game/baseball-cards-2023-bowman-chrome-prospect-autographs/marco-vargas-cpa-mva,
Marcus Brown,694939,2023,draft,hitter,bowman_1st_base,baseball-cards-2023-bowman-draft-chrome,https://www.sportscardspro.com/game/baseball-cards-2023-bowman-draft-chrome/marcus-brown-bdc-26,https://www.sportscardspro.com/game/baseball-cards-2023-bowman-draft-chrome-prospect-autographs/marcus-brown-cda-mbr,
Marcus Lee Sang,686984,2023,chrome,hitter,bowman_1st_base,baseball-cards-2023-bowman-chrome-prospects,https://www.sportscardspro.com/game/baseball-cards-2023-bowman-chrome-prospects/marcus-lee-sang-bcp-126,https://www.sportscardspro.com/game/baseball-cards-2023-bowman-chrome-prospect-autographs/marcus-lee-sang-cpa-ml,
Matthew Wood,687783,2023,chrome,hitter,bowman_1st_base,,,https://www.sportscardspro.com/game/baseball-cards-2023-bowman-chrome-prospect-autographs/matthew-wood-cpa-mw,
Maui Ahuna,694757,2023,draft,hitter,bowman_1st_base,baseball-cards-2023-bowman-draft-chrome,https://www.sportscardspro.com/game/baseball-cards-2023-bowman-draft-chrome/maui-ahuna-bdc-163,https://www.sportscardspro.com/game/baseball-cards-2023-bowman-draft-chrome-prospect-autographs/maui-ahuna-cda-mah,
Max Anderson,801194,2023,draft,hitter,bowman_1st_base,baseball-cards-2023-bowman-draft-chrome,https://www.sportscardspro.com/game/baseball-cards-2023-bowman-draft-chrome/max-anderson-bdc-144,https://www.sportscardspro.com/game/baseball-cards-2023-bowman-draft-chrome-prospect-autographs/max-anderson-cda-ma,
Michael Carico,801686,2023,draft,hitter,bowman_1st_base,baseball-cards-2023-bowman-draft-chrome,https://www.sportscardspro.com/game/baseball-cards-2023-bowman-draft-chrome/michael-carico-bdc-170,https://www.sportscardspro.com/game/baseball-cards-2023-bowman-draft-chrome-prospect-autographs/michael-carico-cda-mca,
Miguel Tamares,800546,2023,chrome,hitter,bowman_1st_base,baseball-cards-2023-bowman-chrome-prospects,https://www.sportscardspro.com/game/baseball-cards-2023-bowman-chrome-prospects/miguel-tamares-bcp-179,https://www.sportscardspro.com/game/baseball-cards-2023-bowman-chrome-prospect-autographs/miguel-tamares-cpa-mt,
Mike Boeve,801670,2023,draft,hitter,bowman_1st_base,baseball-cards-2023-bowman-draft-chrome,https://www.sportscardspro.com/game/baseball-cards-2023-bowman-draft-chrome/mike-boeve-bdc-192,https://www.sportscardspro.com/game/baseball-cards-2023-bowman-draft-chrome-prospect-autographs/mike-boeve-cda-mb,
Nazzan Zanetello,805801,2023,draft,hitter,bowman_1st_base,baseball-cards-2023-bowman-draft-chrome,https://www.sportscardspro.com/game/baseball-cards-2023-bowman-draft-chrome/nazzan-zanetello-bdc-3,https://www.sportscardspro.com/game/baseball-cards-2023-bowman-draft-chrome-prospect-autographs/nazzan-zanetello-cda-nz,
Nelson Rada,703185,2023,chrome,hitter,bowman_1st_base,baseball-cards-2023-bowman-chrome-prospects,https://www.sportscardspro.com/game/baseball-cards-2023-bowman-chrome-prospects/nelson-rada-bcp-132,https://www.sportscardspro.com/game/baseball-cards-2023-bowman-chrome-prospect-autographs/nelson-rada-cpa-nr,
Nerwilian Cedeno,683481,2023,chrome,hitter,bowman_1st_base,baseball-cards-2023-bowman-chrome-prospects,https://www.sportscardspro.com/game/baseball-cards-2023-bowman-chrome-prospects/nerwilian-cedeno-bcp-81,https://www.sportscardspro.com/game/baseball-cards-2023-bowman-chrome-prospect-autographs/nerwilian-cedeno-cpa-nc,
Nick Vogt,687793,2023,chrome,hitter,bowman_1st_base,,,https://www.sportscardspro.com/game/baseball-cards-2023-bowman-chrome-prospect-autographs/nick-vogt-cpa-nv,
Noble Meyer,800611,2023,draft,pitcher,bowman_1st_base,baseball-cards-2023-bowman-draft-chrome,https://www.sportscardspro.com/game/baseball-cards-2023-bowman-draft-chrome/noble-meyer-bdc-6,https://www.sportscardspro.com/game/baseball-cards-2023-bowman-draft-chrome-prospect-autographs/noble-meyer-cda-nme,
Omari Daniel,702673,2023,chrome,pitcher,bowman_1st_base,,,https://www.sportscardspro.com/game/baseball-cards-2023-bowman-chrome-prospect-autographs/omari-daniel-cpa-od,
Oswaldo Osorio,800424,2023,chrome,hitter,bowman_1st_base,baseball-cards-2023-bowman-chrome-prospects,https://www.sportscardspro.com/game/baseball-cards-2023-bowman-chrome-prospects/oswaldo-osorio-bcp-152,https://www.sportscardspro.com/game/baseball-cards-2023-bowman-chrome-prospect-autographs/oswaldo-osorio-cpa-oo,
Paul McIntosh,682192,2023,chrome,hitter,bowman_1st_base,,,https://www.sportscardspro.com/game/baseball-cards-2023-bowman-chrome-prospect-autographs/paul-mcintosh-cpa-pm,
Peyton Williams,805268,2023,chrome,hitter,bowman_1st_base,,,https://www.sportscardspro.com/game/baseball-cards-2023-bowman-chrome-prospect-autographs/peyton-williams-cpa-pw,
Quinn McDaniel,814194,2023,draft,hitter,bowman_1st_base,baseball-cards-2023-bowman-draft-chrome,https://www.sportscardspro.com/game/baseball-cards-2023-bowman-draft-chrome/quinn-mcdaniel-bdc-136,https://www.sportscardspro.com/game/baseball-cards-2023-bowman-draft-chrome-prospect-autographs/quinn-mcdaniel-cda-qmc,
Ralphy Velazquez,806252,2023,draft,hitter,bowman_1st_base,baseball-cards-2024-bowman-chrome-prospects,https://www.sportscardspro.com/game/baseball-cards-2024-bowman-chrome-prospects/ralphy-velazquez-bcp-29,https://www.sportscardspro.com/game/baseball-cards-2023-bowman-draft-chrome-prospect-autographs/ralphy-velazquez-cda-rv,
Randy De Jesus,703194,2023,chrome,hitter,bowman_1st_base,baseball-cards-2023-bowman-chrome-prospects,https://www.sportscardspro.com/game/baseball-cards-2023-bowman-chrome-prospects/randy-de-jesus-bcp-19,https://www.sportscardspro.com/game/baseball-cards-2023-bowman-chrome-prospect-autographs/randy-de-jesus-cpa-rd,
Rayner Arias,806976,2023,chrome,hitter,bowman_1st_base,baseball-cards-2023-bowman-chrome-prospects,https://www.sportscardspro.com/game/baseball-cards-2023-bowman-chrome-prospects/rayner-arias-bcp-222,https://www.sportscardspro.com/game/baseball-cards-2023-bowman-chrome-prospect-autographs/rayner-arias-cpa-ra,
Ricardo Olivar,691627,2023,chrome,hitter,bowman_1st_base,,,https://www.sportscardspro.com/game/baseball-cards-2023-bowman-chrome-prospect-autographs/ricardo-olivar-cpa-ro,
Rickardo Perez,694189,2023,chrome,hitter,bowman_1st_base,baseball-cards-2023-bowman-chrome-prospects,https://www.sportscardspro.com/game/baseball-cards-2023-bowman-chrome-prospects/rickardo-perez-bcp-27,https://www.sportscardspro.com/game/baseball-cards-2023-bowman-chrome-prospect-autographs/rickardo-perez-cpa-rpz,
Robert Perez Jr.,672596,2023,chrome,hitter,bowman_1st_base,baseball-cards-2023-bowman-chrome-prospects,https://www.sportscardspro.com/game/baseball-cards-2023-bowman-chrome-prospects/robert-perez-jr-bcp-124,https://www.sportscardspro.com/game/baseball-cards-2023-bowman-chrome-prospect-autographs/robert-perez-jr-cpa-rp,
Roc Riggio,691792,2023,draft,hitter,bowman_1st_base,baseball-cards-2023-bowman-draft-chrome,https://www.sportscardspro.com/game/baseball-cards-2023-bowman-draft-chrome/roc-riggio-bdc-30,https://www.sportscardspro.com/game/baseball-cards-2023-bowman-draft-chrome-prospect-autographs/roc-riggio-cda-rr,
Ronald Hernandez,698933,2023,chrome,hitter,bowman_1st_base,,,https://www.sportscardspro.com/game/baseball-cards-2023-bowman-chrome-prospect-autographs/ronald-hernandez-cpa-rh,
Royber Salinas,683690,2023,chrome,pitcher,bowman_1st_base,,,https://www.sportscardspro.com/game/baseball-cards-2023-bowman-chrome-prospect-autographs/royber-salinas-cpa-rss,
Ruben Santana,800185,2023,chrome,hitter,bowman_1st_base,baseball-cards-2023-bowman-chrome-prospects,https://www.sportscardspro.com/game/baseball-cards-2023-bowman-chrome-prospects/ruben-santana-bcp-42,https://www.sportscardspro.com/game/baseball-cards-2023-bowman-chrome-prospect-autographs/ruben-santana-cpa-rsa,
Ryan Clifford,691775,2023,chrome,hitter,bowman_1st_base,baseball-cards-2023-bowman-chrome-prospects,https://www.sportscardspro.com/game/baseball-cards-2023-bowman-chrome-prospects/ryan-clifford-bcp-10,https://www.sportscardspro.com/game/baseball-cards-2023-bowman-chrome-prospect-autographs/ryan-clifford-cpa-rc,
Sabin Ceballos,694754,2023,draft,hitter,bowman_1st_base,baseball-cards-2023-bowman-draft-chrome,https://www.sportscardspro.com/game/baseball-cards-2023-bowman-draft-chrome/sabin-ceballos-bdc-110,https://www.sportscardspro.com/game/baseball-cards-2023-bowman-draft-chrome-prospect-autographs/sabin-ceballos-cda-sc,
Samil De La Rosa,699019,2023,chrome,hitter,bowman_1st_base,,,https://www.sportscardspro.com/game/baseball-cards-2023-bowman-chrome-prospect-autographs/samil-de-la-rosa-cpa-sd,
Sem Robberse,691828,2023,chrome,pitcher,bowman_1st_base,,,https://www.sportscardspro.com/game/baseball-cards-2023-bowman-chrome-prospect-autographs/sem-robberse-cpa-sr,
Seth Keener,803143,2023,draft,pitcher,bowman_1st_base,baseball-cards-2023-bowman-draft-chrome,https://www.sportscardspro.com/game/baseball-cards-2023-bowman-draft-chrome/seth-keener-bdc-94,https://www.sportscardspro.com/game/baseball-cards-2023-bowman-draft-chrome-prospect-autographs/seth-keener-cda-sk,
Spence Coffman,806310,2023,chrome,hitter,bowman_1st_base,,,https://www.sportscardspro.com/game/baseball-cards-2023-bowman-chrome-prospect-autographs/spence-coffman-cpa-sco,
Spencer Nivens,811289,2023,draft,hitter,bowman_1st_base,baseball-cards-2023-bowman-draft-chrome,https://www.sportscardspro.com/game/baseball-cards-2023-bowman-draft-chrome/spencer-nivens-bdc-93,https://www.sportscardspro.com/game/baseball-cards-2023-bowman-draft-chrome-prospect-autographs/spencer-nivens-cda-sn,
Tai Peete,806191,2023,draft,hitter,bowman_1st_base,baseball-cards-2023-bowman-draft-chrome,https://www.sportscardspro.com/game/baseball-cards-2023-bowman-draft-chrome/tai-peete-bdc-28,https://www.sportscardspro.com/game/baseball-cards-2023-bowman-draft-chrome-prospect-autographs/tai-peete-cda-tp,
Teddy McGraw,803141,2023,draft,pitcher,bowman_1st_base,baseball-cards-2023-bowman-draft-chrome,https://www.sportscardspro.com/game/baseball-cards-2023-bowman-draft-chrome/teddy-mcgraw-bdc-73,https://www.sportscardspro.com/game/baseball-cards-2023-bowman-draft-chrome-prospect-autographs/teddy-mcgraw-cda-tm,
Tommy Hawke,803142,2023,draft,hitter,bowman_1st_base,baseball-cards-2023-bowman-draft-chrome,https://www.sportscardspro.com/game/baseball-cards-2023-bowman-draft-chrome/tommy-hawke-bdc-141,https://www.sportscardspro.com/game/baseball-cards-2023-bowman-draft-chrome-prospect-autographs/tommy-hawke-cda-tha,
Tommy Specht,702467,2023,chrome,hitter,bowman_1st_base,,,https://www.sportscardspro.com/game/baseball-cards-2023-bowman-chrome-prospect-autographs/tommy-specht-cpa-ts,
Torin Montgomery,687942,2023,chrome,hitter,bowman_1st_base,,,https://www.sportscardspro.com/game/baseball-cards-2023-bowman-chrome-prospect-autographs/torin-montgomery-cpa-tm,
Travis Honeyman,802469,2023,draft,hitter,bowman_1st_base,baseball-cards-2023-bowman-draft-chrome,https://www.sportscardspro.com/game/baseball-cards-2023-bowman-draft-chrome/travis-honeyman-bdc-95,https://www.sportscardspro.com/game/baseball-cards-2023-bowman-draft-chrome-prospect-autographs/travis-honeyman-cda-th,
Tre' Morgan,691003,2023,draft,hitter,bowman_1st_base,baseball-cards-2023-bowman-draft-chrome,https://www.sportscardspro.com/game/baseball-cards-2023-bowman-draft-chrome/tre%27-morgan-bdc-199,https://www.sportscardspro.com/game/baseball-cards-2023-bowman-draft-chrome-prospect-autographs/tre%27-morgan-cda-tmo,
Trey Faltine,683104,2023,chrome,hitter,bowman_1st_base,,,https://www.sportscardspro.com/game/baseball-cards-2023-bowman-chrome-prospect-autographs/trey-faltine-cpa-tf,
Ty Floyd,692226,2023,draft,pitcher,bowman_1st_base,baseball-cards-2023-bowman-draft-chrome,https://www.sportscardspro.com/game/baseball-cards-2023-bowman-draft-chrome/ty-floyd-bdc-155,https://www.sportscardspro.com/game/baseball-cards-2023-bowman-draft-chrome-prospect-autographs/ty-floyd-cda-tf,
Vaun Brown,673901,2023,chrome,hitter,bowman_1st_base,,,https://www.sportscardspro.com/game/baseball-cards-2023-bowman-chrome-prospect-autographs/vaun-brown-cpa-vb,
Victor Izturis,703196,2023,chrome,hitter,bowman_1st_base,baseball-cards-2023-bowman-chrome-prospects,https://www.sportscardspro.com/game/baseball-cards-2023-bowman-chrome-prospects/victor-izturis-bcp-175,https://www.sportscardspro.com/game/baseball-cards-2023-bowman-chrome-prospect-autographs/victor-izturis-cpa-vi,
Vincent Perozo,691710,2023,chrome,hitter,bowman_1st_base,baseball-cards-2023-bowman-chrome-prospects,https://www.sportscardspro.com/game/baseball-cards-2023-bowman-chrome-prospects/vincent-perozo-bcp-102,https://www.sportscardspro.com/game/baseball-cards-2023-bowman-chrome-prospect-autographs/vincent-perozo-cpa-vp,
Welbyn Francisca,806988,2023,chrome,hitter,bowman_1st_base,baseball-cards-2023-bowman-chrome-prospects,https://www.sportscardspro.com/game/baseball-cards-2023-bowman-chrome-prospects/welbyn-francisca-bcp-228,https://www.sportscardspro.com/game/baseball-cards-2023-bowman-chrome-prospect-autographs/welbyn-francisca-cpa-wf,
William Lugo,683493,2023,chrome,hitter,bowman_1st_base,baseball-cards-2023-bowman-chrome-prospects,https://www.sportscardspro.com/game/baseball-cards-2023-bowman-chrome-prospects/william-lugo-bcp-141,https://www.sportscardspro.com/game/baseball-cards-2023-bowman-chrome-prospect-autographs/william-lugo-cpa-wl,
Wuilfredo Antunez,686404,2023,chrome,hitter,bowman_1st_base,,,https://www.sportscardspro.com/game/baseball-cards-2023-bowman-chrome-prospect-autographs/wuilfredo-antunez-cpa-wan,
Xavier Isaac,800060,2023,chrome,hitter,bowman_1st_base,baseball-cards-2023-bowman-chrome-prospects,https://www.sportscardspro.com/game/baseball-cards-2023-bowman-chrome-prospects/xavier-isaac-bcp-145,https://www.sportscardspro.com/game/baseball-cards-2023-bowman-chrome-prospect-autographs/xavier-isaac-cpa-xi,
Yeiner Fernandez,691558,2023,chrome,hitter,bowman_1st_base,baseball-cards-2023-bowman-chrome-prospects,https://www.sportscardspro.com/game/baseball-cards-2023-bowman-chrome-prospects/yeiner-fernandez-bcp-138,https://www.sportscardspro.com/game/baseball-cards-2023-bowman-chrome-prospect-autographs/yeiner-fernandez-cpa-yf,
Yeniel Laboy,702596,2023,chrome,hitter,bowman_1st_base,,,https://www.sportscardspro.com/game/baseball-cards-2023-bowman-chrome-prospect-autographs/yeniel-laboy-cpa-yly,
Yhoangel Aponte,699082,2023,chrome,hitter,bowman_1st_base,baseball-cards-2023-bowman-chrome-prospects,https://www.sportscardspro.com/game/baseball-cards-2023-bowman-chrome-prospects/yhoangel-aponte-bcp-110,https://www.sportscardspro.com/game/baseball-cards-2023-bowman-chrome-prospect-autographs/yhoangel-aponte-cpa-ya,
Yoander Rivero,682714,2023,chrome,hitter,bowman_1st_base,,,https://www.sportscardspro.com/game/baseball-cards-2023-bowman-chrome-prospect-autographs/yoander-rivero-cpa-yr,
Yonatan Henriquez,800257,2023,chrome,hitter,bowman_1st_base,,,https://www.sportscardspro.com/game/baseball-cards-2023-bowman-chrome-prospect-autographs/yonatan-henriquez-cpa-yhe,
Yosy Galan,696045,2023,chrome,hitter,bowman_1st_base,baseball-cards-2023-bowman-chrome-prospects,https://www.sportscardspro.com/game/baseball-cards-2023-bowman-chrome-prospects/yosy-galan-bcp-221,https://www.sportscardspro.com/game/baseball-cards-2023-bowman-chrome-prospect-autographs/yosy-galan-cpa-yga,
Yunior Garcia,678832,2023,chrome,hitter,bowman_1st_base,baseball-cards-2023-bowman-chrome-prospects,https://www.sportscardspro.com/game/baseball-cards-2023-bowman-chrome-prospects/yunior-garcia-bcp-142,https://www.sportscardspro.com/game/baseball-cards-2023-bowman-chrome-prospect-autographs/yunior-garcia-cpa-yg,
Zach Levenson,804241,2023,draft,hitter,bowman_1st_base,baseball-cards-2023-bowman-draft-chrome,https://www.sportscardspro.com/game/baseball-cards-2023-bowman-draft-chrome/zach-levenson-bdc-149,https://www.sportscardspro.com/game/baseball-cards-2023-bowman-draft-chrome-prospect-autographs/zach-levenson-cda-zl,
Zander Mueth,805800,2023,draft,pitcher,bowman_1st_base,baseball-cards-2023-bowman-draft-chrome,https://www.sportscardspro.com/game/baseball-cards-2023-bowman-draft-chrome/zander-mueth-bdc-131,https://www.sportscardspro.com/game/baseball-cards-2023-bowman-draft-chrome-prospect-autographs/zander-mueth-cda-zm,
Aaron Parker,801590,2024,draft,hitter,bowman_1st_base,,,https://www.sportscardspro.com/game/baseball-cards-2024-bowman-draft-chrome-prospect-autograph/aaron-parker-cpa-ap,
Abdias De La Cruz,703192,2024,chrome,hitter,bowman_1st_base,,,https://www.sportscardspro.com/game/baseball-cards-2024-bowman-chrome-prospects-autograph/abdias-de-la-cruz-cpa-adl,
Abraham Nunez,808041,2024,chrome,hitter,bowman_1st_base,baseball-cards-2024-bowman-chrome-prospects,https://www.sportscardspro.com/game/baseball-cards-2024-bowman-chrome-prospects/abraham-nunez-bcp-56,https://www.sportscardspro.com/game/baseball-cards-2024-bowman-chrome-prospects-autograph/abraham-nunez-cpa-anz,
Adam Serwinowski,703445,2024,chrome,pitcher,bowman_1st_base,baseball-cards-2024-bowman-chrome-prospects,https://www.sportscardspro.com/game/baseball-cards-2024-bowman-chrome-prospects/adam-serwinowski-bcp-202,https://www.sportscardspro.com/game/baseball-cards-2024-bowman-chrome-prospects-autograph/adam-serwinowski-cpa-ase,
Adler Cecil,814702,2024,chrome,pitcher,bowman_1st_base,,,https://www.sportscardspro.com/game/baseball-cards-2024-bowman-chrome-prospects-autograph/adler-cecil-cpa-ca,
Adolfo Sanchez,807645,2024,chrome,hitter,bowman_1st_base,baseball-cards-2024-bowman-chrome-prospects,https://www.sportscardspro.com/game/baseball-cards-2024-bowman-chrome-prospects/adolfo-sanchez-bcp-252,https://www.sportscardspro.com/game/baseball-cards-2024-bowman-chrome-prospects-autograph/adolfo-sanchez-cpa-as,
Adrian De Leon,700369,2024,chrome,hitter,bowman_1st_base,,,https://www.sportscardspro.com/game/baseball-cards-2024-bowman-chrome-prospects-autograph/adrian-de-leon-cpa-adc,
Adriel Radney,815895,2024,chrome,hitter,bowman_1st_base,baseball-cards-2024-bowman-chrome-prospects,https://www.sportscardspro.com/game/baseball-cards-2024-bowman-chrome-prospects/adriel-radney-bcp-191,https://www.sportscardspro.com/game/baseball-cards-2024-bowman-chrome-prospects-autograph/adriel-radney-cpa-ar,
Aidan Miller,805795,2024,chrome,hitter,bowman_1st_base,baseball-cards-2024-bowman-chrome-prospects,https://www.sportscardspro.com/game/baseball-cards-2024-bowman-chrome-prospects/aidan-miller-bcp-27,https://www.sportscardspro.com/game/baseball-cards-2024-bowman-chrome-prospects-autograph/aidan-miller-cpa-ami,
Aidan Smith,806223,2024,chrome,hitter,bowman_1st_base,baseball-cards-2024-bowman-chrome-prospects,https://www.sportscardspro.com/game/baseball-cards-2024-bowman-chrome-prospects/aidan-smith-bcp-45,https://www.sportscardspro.com/game/baseball-cards-2024-bowman-chrome-prospects-autograph/aidan-smith-cpa-asm,
Aiden May,801995,2024,draft,pitcher,bowman_1st_base,,,https://www.sportscardspro.com/game/baseball-cards-2024-bowman-draft-chrome-prospect-autograph/aiden-may-cpa-am,
Aldalay Kolokie,813985,2024,chrome,hitter,bowman_1st_base,baseball-cards-2024-bowman-chrome-prospects,https://www.sportscardspro.com/game/baseball-cards-2024-bowman-chrome-prospects/aldalay-kolokie-bcp-173,https://www.sportscardspro.com/game/baseball-cards-2024-bowman-chrome-prospects-autograph/aldalay-kolokie-cpa-ak,
Alexander Albertus,800316,2024,chrome,hitter,bowman_1st_base,baseball-cards-2024-bowman-chrome-prospects,https://www.sportscardspro.com/game/baseball-cards-2024-bowman-chrome-prospects/alexander-albertus-bcp-156,https://www.sportscardspro.com/game/baseball-cards-2024-bowman-chrome-prospects-autograph/alexander-albertus-cpa-aal,
Alfonsin Rosario,806210,2024,chrome,hitter,bowman_1st_base,,,https://www.sportscardspro.com/game/baseball-cards-2024-bowman-chrome-prospects-autograph/alfonsin-rosario-cpa-aro,
Alfredo Alcantara,807643,2024,chrome,hitter,bowman_1st_base,,,https://www.sportscardspro.com/game/baseball-cards-2024-bowman-chrome-prospects-autograph/alfredo-alcantara-cpa-aa,
Allan Castro,691369,2024,chrome,hitter,bowman_1st_base,baseball-cards-2024-bowman-chrome-prospects,https://www.sportscardspro.com/game/baseball-cards-2024-bowman-chrome-prospects/allan-castro-bcp-14,https://www.sportscardspro.com/game/baseball-cards-2024-bowman-chrome-prospects-autograph/allan-castro-cpa-aca,
Andres Arias,815914,2024,chrome,hitter,bowman_1st_base,baseball-cards-2024-bowman-chrome-prospects,https://www.sportscardspro.com/game/baseball-cards-2024-bowman-chrome-prospects/andres-arias-bcp-236,https://www.sportscardspro.com/game/baseball-cards-2024-bowman-chrome-prospects-autograph/andres-arias-cpa-aar,
Andres Valor,808516,2024,chrome,hitter,bowman_1st_base,baseball-cards-2024-bowman-chrome-prospects,https://www.sportscardspro.com/game/baseball-cards-2024-bowman-chrome-prospects/andres-valor-bcp-196,https://www.sportscardspro.com/game/baseball-cards-2024-bowman-chrome-prospects-autograph/andres-valor-cpa-av,
Aneudis Mordan,698937,2024,chrome,hitter,bowman_1st_base,,,https://www.sportscardspro.com/game/baseball-cards-2024-bowman-chrome-prospects-autograph/aneudis-mordan-cpa-amo,
Angel Feliz,815906,2024,chrome,hitter,bowman_1st_base,baseball-cards-2024-bowman-chrome-prospects,https://www.sportscardspro.com/game/baseball-cards-2024-bowman-chrome-prospects/angel-feliz-bcp-198,https://www.sportscardspro.com/game/baseball-cards-2024-bowman-chrome-prospects-autograph/angel-feliz-cpa-af,
Anibal Salas,807010,2024,chrome,hitter,bowman_1st_base,,,https://www.sportscardspro.com/game/baseball-cards-2024-bowman-chrome-prospects-autograph/anibal-salas-cpa-asa,
Anthony Baptist,806989,2024,chrome,hitter,bowman_1st_base,baseball-cards-2024-bowman-chrome-prospects,https://www.sportscardspro.com/game/baseball-cards-2024-bowman-chrome-prospects/anthony-baptist-bcp-141,https://www.sportscardspro.com/game/baseball-cards-2024-bowman-chrome-prospects-autograph/anthony-baptist-cpa-ab,
Anthony Huezo,805953,2024,chrome,hitter,bowman_1st_base,baseball-cards-2024-bowman-chrome-prospects,https://www.sportscardspro.com/game/baseball-cards-2024-bowman-chrome-prospects/anthony-huezo-bcp-108,https://www.sportscardspro.com/game/baseball-cards-2024-bowman-chrome-prospects-autograph/anthony-huezo-cpa-ahu,
Anthony Scull,703430,2024,chrome,hitter,bowman_1st_base,baseball-cards-2024-bowman-chrome-prospects,https://www.sportscardspro.com/game/baseball-cards-2024-bowman-chrome-prospects/anthony-scull-bcp-107,https://www.sportscardspro.com/game/baseball-cards-2024-bowman-chrome-prospects-autograph/anthony-scull-cpa-as,
Antonio Anderson,702995,2024,chrome,hitter,bowman_1st_base,baseball-cards-2024-bowman-chrome-prospects,https://www.sportscardspro.com/game/baseball-cards-2024-bowman-chrome-prospects/antonio-anderson-bcp-20,https://www.sportscardspro.com/game/baseball-cards-2024-bowman-chrome-prospects-autograph/antonio-anderson-cpa-aan,
Ariel Armas,813666,2024,draft,hitter,bowman_1st_base,,,https://www.sportscardspro.com/game/baseball-cards-2024-bowman-draft-chrome-prospect-autograph/ariel-armas-cpa-aa,
Arjun Nimmala,805796,2024,chrome,hitter,bowman_1st_base,baseball-cards-2024-bowman-chrome-prospects,https://www.sportscardspro.com/game/baseball-cards-2024-bowman-chrome-prospects/arjun-nimmala-bcp-142,https://www.sportscardspro.com/game/baseball-cards-2024-bowman-chrome-prospects-autograph/arjun-nimmala-cpa-an,
Bairon Ledesma,813982,2024,chrome,hitter,bowman_1st_base,,,https://www.sportscardspro.com/game/baseball-cards-2024-bowman-chrome-prospects-autograph/bairon-ledesma-cpa-bla,
Barrett Kent,806010,2024,chrome,pitcher,bowman_1st_base,,,https://www.sportscardspro.com/game/baseball-cards-2024-bowman-chrome-prospects-autograph/barrett-kent-cpa-bk,
Ben Hess,696292,2024,draft,pitcher,bowman_1st_base,,,https://www.sportscardspro.com/game/baseball-cards-2024-bowman-draft-chrome-prospect-autograph/ben-hess-cpa-bh,
Bennett Lee,700939,2024,chrome,hitter,bowman_1st_base,,,https://www.sportscardspro.com/game/baseball-cards-2024-bowman-chrome-prospects-autograph/bennett-lee-cpa-bl,
Bernard Moon,807239,2024,chrome,hitter,bowman_1st_base,,,https://www.sportscardspro.com/game/baseball-cards-2024-bowman-chrome-prospects-autograph/bernard-moon-cpa-bmo,
Billy Amick,701771,2024,draft,hitter,bowman_1st_base,,,https://www.sportscardspro.com/game/baseball-cards-2024-bowman-draft-chrome-prospect-autograph/billy-amick-cpa-ba,
Blake Burke,695501,2024,draft,hitter,bowman_1st_base,,,https://www.sportscardspro.com/game/baseball-cards-2024-bowman-draft-chrome-prospect-autograph/blake-burke-cpa-bb,
Blake Larson,820836,2024,draft,pitcher,bowman_1st_base,,,https://www.sportscardspro.com/game/baseball-cards-2024-bowman-draft-chrome-prospect-autograph/blake-larson-cpa-bl,
Blake Wright,694543,2024,draft,hitter,bowman_1st_base,,,https://www.sportscardspro.com/game/baseball-cards-2024-bowman-draft-chrome-prospect-autograph/blake-wright-cpa-bw,
Boston Baro,805951,2024,chrome,hitter,bowman_1st_base,,,https://www.sportscardspro.com/game/baseball-cards-2024-bowman-chrome-prospects-autograph/boston-baro-cpa-bba,
Boston Bateman,815348,2024,draft,pitcher,bowman_1st_base,,,https://www.sportscardspro.com/game/baseball-cards-2024-bowman-draft-chrome-prospect-autograph/boston-bateman-cpa-bba,
Brady Cerkownyk,814499,2024,chrome,hitter,bowman_1st_base,,,https://www.sportscardspro.com/game/baseball-cards-2024-bowman-chrome-prospects-autograph/brady-cerkownyk-cpa-bce,
Bralyn Brazoban,815923,2024,chrome,hitter,bowman_1st_base,baseball-cards-2024-bowman-chrome-prospects,https://www.sportscardspro.com/game/baseball-cards-2024-bowman-chrome-prospects/bralyn-brazoban-bcp-224,https://www.sportscardspro.com/game/baseball-cards-2024-bowman-chrome-prospects-autograph/bralyn-brazoban-cpa-bb,
Brandon Neely,695632,2024,draft,pitcher,bowman_1st_base,,,https://www.sportscardspro.com/game/baseball-cards-2024-bowman-draft-chrome-prospect-autograph/brandon-neely-cpa-bn,
Braylin Morel,808281,2024,chrome,hitter,bowman_1st_base,baseball-cards-2024-bowman-chrome-prospects,https://www.sportscardspro.com/game/baseball-cards-2024-bowman-chrome-prospects/braylin-morel-bcp-192,https://www.sportscardspro.com/game/baseball-cards-2024-bowman-chrome-prospects-autograph/braylin-morel-cpa-bm,
Braylon Doughty,815785,2024,draft,pitcher,bowman_1st_base,,,https://www.sportscardspro.com/game/baseball-cards-2024-bowman-draft-chrome-prospect-autograph/braylon-doughty-cpa-bd,
Braylon Payne,815520,2024,draft,hitter,bowman_1st_base,baseball-cards-2025-bowman-chrome-prospects,https://www.sportscardspro.com/game/baseball-cards-2025-bowman-chrome-prospects/braylon-payne-bcp-148,https://www.sportscardspro.com/game/baseball-cards-2024-bowman-draft-chrome-prospect-autograph/braylon-payne-cpa-bp,
Brian Holiday,701509,2024,draft,pitcher,bowman_1st_base,,,https://www.sportscardspro.com/game/baseball-cards-2024-bowman-draft-chrome-prospect-autograph/brian-holiday-cpa-bho,
Brock Porter,702548,2024,chrome,pitcher,bowman_1st_base,baseball-cards-2024-bowman-chrome-prospects,https://www.sportscardspro.com/game/baseball-cards-2024-bowman-chrome-prospects/brock-porter-bcp-36,https://www.sportscardspro.com/game/baseball-cards-2024-bowman-chrome-prospects-autograph/brock-porter-cpa-bp,
Brock Wilken,694385,2024,chrome,hitter,bowman_1st_base,baseball-cards-2024-bowman-chrome-prospects,https://www.sportscardspro.com/game/baseball-cards-2024-bowman-chrome-prospects/brock-wilken-bcp-86,https://www.sportscardspro.com/game/baseball-cards-2024-bowman-chrome-prospects-autograph/brock-wilken-cpa-bw,
Brody Brecht,701679,2024,draft,pitcher,bowman_1st_base,baseball-cards-2025-bowman-draft-chrome,https://www.sportscardspro.com/game/baseball-cards-2025-bowman-draft-chrome/brody-brecht-bdc-143,https://www.sportscardspro.com/game/baseball-cards-2024-bowman-draft-chrome-prospect-autograph/brody-brecht-cpa-bbr,
Brooks Brannon,703477,2024,chrome,hitter,bowman_1st_base,baseball-cards-2024-bowman-chrome-prospects,https://www.sportscardspro.com/game/baseball-cards-2024-bowman-chrome-prospects/brooks-brannon-bcp-95,https://www.sportscardspro.com/game/baseball-cards-2024-bowman-chrome-prospects-autograph/brooks-brannon-cpa-bb,
Bryce Cunningham,701480,2024,draft,pitcher,bowman_1st_base,baseball-cards-2025-bowman-draft-chrome,https://www.sportscardspro.com/game/baseball-cards-2025-bowman-draft-chrome/bryce-cunningham-bdc-155,https://www.sportscardspro.com/game/baseball-cards-2024-bowman-draft-chrome-prospect-autograph/bryce-cunningham-cpa-bc,
Bryce Meccage,815501,2024,draft,pitcher,bowman_1st_base,,,https://www.sportscardspro.com/game/baseball-cards-2024-bowman-draft-chrome-prospect-autograph/bryce-meccage-cpa-bme,
Bryce Rainer,800614,2024,draft,hitter,bowman_1st_base,baseball-cards-2025-bowman-chrome-prospects,https://www.sportscardspro.com/game/baseball-cards-2025-bowman-chrome-prospects/bryce-rainer-bcp-49,https://www.sportscardspro.com/game/baseball-cards-2024-bowman-draft-chrome-prospect-autograph/bryce-rainer-cpa-br,
Byron Chourio,805102,2024,chrome,hitter,bowman_1st_base,baseball-cards-2024-bowman-chrome-prospects,https://www.sportscardspro.com/game/baseball-cards-2024-bowman-chrome-prospects/byron-chourio-bcp-129,https://www.sportscardspro.com/game/baseball-cards-2024-bowman-chrome-prospects-autograph/byron-chourio-cpa-bch,
Caleb Bonemer,815352,2024,draft,hitter,bowman_1st_base,baseball-cards-2025-bowman-draft-chrome,https://www.sportscardspro.com/game/baseball-cards-2025-bowman-draft-chrome/caleb-bonemer-bdc-184,https://www.sportscardspro.com/game/baseball-cards-2024-bowman-draft-chrome-prospect-autograph/caleb-bonemer-cpa-cbo,
Cam Caminiti,807284,2024,draft,pitcher,bowman_1st_base,baseball-cards-2025-bowman-draft-chrome,https://www.sportscardspro.com/game/baseball-cards-2025-bowman-draft-chrome/cam-caminiti-bdc-122,https://www.sportscardspro.com/game/baseball-cards-2024-bowman-draft-chrome-prospect-autograph/cam-caminiti-cpa-cc,
Capri Ortiz,800194,2024,chrome,hitter,bowman_1st_base,baseball-cards-2024-bowman-chrome-prospects,https://www.sportscardspro.com/game/baseball-cards-2024-bowman-chrome-prospects/capri-ortiz-bcp-73,https://www.sportscardspro.com/game/baseball-cards-2024-bowman-chrome-prospects-autograph/capri-ortiz-cpa-co,
Carlos Batista,808251,2024,chrome,hitter,bowman_1st_base,,,https://www.sportscardspro.com/game/baseball-cards-2024-bowman-chrome-prospects-autograph/carlos-batista-cpa-cb,
Carlos Sanchez,800176,2024,chrome,hitter,bowman_1st_base,baseball-cards-2024-bowman-chrome-prospects,https://www.sportscardspro.com/game/baseball-cards-2024-bowman-chrome-prospects/carlos-sanchez-bcp-25,https://www.sportscardspro.com/game/baseball-cards-2024-bowman-chrome-prospects-autograph/carlos-sanchez-cpa-cs,
Carson DeMartini,701831,2024,draft,hitter,bowman_1st_base,,,https://www.sportscardspro.com/game/baseball-cards-2024-bowman-draft-chrome-prospect-autograph/carson-demartini-cpa-cd,
Carson Rucker,813620,2024,chrome,hitter,bowman_1st_base,baseball-cards-2024-bowman-chrome-prospects,https://www.sportscardspro.com/game/baseball-cards-2024-bowman-chrome-prospects/carson-rucker-bcp-65,https://www.sportscardspro.com/game/baseball-cards-2024-bowman-chrome-prospects-autograph/carson-rucker-cpa-cr,
Carter Holton,692290,2024,draft,pitcher,bowman_1st_base,,,https://www.sportscardspro.com/game/baseball-cards-2024-bowman-draft-chrome-prospect-autograph/carter-holton-cpa-ch,
Carter Johnson,815793,2024,draft,hitter,bowman_1st_base,,,https://www.sportscardspro.com/game/baseball-cards-2024-bowman-draft-chrome-prospect-autograph/carter-johnson-cpa-cj,
Carter Mathison,701296,2024,draft,hitter,bowman_1st_base,,,https://www.sportscardspro.com/game/baseball-cards-2024-bowman-draft-chrome-prospect-autograph/carter-mathison-cpa-cma,
Casey Cook,695517,2024,draft,hitter,bowman_1st_base,,,https://www.sportscardspro.com/game/baseball-cards-2024-bowman-draft-chrome-prospect-autograph/casey-cook-cpa-ccy,
Casey Saucke,695565,2024,draft,hitter,bowman_1st_base,,,https://www.sportscardspro.com/game/baseball-cards-2024-bowman-draft-chrome-prospect-autograph/casey-saucke-cpa-csa,
Cesar Quintas,692364,2024,chrome,hitter,bowman_1st_base,,,https://www.sportscardspro.com/game/baseball-cards-2024-bowman-chrome-prospects-autograph/cesar-quintas-cpa-cq,
Chandler Pollard,702550,2024,chrome,hitter,bowman_1st_base,,,https://www.sportscardspro.com/game/baseball-cards-2024-bowman-chrome-prospects-autograph/chandler-pollard-cpa-cp,
Chase Harlan,815792,2024,draft,hitter,bowman_1st_base,,,https://www.sportscardspro.com/game/baseball-cards-2024-bowman-draft-chrome-prospect-autograph/chase-harlan-cpa-cha,
Chris Cortez,700933,2024,draft,pitcher,bowman_1st_base,,,https://www.sportscardspro.com/game/baseball-cards-2024-bowman-draft-chrome-prospect-autograph/chris-cortez-cpa-ccz,
Christopher Familia,683532,2024,chrome,hitter,bowman_1st_base,baseball-cards-2024-bowman-chrome-prospects,https://www.sportscardspro.com/game/baseball-cards-2024-bowman-chrome-prospects/christopher-familia-bcp-154,https://www.sportscardspro.com/game/baseball-cards-2024-bowman-chrome-prospects-autograph/christopher-familia-cpa-cf,
Clayton Campbell,693073,2024,chrome,hitter,bowman_1st_base,,,https://www.sportscardspro.com/game/baseball-cards-2024-bowman-chrome-prospects-autograph/clayton-campbell-cpa-cca,
Cole Mathis,695573,2024,draft,hitter,bowman_1st_base,,,https://www.sportscardspro.com/game/baseball-cards-2024-bowman-draft-chrome-prospect-autograph/cole-mathis-cpa-cms,
Cole Messina,701783,2024,draft,hitter,bowman_1st_base,,,https://www.sportscardspro.com/game/baseball-cards-2024-bowman-draft-chrome-prospect-autograph/cole-messina-cpa-cme,
Connor Foley,805879,2024,draft,pitcher,bowman_1st_base,,,https://www.sportscardspro.com/game/baseball-cards-2024-bowman-draft-chrome-prospect-autograph/connor-foley-cpa-cf,
Cristopher Larez,807003,2024,chrome,hitter,bowman_1st_base,,,https://www.sportscardspro.com/game/baseball-cards-2024-bowman-chrome-prospects-autograph/cristopher-larez-cpa-cla,
Curley Martha,815907,2024,chrome,hitter,bowman_1st_base,baseball-cards-2024-bowman-chrome-prospects,https://www.sportscardspro.com/game/baseball-cards-2024-bowman-chrome-prospects/curley-martha-bcp-168,https://www.sportscardspro.com/game/baseball-cards-2024-bowman-chrome-prospects-autograph/curley-martha-cpa-cm,
Daiber De Los Santos,815893,2024,chrome,hitter,bowman_1st_base,baseball-cards-2024-bowman-chrome-prospects,https://www.sportscardspro.com/game/baseball-cards-2024-bowman-chrome-prospects/daiber-de-los-santos-bcp-185,https://www.sportscardspro.com/game/baseball-cards-2024-bowman-chrome-prospects-autograph/daiber-de-los-santos-cpa-dd,
Dakota Jordan,702607,2024,draft,hitter,bowman_1st_base,baseball-cards-2025-bowman-draft-chrome,https://www.sportscardspro.com/game/baseball-cards-2025-bowman-draft-chrome/dakota-jordan-bdc-139,https://www.sportscardspro.com/game/baseball-cards-2024-bowman-draft-chrome-prospect-autograph/dakota-jordan-cpa-dj,
Dameury Pena,808365,2024,chrome,hitter,bowman_1st_base,baseball-cards-2024-bowman-chrome-prospects,https://www.sportscardspro.com/game/baseball-cards-2024-bowman-chrome-prospects/dameury-pena-bcp-167,https://www.sportscardspro.com/game/baseball-cards-2024-bowman-chrome-prospects-autograph/dameury-pena-cpa-dpe,
Daniel Eagen,811666,2024,draft,pitcher,bowman_1st_base,,,https://www.sportscardspro.com/game/baseball-cards-2024-bowman-draft-chrome-prospect-autograph/daniel-eagen-cpa-de,
Dante Nori,807276,2024,draft,hitter,bowman_1st_base,baseball-cards-2025-bowman-draft-chrome,https://www.sportscardspro.com/game/baseball-cards-2025-bowman-draft-chrome/dante-nori-bdc-33,https://www.sportscardspro.com/game/baseball-cards-2024-bowman-draft-chrome-prospect-autograph/dante-nori-cpa-dn,
Darling Fernandez,807000,2024,chrome,hitter,bowman_1st_base,baseball-cards-2024-bowman-chrome-prospects,https://www.sportscardspro.com/game/baseball-cards-2024-bowman-chrome-prospects/darling-fernandez-bcp-184,https://www.sportscardspro.com/game/baseball-cards-2024-bowman-chrome-prospects-autograph/darling-fernandez-cpa-df,
David Guzman,807999,2024,chrome,hitter,bowman_1st_base,baseball-cards-2024-bowman-chrome-prospects,https://www.sportscardspro.com/game/baseball-cards-2024-bowman-chrome-prospects/david-guzman-bcp-114,https://www.sportscardspro.com/game/baseball-cards-2024-bowman-chrome-prospects-autograph/david-guzman-cpa-dgn,
Dawel Joseph,815892,2024,chrome,hitter,bowman_1st_base,baseball-cards-2024-bowman-chrome-prospects,https://www.sportscardspro.com/game/baseball-cards-2024-bowman-chrome-prospects/dawel-joseph-bcp-176,https://www.sportscardspro.com/game/baseball-cards-2024-bowman-chrome-prospects-autograph/dawel-joseph-cpa-dj,
Derek Bernard,800204,2024,chrome,hitter,bowman_1st_base,baseball-cards-2024-bowman-chrome-prospects,https://www.sportscardspro.com/game/baseball-cards-2024-bowman-chrome-prospects/derek-bernard-bcp-225,https://www.sportscardspro.com/game/baseball-cards-2024-bowman-chrome-prospects-autograph/derek-bernard-cpa-db,
Diego Benitez,698902,2024,chrome,hitter,bowman_1st_base,baseball-cards-2024-bowman-chrome-prospects,https://www.sportscardspro.com/game/baseball-cards-2024-bowman-chrome-prospects/diego-benitez-bcp-39,https://www.sportscardspro.com/game/baseball-cards-2024-bowman-chrome-prospects-autograph/diego-benitez-cpa-db,
Dominic Pitelli,694689,2024,chrome,hitter,bowman_1st_base,,,https://www.sportscardspro.com/game/baseball-cards-2024-bowman-chrome-prospects-autograph/dominic-pitelli-cpa-dpi,
Douglas Glod,800180,2024,chrome,hitter,bowman_1st_base,baseball-cards-2024-bowman-chrome-prospects,https://www.sportscardspro.com/game/baseball-cards-2024-bowman-chrome-prospects/douglas-glod-bcp-11,https://www.sportscardspro.com/game/baseball-cards-2024-bowman-chrome-prospects-autograph/douglas-glod-cpa-dg,
Drew Beam,701795,2024,draft,pitcher,bowman_1st_base,,,https://www.sportscardspro.com/game/baseball-cards-2024-bowman-draft-chrome-prospect-autograph/drew-beam-cpa-db,
Dylan Dreiling,702662,2024,draft,hitter,bowman_1st_base,,,https://www.sportscardspro.com/game/baseball-cards-2024-bowman-draft-chrome-prospect-autograph/dylan-dreiling-cpa-dd,
Echedry Vargas,800448,2024,chrome,hitter,bowman_1st_base,baseball-cards-2024-bowman-chrome-prospects,https://www.sportscardspro.com/game/baseball-cards-2024-bowman-chrome-prospects/echedry-vargas-bcp-163,https://www.sportscardspro.com/game/baseball-cards-2024-bowman-chrome-prospects-autograph/echedry-vargas-cpa-ev,
Eddie Rynders,815535,2024,draft,hitter,bowman_1st_base,,,https://www.sportscardspro.com/game/baseball-cards-2024-bowman-draft-chrome-prospect-autograph/eddie-rynders-cpa-er,
Eduardo Beltre,815924,2024,chrome,hitter,bowman_1st_base,baseball-cards-2024-bowman-chrome-prospects,https://www.sportscardspro.com/game/baseball-cards-2024-bowman-chrome-prospects/eduardo-beltre-bcp-170,https://www.sportscardspro.com/game/baseball-cards-2024-bowman-chrome-prospects-autograph/eduardo-beltre-cpa-eb,
Eduardo Herrera,672620,2024,chrome,pitcher,bowman_1st_base,baseball-cards-2024-bowman-chrome-prospects,https://www.sportscardspro.com/game/baseball-cards-2024-bowman-chrome-prospects/eduardo-herrera-bcp-228,https://www.sportscardspro.com/game/baseball-cards-2024-bowman-chrome-prospects-autograph/eduardo-herrera-cpa-eh,
Eduardo Tait,806953,2024,chrome,hitter,bowman_1st_base,baseball-cards-2024-bowman-chrome-prospects,https://www.sportscardspro.com/game/baseball-cards-2024-bowman-chrome-prospects/eduardo-tait-bcp-164,https://www.sportscardspro.com/game/baseball-cards-2024-bowman-chrome-prospects-autograph/eduardo-tait-cpa-et,
Edward Lantigua,815928,2024,chrome,hitter,bowman_1st_base,baseball-cards-2024-bowman-chrome-prospects,https://www.sportscardspro.com/game/baseball-cards-2024-bowman-chrome-prospects/edward-lantigua-bcp-246,https://www.sportscardspro.com/game/baseball-cards-2024-bowman-chrome-prospects-autograph/edward-lantigua-cpa-el,
Eli Serrano,702501,2024,draft,hitter,bowman_1st_base,,,https://www.sportscardspro.com/game/baseball-cards-2024-bowman-draft-chrome-prospect-autograph/eli-serrano-cpa-ese,
Elias Medina,808257,2024,chrome,hitter,bowman_1st_base,baseball-cards-2024-bowman-chrome-prospects,https://www.sportscardspro.com/game/baseball-cards-2024-bowman-chrome-prospects/elias-medina-bcp-183,https://www.sportscardspro.com/game/baseball-cards-2024-bowman-chrome-prospects-autograph/elias-medina-cpa-eme,
Emil Morales,815896,2024,chrome,hitter,bowman_1st_base,baseball-cards-2024-bowman-chrome-prospects,https://www.sportscardspro.com/game/baseball-cards-2024-bowman-chrome-prospects/emil-morales-bcp-221,https://www.sportscardspro.com/game/baseball-cards-2024-bowman-chrome-prospects-autograph/emil-morales-cpa-em,
Emilio Sanchez,815916,2024,chrome,hitter,bowman_1st_base,baseball-cards-2024-bowman-chrome-prospects,https://www.sportscardspro.com/game/baseball-cards-2024-bowman-chrome-prospects/emilio-sanchez-bcp-241,https://www.sportscardspro.com/game/baseball-cards-2024-bowman-chrome-prospects-autograph/emilio-sanchez-cpa-es,
Enmanuel Tejeda,800285,2024,chrome,hitter,bowman_1st_base,baseball-cards-2024-bowman-chrome-prospects,https://www.sportscardspro.com/game/baseball-cards-2024-bowman-chrome-prospects/enmanuel-tejeda-bcp-103,https://www.sportscardspro.com/game/baseball-cards-2024-bowman-chrome-prospects-autograph/enmanuel-tejeda-cpa-ete,
Enrique Jimenez,806992,2024,chrome,hitter,bowman_1st_base,baseball-cards-2024-bowman-chrome-prospects,https://www.sportscardspro.com/game/baseball-cards-2024-bowman-chrome-prospects/enrique-jimenez-bcp-31,https://www.sportscardspro.com/game/baseball-cards-2024-bowman-chrome-prospects-autograph/enrique-jimenez-cpa-ej,
Erick Bautista,805236,2024,chrome,hitter,bowman_1st_base,,,https://www.sportscardspro.com/game/baseball-cards-2024-bowman-chrome-prospects-autograph/erick-bautista-cpa-eb,
Erick Torres,805075,2024,chrome,hitter,bowman_1st_base,,,https://www.sportscardspro.com/game/baseball-cards-2024-bowman-chrome-prospects-autograph/erick-torres-cpa-et,
Eriel Dihigo,821128,2024,chrome,hitter,bowman_1st_base,baseball-cards-2024-bowman-chrome-prospects,https://www.sportscardspro.com/game/baseball-cards-2024-bowman-chrome-prospects/eriel-dihigo-bcp-200,https://www.sportscardspro.com/game/baseball-cards-2024-bowman-chrome-prospects-autograph/eriel-dihigo-cpa-ed,
Esmil Valencia,806982,2024,chrome,hitter,bowman_1st_base,baseball-cards-2024-bowman-chrome-prospects,https://www.sportscardspro.com/game/baseball-cards-2024-bowman-chrome-prospects/esmil-valencia-bcp-75,https://www.sportscardspro.com/game/baseball-cards-2024-bowman-chrome-prospects-autograph/esmil-valencia-cpa-evi,
Estuar Suero,800209,2024,chrome,hitter,bowman_1st_base,baseball-cards-2024-bowman-chrome-prospects,https://www.sportscardspro.com/game/baseball-cards-2024-bowman-chrome-prospects/estuar-suero-bcp-63,https://www.sportscardspro.com/game/baseball-cards-2024-bowman-chrome-prospects-autograph/estuar-suero-cpa-es,
Ethan Schiefelbein,815162,2024,draft,pitcher,bowman_1st_base,,,https://www.sportscardspro.com/game/baseball-cards-2024-bowman-draft-chrome-prospect-autograph/ethan-schiefelbein-cpa-es,
Felix Morrobel,807011,2024,chrome,hitter,bowman_1st_base,baseball-cards-2024-bowman-chrome-prospects,https://www.sportscardspro.com/game/baseball-cards-2024-bowman-chrome-prospects/felix-morrobel-bcp-121,https://www.sportscardspro.com/game/baseball-cards-2024-bowman-chrome-prospects-autograph/felix-morrobel-cpa-fm,
Felix Taveras,692406,2024,chrome,hitter,bowman_1st_base,,,https://www.sportscardspro.com/game/baseball-cards-2024-bowman-chrome-prospects-autograph/felix-taveras-cpa-ft,
Fenwick Trimble,814458,2024,draft,hitter,bowman_1st_base,,,https://www.sportscardspro.com/game/baseball-cards-2024-bowman-draft-chrome-prospect-autograph/fenwick-trimble-cpa-ft,
Francisco Vilorio,815910,2024,chrome,hitter,bowman_1st_base,baseball-cards-2024-bowman-chrome-prospects,https://www.sportscardspro.com/game/baseball-cards-2024-bowman-chrome-prospects/francisco-vilorio-bcp-169,https://www.sportscardspro.com/game/baseball-cards-2024-bowman-chrome-prospects-autograph/francisco-vilorio-cpa-fv,
Fraymi De Leon,703205,2024,chrome,hitter,bowman_1st_base,,,https://www.sportscardspro.com/game/baseball-cards-2024-bowman-chrome-prospects-autograph/fraymi-de-leon-cpa-fd,
Gabriel Lara,808106,2024,chrome,hitter,bowman_1st_base,,,https://www.sportscardspro.com/game/baseball-cards-2024-bowman-chrome-prospects-autograph/gabriel-lara-cpa-gl,
Gage Miller,824028,2024,draft,hitter,bowman_1st_base,,,https://www.sportscardspro.com/game/baseball-cards-2024-bowman-draft-chrome-prospect-autograph/gage-miller-cpa-gm,
Gage Ziehl,695721,2024,draft,pitcher,bowman_1st_base,,,https://www.sportscardspro.com/game/baseball-cards-2024-bowman-draft-chrome-prospect-autograph/gage-ziehl-cpa-gz,
Gavin Dugas,681171,2024,chrome,hitter,bowman_1st_base,,,https://www.sportscardspro.com/game/baseball-cards-2024-bowman-chrome-prospects-autograph/gavin-dugas-cpa-gd,
George Wolkow,805804,2024,chrome,hitter,bowman_1st_base,baseball-cards-2024-bowman-chrome-prospects,https://www.sportscardspro.com/game/baseball-cards-2024-bowman-chrome-prospects/george-wolkow-bcp-144,https://www.sportscardspro.com/game/baseball-cards-2024-bowman-chrome-prospects-autograph/george-wolkow-cpa-gwo,
German Ramirez,806993,2024,chrome,hitter,bowman_1st_base,baseball-cards-2024-bowman-chrome-prospects,https://www.sportscardspro.com/game/baseball-cards-2024-bowman-chrome-prospects/german-ramirez-bcp-93,https://www.sportscardspro.com/game/baseball-cards-2024-bowman-chrome-prospects-autograph/german-ramirez-cpa-gr,
Greylin De La Paz,821000,2024,chrome,hitter,bowman_1st_base,baseball-cards-2024-bowman-chrome-prospects,https://www.sportscardspro.com/game/baseball-cards-2024-bowman-chrome-prospects/greylin-de-la-paz-bcp-181,https://www.sportscardspro.com/game/baseball-cards-2024-bowman-chrome-prospects-autograph/greylin-de-la-paz-cpa-gd,
Griff O'Ferrall,803172,2024,draft,hitter,bowman_1st_base,,,https://www.sportscardspro.com/game/baseball-cards-2024-bowman-draft-chrome-prospect-autograph/griff-o%27ferrall-cpa-go,
Griffin Burkholder,816120,2024,draft,hitter,bowman_1st_base,,,https://www.sportscardspro.com/game/baseball-cards-2024-bowman-draft-chrome-prospect-autograph/griffin-burkholder-cpa-gb,
Guillermo Williamson,702908,2024,chrome,hitter,bowman_1st_base,,,https://www.sportscardspro.com/game/baseball-cards-2024-bowman-chrome-prospects-autograph/guillermo-williamson-cpa-gwi,
Heriberto Rincon,808298,2024,chrome,hitter,bowman_1st_base,baseball-cards-2024-bowman-chrome-prospects,https://www.sportscardspro.com/game/baseball-cards-2024-bowman-chrome-prospects/heriberto-rincon-bcp-172,https://www.sportscardspro.com/game/baseball-cards-2024-bowman-chrome-prospects-autograph/heriberto-rincon-cpa-hr,
Herick Hernandez,803349,2024,draft,pitcher,bowman_1st_base,,,https://www.sportscardspro.com/game/baseball-cards-2024-bowman-draft-chrome-prospect-autograph/herick-hernandez-cpa-hh,
Isaiah Drake,806061,2024,chrome,hitter,bowman_1st_base,baseball-cards-2024-bowman-chrome-prospects,https://www.sportscardspro.com/game/baseball-cards-2024-bowman-chrome-prospects/isaiah-drake-bcp-21,https://www.sportscardspro.com/game/baseball-cards-2024-bowman-chrome-prospects-autograph/isaiah-drake-cpa-id,
Ivan Luciano,813930,2024,draft,hitter,bowman_1st_base,,,https://www.sportscardspro.com/game/baseball-cards-2024-bowman-draft-chrome-prospect-autograph/ivan-luciano-cpa-il,
Iverson Allen,821044,2024,chrome,hitter,bowman_1st_base,,,https://www.sportscardspro.com/game/baseball-cards-2024-bowman-chrome-prospects-autograph/iverson-allen-cpa-ia,
J.D. Gonzalez,806083,2024,chrome,hitter,bowman_1st_base,baseball-cards-2024-bowman-chrome-prospects,https://www.sportscardspro.com/game/baseball-cards-2024-bowman-chrome-prospects/jd-gonzalez-bcp-111,https://www.sportscardspro.com/game/baseball-cards-2024-bowman-chrome-prospects-autograph/jd-gonzalez-cpa-jgo,
JD Dix,807267,2024,draft,hitter,bowman_1st_base,baseball-cards-2025-bowman-draft-chrome,https://www.sportscardspro.com/game/baseball-cards-2025-bowman-draft-chrome/jd-dix-bdc-161,https://www.sportscardspro.com/game/baseball-cards-2024-bowman-draft-chrome-prospect-autograph/jd-dix-cpa-jd,
Jacob Burke,804240,2024,chrome,hitter,bowman_1st_base,baseball-cards-2024-bowman-chrome-prospects,https://www.sportscardspro.com/game/baseball-cards-2024-bowman-chrome-prospects/jacob-burke-bcp-116,https://www.sportscardspro.com/game/baseball-cards-2024-bowman-chrome-prospects-autograph/jacob-burke-cpa-jb,
Jacob Cozart,695524,2024,draft,hitter,bowman_1st_base,,,https://www.sportscardspro.com/game/baseball-cards-2024-bowman-draft-chrome-prospect-autograph/jacob-cozart-cpa-jco,
Jadher Areinamo,699130,2024,chrome,hitter,bowman_1st_base,baseball-cards-2024-bowman-chrome-prospects,https://www.sportscardspro.com/game/baseball-cards-2024-bowman-chrome-prospects/jadher-areinamo-bcp-2,https://www.sportscardspro.com/game/baseball-cards-2024-bowman-chrome-prospects-autograph/jadher-areinamo-cpa-ja,
Jaeden Calderon,808496,2024,chrome,hitter,bowman_1st_base,,,https://www.sportscardspro.com/game/baseball-cards-2024-bowman-chrome-prospects-autograph/jaeden-calderon-cpa-jcn,
Jaime Ferrer,695634,2024,draft,hitter,bowman_1st_base,,,https://www.sportscardspro.com/game/baseball-cards-2024-bowman-draft-chrome-prospect-autograph/jaime-ferrer-cpa-jf,
Jalvin Arias,815003,2024,chrome,hitter,bowman_1st_base,baseball-cards-2024-bowman-chrome-prospects,https://www.sportscardspro.com/game/baseball-cards-2024-bowman-chrome-prospects/jalvin-arias-bcp-226,https://www.sportscardspro.com/game/baseball-cards-2024-bowman-chrome-prospects-autograph/jalvin-arias-cpa-ja,
James Tibbs III,696486,2024,draft,hitter,bowman_1st_base,baseball-cards-2025-bowman-draft-chrome,https://www.sportscardspro.com/game/baseball-cards-2025-bowman-draft-chrome/james-tibbs-iii-bdc-74,https://www.sportscardspro.com/game/baseball-cards-2024-bowman-draft-chrome-prospect-autograph/james-tibbs-iii-cpa-jt,
Jancory De La Cruz,808519,2024,chrome,hitter,bowman_1st_base,,,https://www.sportscardspro.com/game/baseball-cards-2024-bowman-chrome-prospects-autograph/jancory-de-la-cruz-cpa-jdl,
Janero Miller,806977,2024,chrome,pitcher,bowman_1st_base,,,https://www.sportscardspro.com/game/baseball-cards-2024-bowman-chrome-prospects-autograph/janero-miller-cpa-jm,
Jared Dickey,801406,2024,chrome,hitter,bowman_1st_base,baseball-cards-2024-bowman-chrome-prospects,https://www.sportscardspro.com/game/baseball-cards-2024-bowman-chrome-prospects/jared-dickey-bcp-19,https://www.sportscardspro.com/game/baseball-cards-2024-bowman-chrome-prospects-autograph/jared-dickey-cpa-jdi,
Jared Thomas,703606,2024,draft,hitter,bowman_1st_base,baseball-cards-2025-bowman-draft-chrome,https://www.sportscardspro.com/game/baseball-cards-2025-bowman-draft-chrome/jared-thomas-bdc-147,https://www.sportscardspro.com/game/baseball-cards-2024-bowman-draft-chrome-prospect-autograph/jared-thomas-cpa-jth,
Jaron DeBerry,809229,2024,draft,pitcher,bowman_1st_base,,,https://www.sportscardspro.com/game/baseball-cards-2024-bowman-draft-chrome-prospect-autograph/jaron-deberry-cpa-jde,
Jaron Elkins,814696,2024,chrome,hitter,bowman_1st_base,baseball-cards-2024-bowman-chrome-prospects,https://www.sportscardspro.com/game/baseball-cards-2024-bowman-chrome-prospects/jaron-elkins-bcp-106,https://www.sportscardspro.com/game/baseball-cards-2024-bowman-chrome-prospects-autograph/jaron-elkins-cpa-je,
Javier Francisco,695223,2024,chrome,hitter,bowman_1st_base,,,https://www.sportscardspro.com/game/baseball-cards-2024-bowman-chrome-prospects-autograph/javier-francisco-cpa-jfa,
Jeffry Rosa,800251,2024,chrome,hitter,bowman_1st_base,,,https://www.sportscardspro.com/game/baseball-cards-2024-bowman-chrome-prospects-autograph/jeffry-rosa-cpa-jro,
Jeral Perez,800419,2024,chrome,hitter,bowman_1st_base,baseball-cards-2024-bowman-chrome-prospects,https://www.sportscardspro.com/game/baseball-cards-2024-bowman-chrome-prospects/jeral-perez-bcp-158,https://www.sportscardspro.com/game/baseball-cards-2024-bowman-chrome-prospects-autograph/jeral-perez-cpa-jp,
Jeremy Ciriaco,807994,2024,chrome,hitter,bowman_1st_base,baseball-cards-2024-bowman-chrome-prospects,https://www.sportscardspro.com/game/baseball-cards-2024-bowman-chrome-prospects/jeremy-ciriaco-bcp-165,https://www.sportscardspro.com/game/baseball-cards-2024-bowman-chrome-prospects-autograph/jeremy-ciriaco-cpa-jc,
Jeremy Rodriguez,807007,2024,chrome,hitter,bowman_1st_base,,,https://www.sportscardspro.com/game/baseball-cards-2024-bowman-chrome-prospects-autograph/jeremy-rodriguez-cpa-jrz,
Jeter Martinez,807002,2024,chrome,pitcher,bowman_1st_base,baseball-cards-2024-bowman-chrome-prospects,https://www.sportscardspro.com/game/baseball-cards-2024-bowman-chrome-prospects/jeter-martinez-bcp-219,https://www.sportscardspro.com/game/baseball-cards-2024-bowman-chrome-prospects-autograph/jeter-martinez-cpa-jmz,
Johanfran Garcia,703190,2024,chrome,hitter,bowman_1st_base,baseball-cards-2024-bowman-chrome-prospects,https://www.sportscardspro.com/game/baseball-cards-2024-bowman-chrome-prospects/johanfran-garcia-bcp-49,https://www.sportscardspro.com/game/baseball-cards-2024-bowman-chrome-prospects-autograph/johanfran-garcia-cpa-jg,
John Cruz,800476,2024,chrome,hitter,bowman_1st_base,baseball-cards-2024-bowman-chrome-prospects,https://www.sportscardspro.com/game/baseball-cards-2024-bowman-chrome-prospects/john-cruz-bcp-77,https://www.sportscardspro.com/game/baseball-cards-2024-bowman-chrome-prospects-autograph/john-cruz-cpa-jcz,
John Spikerman,701811,2024,draft,hitter,bowman_1st_base,,,https://www.sportscardspro.com/game/baseball-cards-2024-bowman-draft-chrome-prospect-autograph/john-spikerman-cpa-jsp,
John Wimmer,814091,2024,chrome,hitter,bowman_1st_base,baseball-cards-2024-bowman-chrome-prospects,https://www.sportscardspro.com/game/baseball-cards-2024-bowman-chrome-prospects/john-wimmer-bcp-78,https://www.sportscardspro.com/game/baseball-cards-2024-bowman-chrome-prospects-autograph/john-wimmer-cpa-jw,
Johnny King,803516,2024,draft,pitcher,bowman_1st_base,,,https://www.sportscardspro.com/game/baseball-cards-2024-bowman-draft-chrome-prospect-autograph/johnny-king-cpa-jki,
Jonathan Santucci,695558,2024,draft,pitcher,bowman_1st_base,,,https://www.sportscardspro.com/game/baseball-cards-2024-bowman-draft-chrome-prospect-autograph/jonathan-santucci-cpa-js,
Jorge Marcheco,703420,2024,chrome,pitcher,bowman_1st_base,,,https://www.sportscardspro.com/game/baseball-cards-2024-bowman-chrome-prospects-autograph/jorge-marcheco-cpa-jmh,
Jose Castro,452765,2024,chrome,hitter,bowman_1st_base,baseball-cards-2024-bowman-chrome-prospects,https://www.sportscardspro.com/game/baseball-cards-2024-bowman-chrome-prospects/jose-castro-bcp-175,https://www.sportscardspro.com/game/baseball-cards-2024-bowman-chrome-prospects-autograph/jose-castro-cpa-jco,
Jose Perdomo,815899,2024,chrome,hitter,bowman_1st_base,baseball-cards-2024-bowman-chrome-prospects,https://www.sportscardspro.com/game/baseball-cards-2024-bowman-chrome-prospects/jose-perdomo-bcp-220,https://www.sportscardspro.com/game/baseball-cards-2024-bowman-chrome-prospects-autograph/jose-perdomo-cpa-jp,
Josh Adamczewski,815304,2024,chrome,hitter,bowman_1st_base,,,https://www.sportscardspro.com/game/baseball-cards-2024-bowman-chrome-prospects-autograph/josh-adamczewski-cpa-jai,
Josh Caron,701805,2024,draft,hitter,bowman_1st_base,,,https://www.sportscardspro.com/game/baseball-cards-2024-bowman-draft-chrome-prospect-autograph/josh-caron-cpa-jca,
Josh Rivera,687069,2024,chrome,hitter,bowman_1st_base,baseball-cards-2024-bowman-chrome-prospects,https://www.sportscardspro.com/game/baseball-cards-2024-bowman-chrome-prospects/josh-rivera-bcp-115,https://www.sportscardspro.com/game/baseball-cards-2024-bowman-chrome-prospects-autograph/josh-rivera-cpa-jri,
Joswa Lugo,815915,2024,chrome,hitter,bowman_1st_base,baseball-cards-2024-bowman-chrome-prospects,https://www.sportscardspro.com/game/baseball-cards-2024-bowman-chrome-prospects/joswa-lugo-bcp-237,https://www.sportscardspro.com/game/baseball-cards-2024-bowman-chrome-prospects-autograph/joswa-lugo-cpa-jl,
Juan Baez,800345,2024,chrome,hitter,bowman_1st_base,baseball-cards-2024-bowman-chrome-prospects,https://www.sportscardspro.com/game/baseball-cards-2024-bowman-chrome-prospects/juan-baez-bcp-160,https://www.sportscardspro.com/game/baseball-cards-2024-bowman-chrome-prospects-autograph/juan-baez-cpa-jba,
Juan Flores,808129,2024,chrome,hitter,bowman_1st_base,baseball-cards-2024-bowman-chrome-prospects,https://www.sportscardspro.com/game/baseball-cards-2024-bowman-chrome-prospects/juan-flores-bcp-234,https://www.sportscardspro.com/game/baseball-cards-2024-bowman-chrome-prospects-autograph/juan-flores-cpa-jf,
Julio Zayas,808289,2024,chrome,hitter,bowman_1st_base,baseball-cards-2024-bowman-chrome-prospects,https://www.sportscardspro.com/game/baseball-cards-2024-bowman-chrome-prospects/julio-zayas-bcp-162,https://www.sportscardspro.com/game/baseball-cards-2024-bowman-chrome-prospects-autograph/julio-zayas-cpa-jz,
Jurdrick Profar,821673,2024,chrome,hitter,bowman_1st_base,baseball-cards-2024-bowman-chrome-prospects,https://www.sportscardspro.com/game/baseball-cards-2024-bowman-chrome-prospects/jurdrick-profar-bcp-218,https://www.sportscardspro.com/game/baseball-cards-2024-bowman-chrome-prospects-autograph/jurdrick-profar-cpa-jpr,
Kalae Harrison,695013,2024,chrome,hitter,bowman_1st_base,,,https://www.sportscardspro.com/game/baseball-cards-2024-bowman-chrome-prospects-autograph/kalae-harrison-cpa-kh,
Kannon Kemp,807748,2024,chrome,pitcher,bowman_1st_base,,,https://www.sportscardspro.com/game/baseball-cards-2024-bowman-chrome-prospects-autograph/kannon-kemp-cpa-kk,
Kash Mayfield,824026,2024,draft,pitcher,bowman_1st_base,baseball-cards-2025-bowman-draft-chrome,https://www.sportscardspro.com/game/baseball-cards-2025-bowman-draft-chrome/kash-mayfield-bdc-95,https://www.sportscardspro.com/game/baseball-cards-2024-bowman-draft-chrome-prospect-autograph/kash-mayfield-cpa-km,
Kavares Tears,701837,2024,draft,hitter,bowman_1st_base,,,https://www.sportscardspro.com/game/baseball-cards-2024-bowman-draft-chrome-prospect-autograph/kavares-tears-cpa-kt,
Kellon Lindsey,813916,2024,draft,hitter,bowman_1st_base,baseball-cards-2025-bowman-chrome-prospects,https://www.sportscardspro.com/game/baseball-cards-2025-bowman-chrome-prospects/kellon-lindsey-bcp-137,https://www.sportscardspro.com/game/baseball-cards-2024-bowman-draft-chrome-prospect-autograph/kellon-lindsey-cpa-kl,
Kelvin Hidalgo,800193,2024,chrome,hitter,bowman_1st_base,,,https://www.sportscardspro.com/game/baseball-cards-2024-bowman-chrome-prospects-autograph/kelvin-hidalgo-cpa-khi,
Khal Stephen,701590,2024,draft,pitcher,bowman_1st_base,,,https://www.sportscardspro.com/game/baseball-cards-2024-bowman-draft-chrome-prospect-autograph/khal-stephen-cpa-ks,
Kodey Shojinaga,809975,2024,draft,hitter,bowman_1st_base,,,https://www.sportscardspro.com/game/baseball-cards-2024-bowman-draft-chrome-prospect-autograph/kodey-shojinaga-cpa-ksh,
Kyle Henley,806120,2024,chrome,hitter,bowman_1st_base,,,https://www.sportscardspro.com/game/baseball-cards-2024-bowman-chrome-prospects-autograph/kyle-henley-cpa-khy,
Leiker Figueroa,800303,2024,chrome,hitter,bowman_1st_base,,,https://www.sportscardspro.com/game/baseball-cards-2024-bowman-chrome-prospects-autograph/leiker-figueroa-cpa-lf,
Leo De Vries,815888,2024,chrome,hitter,bowman_1st_base,baseball-cards-2024-bowman-chrome-prospects,https://www.sportscardspro.com/game/baseball-cards-2024-bowman-chrome-prospects/leo-de-vries-bcp-179,https://www.sportscardspro.com/game/baseball-cards-2024-bowman-chrome-prospects-autograph/leo-de-vries-cpa-ld,
Levi Sterling,815552,2024,draft,pitcher,bowman_1st_base,,,https://www.sportscardspro.com/game/baseball-cards-2024-bowman-draft-chrome-prospect-autograph/levi-sterling-cpa-ls,
Lisbel Diaz,815464,2024,chrome,hitter,bowman_1st_base,baseball-cards-2024-bowman-chrome-prospects,https://www.sportscardspro.com/game/baseball-cards-2024-bowman-chrome-prospects/lisbel-diaz-bcp-194,https://www.sportscardspro.com/game/baseball-cards-2024-bowman-chrome-prospects-autograph/lisbel-diaz-cpa-ldi,
Luis Baez,800232,2024,chrome,hitter,bowman_1st_base,baseball-cards-2024-bowman-chrome-prospects,https://www.sportscardspro.com/game/baseball-cards-2024-bowman-chrome-prospects/luis-baez-bcp-248,https://www.sportscardspro.com/game/baseball-cards-2024-bowman-chrome-prospects-autograph/luis-baez-cpa-lb,
Luis Suisbel,692044,2024,chrome,hitter,bowman_1st_base,,,https://www.sportscardspro.com/game/baseball-cards-2024-bowman-chrome-prospects-autograph/luis-suisbel-cpa-ls,
Luke Adams,702726,2024,chrome,hitter,bowman_1st_base,baseball-cards-2024-bowman-chrome-prospects,https://www.sportscardspro.com/game/baseball-cards-2024-bowman-chrome-prospects/luke-adams-bcp-50,https://www.sportscardspro.com/game/baseball-cards-2024-bowman-chrome-prospects-autograph/luke-adams-cpa-la,
Luke Holman,695705,2024,draft,pitcher,bowman_1st_base,,,https://www.sportscardspro.com/game/baseball-cards-2024-bowman-draft-chrome-prospect-autograph/luke-holman-cpa-lh,
Maikol Orozco,807004,2024,chrome,hitter,bowman_1st_base,,,https://www.sportscardspro.com/game/baseball-cards-2024-bowman-chrome-prospects-autograph/maikol-orozco-cpa-mo,
Marco Corcho,806866,2024,chrome,pitcher,bowman_1st_base,,,https://www.sportscardspro.com/game/baseball-cards-2024-bowman-chrome-prospects-autograph/marco-corcho-cpa-mc,
Mario Baez,808545,2024,chrome,hitter,bowman_1st_base,baseball-cards-2024-bowman-chrome-prospects,https://www.sportscardspro.com/game/baseball-cards-2024-bowman-chrome-prospects/mario-baez-bcp-153,https://www.sportscardspro.com/game/baseball-cards-2024-bowman-chrome-prospects-autograph/mario-baez-cpa-mb,
Marvin Alcantara,800421,2024,chrome,hitter,bowman_1st_base,,,https://www.sportscardspro.com/game/baseball-cards-2024-bowman-chrome-prospects-autograph/marvin-alcantara-cpa-ma,
Mason McGwire,702576,2024,chrome,pitcher,bowman_1st_base,,,https://www.sportscardspro.com/game/baseball-cards-2024-bowman-chrome-prospects-autograph/mason-mcgwire-cpa-mm,
Max Wagner,694484,2024,chrome,hitter,bowman_1st_base,baseball-cards-2024-bowman-chrome-prospects,https://www.sportscardspro.com/game/baseball-cards-2024-bowman-chrome-prospects/max-wagner-bcp-18,https://www.sportscardspro.com/game/baseball-cards-2024-bowman-chrome-prospects-autograph/max-wagner-cpa-mw,
Miguel Palma,682692,2024,chrome,hitter,bowman_1st_base,baseball-cards-2024-bowman-chrome-prospects,https://www.sportscardspro.com/game/baseball-cards-2024-bowman-chrome-prospects/miguel-palma-bcp-166,https://www.sportscardspro.com/game/baseball-cards-2024-bowman-chrome-prospects-autograph/miguel-palma-cpa-mp,
Mike Sirota,701527,2024,draft,hitter,bowman_1st_base,baseball-cards-2025-bowman-draft-chrome,https://www.sportscardspro.com/game/baseball-cards-2025-bowman-draft-chrome/mike-sirota-bdc-11,https://www.sportscardspro.com/game/baseball-cards-2024-bowman-draft-chrome-prospect-autograph/mike-sirota-cpa-ms,
Milo Rushford,806299,2024,chrome,hitter,bowman_1st_base,,,https://www.sportscardspro.com/game/baseball-cards-2024-bowman-chrome-prospects-autograph/milo-rushford-cpa-mr,
Myles Naylor,802504,2024,chrome,hitter,bowman_1st_base,baseball-cards-2024-bowman-chrome-prospects,https://www.sportscardspro.com/game/baseball-cards-2024-bowman-chrome-prospects/myles-naylor-bcp-136,https://www.sportscardspro.com/game/baseball-cards-2024-bowman-chrome-prospects-autograph/myles-naylor-cpa-mn,
Nate Dohm,702296,2024,draft,pitcher,bowman_1st_base,,,https://www.sportscardspro.com/game/baseball-cards-2024-bowman-draft-chrome-prospect-autograph/nate-dohm-cpa-nd,
Nathan Flewelling,807083,2024,draft,hitter,bowman_1st_base,,,https://www.sportscardspro.com/game/baseball-cards-2024-bowman-draft-chrome-prospect-autograph/nathan-flewelling-cpa-nf,
Nehomar Ochoa Jr.,806441,2024,chrome,hitter,bowman_1st_base,,,https://www.sportscardspro.com/game/baseball-cards-2024-bowman-chrome-prospects-autograph/nehomar-ochoa-jr-cpa-noc,
Neyfy Castillo,678689,2024,chrome,hitter,bowman_1st_base,,,https://www.sportscardspro.com/game/baseball-cards-2024-bowman-chrome-prospects-autograph/neyfy-castillo-cpa-nc,
Nick McLain,695607,2024,draft,hitter,bowman_1st_base,,,https://www.sportscardspro.com/game/baseball-cards-2024-bowman-draft-chrome-prospect-autograph/nick-mclain-cpa-nm,
Nick Mitchell,814455,2024,draft,hitter,bowman_1st_base,,,https://www.sportscardspro.com/game/baseball-cards-2024-bowman-draft-chrome-prospect-autograph/nick-mitchell-cpa-nmi,
Nick Montgomery,807277,2024,draft,hitter,bowman_1st_base,,,https://www.sportscardspro.com/game/baseball-cards-2024-bowman-draft-chrome-prospect-autograph/nick-montgomery-cpa-nmo,
Pablo Guerrero,808326,2024,chrome,hitter,bowman_1st_base,baseball-cards-2024-bowman-chrome-prospects,https://www.sportscardspro.com/game/baseball-cards-2024-bowman-chrome-prospects/pablo-guerrero-bcp-212,https://www.sportscardspro.com/game/baseball-cards-2024-bowman-chrome-prospects-autograph/pablo-guerrero-cpa-pg,
Parker Smith,809789,2024,draft,pitcher,bowman_1st_base,,,https://www.sportscardspro.com/game/baseball-cards-2024-bowman-draft-chrome-prospect-autograph/parker-smith-cpa-psm,
Pascanel Ferreras,814299,2024,chrome,hitter,bowman_1st_base,baseball-cards-2024-bowman-chrome-prospects,https://www.sportscardspro.com/game/baseball-cards-2024-bowman-chrome-prospects/pascanel-ferreras-bcp-240,https://www.sportscardspro.com/game/baseball-cards-2024-bowman-chrome-prospects-autograph/pascanel-ferreras-cpa-pf,
Paulino Santana,815889,2024,chrome,hitter,bowman_1st_base,baseball-cards-2024-bowman-chrome-prospects,https://www.sportscardspro.com/game/baseball-cards-2024-bowman-chrome-prospects/paulino-santana-bcp-245,https://www.sportscardspro.com/game/baseball-cards-2024-bowman-chrome-prospects-autograph/paulino-santana-cpa-ps,
Peyton Graham,689931,2024,chrome,hitter,bowman_1st_base,,,https://www.sportscardspro.com/game/baseball-cards-2024-bowman-chrome-prospects-autograph/peyton-graham-cpa-pgr,
Quincy Scott,701701,2024,chrome,hitter,bowman_1st_base,,,https://www.sportscardspro.com/game/baseball-cards-2024-bowman-chrome-prospects-autograph/quincy-scott-cpa-qs,
Rafe Schlesinger,701178,2024,draft,pitcher,bowman_1st_base,,,https://www.sportscardspro.com/game/baseball-cards-2024-bowman-draft-chrome-prospect-autograph/rafe-schlesinger-cpa-rsc,
Ramon Landaeta,807983,2024,chrome,hitter,bowman_1st_base,baseball-cards-2024-bowman-chrome-prospects,https://www.sportscardspro.com/game/baseball-cards-2024-bowman-chrome-prospects/ramon-landaeta-bcp-28,https://www.sportscardspro.com/game/baseball-cards-2024-bowman-chrome-prospects-autograph/ramon-landaeta-cpa-rla,
Randal Diaz,695538,2024,draft,hitter,bowman_1st_base,,,https://www.sportscardspro.com/game/baseball-cards-2024-bowman-draft-chrome-prospect-autograph/randal-diaz-cpa-rd,
Raudi Rodriguez,804558,2024,chrome,hitter,bowman_1st_base,,,https://www.sportscardspro.com/game/baseball-cards-2024-bowman-chrome-prospects-autograph/raudi-rodriguez-cpa-rr,
Raylin Heredia,699712,2024,chrome,hitter,bowman_1st_base,baseball-cards-2024-bowman-chrome-prospects,https://www.sportscardspro.com/game/baseball-cards-2024-bowman-chrome-prospects/raylin-heredia-bcp-146,https://www.sportscardspro.com/game/baseball-cards-2024-bowman-chrome-prospects-autograph/raylin-heredia-cpa-rh,
Robert Arias,815897,2024,chrome,hitter,bowman_1st_base,baseball-cards-2024-bowman-chrome-prospects,https://www.sportscardspro.com/game/baseball-cards-2024-bowman-chrome-prospects/robert-arias-bcp-243,https://www.sportscardspro.com/game/baseball-cards-2024-bowman-chrome-prospects-autograph/robert-arias-cpa-ra,
Robert Calaz,806978,2024,chrome,hitter,bowman_1st_base,baseball-cards-2024-bowman-chrome-prospects,https://www.sportscardspro.com/game/baseball-cards-2024-bowman-chrome-prospects/robert-calaz-bcp-131,https://www.sportscardspro.com/game/baseball-cards-2024-bowman-chrome-prospects-autograph/robert-calaz-cpa-rca,
Rodney Green,701587,2024,draft,hitter,bowman_1st_base,,,https://www.sportscardspro.com/game/baseball-cards-2024-bowman-draft-chrome-prospect-autograph/rodney-green-cpa-rg,
Rolphy Cruz,691338,2024,chrome,hitter,bowman_1st_base,,,https://www.sportscardspro.com/game/baseball-cards-2024-bowman-chrome-prospects-autograph/rolphy-cruz-cpa-rc,
Romeo Sanabria,703804,2024,chrome,hitter,bowman_1st_base,baseball-cards-2025-bowman-chrome-prospects,https://www.sportscardspro.com/game/baseball-cards-2025-bowman-chrome-prospects/romeo-sanabria-bcp-3,https://www.sportscardspro.com/game/baseball-cards-2024-bowman-chrome-prospects-autograph/romeo-sanabria-cpa-rs,
Ronny Hernandez,805082,2024,chrome,hitter,bowman_1st_base,baseball-cards-2024-bowman-chrome-prospects,https://www.sportscardspro.com/game/baseball-cards-2024-bowman-chrome-prospects/ronny-hernandez-bcp-92,https://www.sportscardspro.com/game/baseball-cards-2024-bowman-chrome-prospects-autograph/ronny-hernandez-cpa-rhe,
Ryan Burrowes,802018,2024,chrome,hitter,bowman_1st_base,baseball-cards-2024-bowman-chrome-prospects,https://www.sportscardspro.com/game/baseball-cards-2024-bowman-chrome-prospects/ryan-burrowes-bcp-119,https://www.sportscardspro.com/game/baseball-cards-2024-bowman-chrome-prospects-autograph/ryan-burrowes-cpa-rbu,
Ryan Campos,701481,2024,draft,hitter,bowman_1st_base,,,https://www.sportscardspro.com/game/baseball-cards-2024-bowman-draft-chrome-prospect-autograph/ryan-campos-cpa-rca,
Ryan Lasko,805782,2024,chrome,hitter,bowman_1st_base,baseball-cards-2024-bowman-chrome-prospects,https://www.sportscardspro.com/game/baseball-cards-2024-bowman-chrome-prospects/ryan-lasko-bcp-105,https://www.sportscardspro.com/game/baseball-cards-2024-bowman-chrome-prospects-autograph/ryan-lasko-cpa-rlas,
Ryan Sloan,815549,2024,draft,pitcher,bowman_1st_base,baseball-cards-2025-bowman-draft-chrome,https://www.sportscardspro.com/game/baseball-cards-2025-bowman-draft-chrome/ryan-sloan-bdc-94,https://www.sportscardspro.com/game/baseball-cards-2024-bowman-draft-chrome-prospect-autograph/ryan-sloan-cpa-rs,
Samuel Gil,800510,2024,chrome,hitter,bowman_1st_base,,,https://www.sportscardspro.com/game/baseball-cards-2024-bowman-chrome-prospects-autograph/samuel-gil-cpa-sg,
Seaver King,814409,2024,draft,hitter,bowman_1st_base,baseball-cards-2025-bowman-chrome-prospects,https://www.sportscardspro.com/game/baseball-cards-2025-bowman-chrome-prospects/seaver-king-bcp-93,https://www.sportscardspro.com/game/baseball-cards-2024-bowman-draft-chrome-prospect-autograph/seaver-king-cpa-sk,
Sebastian Walcott,806964,2024,chrome,hitter,bowman_1st_base,baseball-cards-2024-bowman-chrome-prospects,https://www.sportscardspro.com/game/baseball-cards-2024-bowman-chrome-prospects/sebastian-walcott-bcp-211,https://www.sportscardspro.com/game/baseball-cards-2024-bowman-chrome-prospects-autograph/sebastian-walcott-cpa-sw,
Sheng-En Lin,806823,2024,chrome,pitcher,bowman_1st_base,baseball-cards-2024-bowman-chrome-prospects,https://www.sportscardspro.com/game/baseball-cards-2024-bowman-chrome-prospects/sheng-en-lin-bcp-155,https://www.sportscardspro.com/game/baseball-cards-2024-bowman-chrome-prospects-autograph/sheng-en-lin-cpa-lsh,
Stanley Consuegra,681679,2024,chrome,hitter,bowman_1st_base,,,https://www.sportscardspro.com/game/baseball-cards-2024-bowman-chrome-prospects-autograph/stanley-consuegra-cpa-sc,
Starlyn Nunez,808245,2024,chrome,hitter,bowman_1st_base,baseball-cards-2024-bowman-chrome-prospects,https://www.sportscardspro.com/game/baseball-cards-2024-bowman-chrome-prospects/starlyn-nunez-bcp-207,https://www.sportscardspro.com/game/baseball-cards-2024-bowman-chrome-prospects-autograph/starlyn-nunez-cpa-sn,
Stiven Martinez,815913,2024,chrome,hitter,bowman_1st_base,baseball-cards-2024-bowman-chrome-prospects,https://www.sportscardspro.com/game/baseball-cards-2024-bowman-chrome-prospects/stiven-martinez-bcp-229,https://www.sportscardspro.com/game/baseball-cards-2024-bowman-chrome-prospects-autograph/stiven-martinez-cpa-sm,
Stone Russell,806212,2024,chrome,hitter,bowman_1st_base,,,https://www.sportscardspro.com/game/baseball-cards-2024-bowman-chrome-prospects-autograph/stone-russell-cpa-sr,
Tavian Josenberger,694444,2024,chrome,hitter,bowman_1st_base,,,https://www.sportscardspro.com/game/baseball-cards-2024-bowman-chrome-prospects-autograph/tavian-josenberger-cpa-tj,
Thayron Liranzo,699073,2024,chrome,hitter,bowman_1st_base,baseball-cards-2024-bowman-chrome-prospects,https://www.sportscardspro.com/game/baseball-cards-2024-bowman-chrome-prospects/thayron-liranzo-bcp-182,https://www.sportscardspro.com/game/baseball-cards-2024-bowman-chrome-prospects-autograph/thayron-liranzo-cpa-tl,
Theo Gillen,815394,2024,draft,hitter,bowman_1st_base,baseball-cards-2025-bowman-draft-chrome,https://www.sportscardspro.com/game/baseball-cards-2025-bowman-draft-chrome/theo-gillen-bdc-121,https://www.sportscardspro.com/game/baseball-cards-2024-bowman-draft-chrome-prospect-autograph/theo-gillen-cpa-tg,
Thomas Ireland,692179,2024,chrome,pitcher,bowman_1st_base,,,https://www.sportscardspro.com/game/baseball-cards-2024-bowman-chrome-prospects-autograph/thomas-ireland-cpa-ti,
Thomas Sosa,800449,2024,chrome,hitter,bowman_1st_base,,,https://www.sportscardspro.com/game/baseball-cards-2024-bowman-chrome-prospects-autograph/thomas-sosa-cpa-ts,
Tony Blanco Jr.,703156,2024,chrome,hitter,bowman_1st_base,baseball-cards-2024-bowman-chrome-prospects,https://www.sportscardspro.com/game/baseball-cards-2024-bowman-chrome-prospects/tony-blanco-jr-bcp-132,https://www.sportscardspro.com/game/baseball-cards-2024-bowman-chrome-prospects-autograph/tony-blanco-jr-cpa-tb,
Tony Ruiz,806990,2024,chrome,hitter,bowman_1st_base,baseball-cards-2024-bowman-chrome-prospects,https://www.sportscardspro.com/game/baseball-cards-2024-bowman-chrome-prospects/tony-ruiz-bcp-80,https://www.sportscardspro.com/game/baseball-cards-2024-bowman-chrome-prospects-autograph/tony-ruiz-cpa-tr,
Travis Sykora,805809,2024,chrome,pitcher,bowman_1st_base,baseball-cards-2025-bowman-draft-chrome,https://www.sportscardspro.com/game/baseball-cards-2025-bowman-draft-chrome/travis-sykora-bdc-137,https://www.sportscardspro.com/game/baseball-cards-2024-bowman-chrome-prospects-autograph/travis-sykora-cpa-tsy,
Trey Snyder,815551,2024,draft,hitter,bowman_1st_base,,,https://www.sportscardspro.com/game/baseball-cards-2024-bowman-draft-chrome-prospect-autograph/trey-snyder-cpa-tsn,
Ty Southisene,807257,2024,draft,hitter,bowman_1st_base,,,https://www.sportscardspro.com/game/baseball-cards-2024-bowman-draft-chrome-prospect-autograph/ty-southisene-cpa-ts,
Tyson Lewis,815653,2024,draft,hitter,bowman_1st_base,baseball-cards-2025-bowman-draft-chrome,https://www.sportscardspro.com/game/baseball-cards-2025-bowman-draft-chrome/tyson-lewis-bdc-32,https://www.sportscardspro.com/game/baseball-cards-2024-bowman-draft-chrome-prospect-autograph/tyson-lewis-cpa-tl,
Tyson Neighbors,695695,2024,draft,pitcher,bowman_1st_base,,,https://www.sportscardspro.com/game/baseball-cards-2024-bowman-draft-chrome-prospect-autograph/tyson-neighbors-cpa-tn,
Tytus Cissell,815632,2024,draft,hitter,bowman_1st_base,,,https://www.sportscardspro.com/game/baseball-cards-2024-bowman-draft-chrome-prospect-autograph/tytus-cissell-cpa-tc,
Victor Hurtado,815900,2024,chrome,hitter,bowman_1st_base,baseball-cards-2024-bowman-chrome-prospects,https://www.sportscardspro.com/game/baseball-cards-2024-bowman-chrome-prospects/victor-hurtado-bcp-223,https://www.sportscardspro.com/game/baseball-cards-2024-bowman-chrome-prospects-autograph/victor-hurtado-cpa-vh,
Vladi Guerrero,821178,2024,chrome,hitter,bowman_1st_base,baseball-cards-2024-bowman-chrome-prospects,https://www.sportscardspro.com/game/baseball-cards-2024-bowman-chrome-prospects/vladi-guerrero-bcp-250,https://www.sportscardspro.com/game/baseball-cards-2024-bowman-chrome-prospects-autograph/vladi-guerrero-cpa-vg,
Vladimir Asencio,815918,2024,chrome,hitter,bowman_1st_base,baseball-cards-2024-bowman-chrome-prospects,https://www.sportscardspro.com/game/baseball-cards-2024-bowman-chrome-prospects/vladimir-asencio-bcp-227,https://www.sportscardspro.com/game/baseball-cards-2024-bowman-chrome-prospects-autograph/vladimir-asencio-cpa-va,
Walker Martin,806152,2024,chrome,hitter,bowman_1st_base,,,https://www.sportscardspro.com/game/baseball-cards-2024-bowman-chrome-prospects-autograph/walker-martin-cpa-wm,
Waner Luciano,800294,2024,chrome,hitter,bowman_1st_base,baseball-cards-2024-bowman-chrome-prospects,https://www.sportscardspro.com/game/baseball-cards-2024-bowman-chrome-prospects/waner-luciano-bcp-208,https://www.sportscardspro.com/game/baseball-cards-2024-bowman-chrome-prospects-autograph/waner-luciano-cpa-wl,
Wilfredo Lara,702906,2024,chrome,hitter,bowman_1st_base,,,https://www.sportscardspro.com/game/baseball-cards-2024-bowman-chrome-prospects-autograph/wilfredo-lara-cpa-wl,
Will Bush,813844,2024,chrome,hitter,bowman_1st_base,,,https://www.sportscardspro.com/game/baseball-cards-2024-bowman-chrome-prospects-autograph/will-bush-cpa-wb,
Will Verdung,815299,2024,chrome,hitter,bowman_1st_base,,,https://www.sportscardspro.com/game/baseball-cards-2024-bowman-chrome-prospects-autograph/will-verdung-cpa-wv,
Yaikel Mijares,808119,2024,chrome,hitter,bowman_1st_base,,,https://www.sportscardspro.com/game/baseball-cards-2024-bowman-chrome-prospects-autograph/yaikel-mijares-cpa-ymi,
Yandel Ricardo,815902,2024,chrome,hitter,bowman_1st_base,baseball-cards-2024-bowman-chrome-prospects,https://www.sportscardspro.com/game/baseball-cards-2024-bowman-chrome-prospects/yandel-ricardo-bcp-177,https://www.sportscardspro.com/game/baseball-cards-2024-bowman-chrome-prospects-autograph/yandel-ricardo-cpa-yri,
Yassel Soler,807957,2024,chrome,hitter,bowman_1st_base,baseball-cards-2024-bowman-chrome-prospects,https://www.sportscardspro.com/game/baseball-cards-2024-bowman-chrome-prospects/yassel-soler-bcp-174,https://www.sportscardspro.com/game/baseball-cards-2024-bowman-chrome-prospects-autograph/yassel-soler-cpa-yso,
Yoeilin Cespedes,806985,2024,chrome,hitter,bowman_1st_base,baseball-cards-2024-bowman-chrome-prospects,https://www.sportscardspro.com/game/baseball-cards-2024-bowman-chrome-prospects/yoeilin-cespedes-bcp-139,https://www.sportscardspro.com/game/baseball-cards-2024-bowman-chrome-prospects-autograph/yoeilin-cespedes-cpa-yce,
Yoffry Solano,703200,2024,chrome,hitter,bowman_1st_base,,,https://www.sportscardspro.com/game/baseball-cards-2024-bowman-chrome-prospects-autograph/yoffry-solano-cpa-ys,
Yohairo Cuevas,699293,2024,chrome,hitter,bowman_1st_base,,,https://www.sportscardspro.com/game/baseball-cards-2024-bowman-chrome-prospects-autograph/yohairo-cuevas-cpa-ycu,
Yoiber Ocopio,808060,2024,chrome,hitter,bowman_1st_base,,,https://www.sportscardspro.com/game/baseball-cards-2024-bowman-chrome-prospects-autograph/yoiber-ocopio-cpa-yo,
Yolfran Castillo,815931,2024,chrome,hitter,bowman_1st_base,baseball-cards-2024-bowman-chrome-prospects,https://www.sportscardspro.com/game/baseball-cards-2024-bowman-chrome-prospects/yolfran-castillo-bcp-159,https://www.sportscardspro.com/game/baseball-cards-2024-bowman-chrome-prospects-autograph/yolfran-castillo-cpa-yc,
Yoniel Curet,692414,2024,chrome,pitcher,bowman_1st_base,,,https://www.sportscardspro.com/game/baseball-cards-2024-bowman-chrome-prospects-autograph/yoniel-curet-cpa-ycu,
Yordanny Monegro,694057,2024,chrome,pitcher,bowman_1st_base,,,https://www.sportscardspro.com/game/baseball-cards-2024-bowman-chrome-prospects-autograph/yordanny-monegro-cpa-ym,
Yovanny Rodriguez,815898,2024,chrome,hitter,bowman_1st_base,baseball-cards-2024-bowman-chrome-prospects,https://www.sportscardspro.com/game/baseball-cards-2024-bowman-chrome-prospects/yovanny-rodriguez-bcp-244,https://www.sportscardspro.com/game/baseball-cards-2024-bowman-chrome-prospects-autograph/yovanny-rodriguez-cpa-yr,
AJ Russell,805706,2025,draft,pitcher,bowman_1st_base,baseball-cards-2025-bowman-draft-chrome,https://www.sportscardspro.com/game/baseball-cards-2025-bowman-draft-chrome/aj-russell-bdc-51,https://www.sportscardspro.com/game/baseball-cards-2025-bowman-draft-chrome-prospect-autograph/aj-russell-cpa-ar,
Aaron Walton,830239,2025,draft,hitter,bowman_1st_base,baseball-cards-2025-bowman-draft-chrome,https://www.sportscardspro.com/game/baseball-cards-2025-bowman-draft-chrome/aaron-walton-bdc-134,https://www.sportscardspro.com/game/baseball-cards-2025-bowman-draft-chrome-prospect-autograph/aaron-walton-cpa-awa,
Aaron Watson,826209,2025,draft,pitcher,bowman_1st_base,baseball-cards-2025-bowman-draft-chrome,https://www.sportscardspro.com/game/baseball-cards-2025-bowman-draft-chrome/aaron-watson-bdc-193,https://www.sportscardspro.com/game/baseball-cards-2025-bowman-draft-chrome-prospect-autograph/aaron-watson-cpa-aw,
Adonys Guzman,702631,2025,draft,hitter,bowman_1st_base,baseball-cards-2025-bowman-draft-chrome,https://www.sportscardspro.com/game/baseball-cards-2025-bowman-draft-chrome/adonys-guzman-bdc-126,https://www.sportscardspro.com/game/baseball-cards-2025-bowman-draft-chrome-prospect-autograph/adonys-guzman-cpa-ag,
Aidan West,828140,2025,draft,hitter,bowman_1st_base,baseball-cards-2025-bowman-draft-chrome,https://www.sportscardspro.com/game/baseball-cards-2025-bowman-draft-chrome/aidan-west-bdc-6,https://www.sportscardspro.com/game/baseball-cards-2025-bowman-draft-chrome-prospect-autograph/aidan-west-cpa-awe,
Alejandro Rosario,691730,2025,chrome,pitcher,bowman_1st_base,baseball-cards-2025-bowman-chrome-prospects,https://www.sportscardspro.com/game/baseball-cards-2025-bowman-chrome-prospects/alejandro-rosario-bcp-125,https://www.sportscardspro.com/game/baseball-cards-2025-bowman-chrome-prospect-autograph/alejandro-rosario-cpa-aro,
Alessander De La Cruz,807987,2025,chrome,hitter,bowman_1st_base,baseball-cards-2025-bowman-chrome-prospects,https://www.sportscardspro.com/game/baseball-cards-2025-bowman-chrome-prospects/alessander-de-la-cruz-bcp-219,https://www.sportscardspro.com/game/baseball-cards-2025-bowman-chrome-prospect-autograph/alessander-de-la-cruz-cpa-ad,
Alex Mooney,695612,2025,chrome,hitter,bowman_1st_base,baseball-cards-2025-bowman-chrome-prospects,https://www.sportscardspro.com/game/baseball-cards-2025-bowman-chrome-prospects/alex-mooney-bcp-149,https://www.sportscardspro.com/game/baseball-cards-2025-bowman-chrome-prospect-autograph/alex-mooney-cpa-am,
Alirio Ferrebus,808232,2025,chrome,hitter,bowman_1st_base,baseball-cards-2025-bowman-chrome-prospects,https://www.sportscardspro.com/game/baseball-cards-2025-bowman-chrome-prospects/alirio-ferrebus-bcp-198,https://www.sportscardspro.com/game/baseball-cards-2025-bowman-chrome-prospect-autograph/alirio-ferrebus-cpa-af,
Anderson Brito,820901,2025,chrome,pitcher,bowman_1st_base,baseball-cards-2025-bowman-chrome-prospects,https://www.sportscardspro.com/game/baseball-cards-2025-bowman-chrome-prospects/anderson-brito-bcp-98,https://www.sportscardspro.com/game/baseball-cards-2025-bowman-chrome-prospect-autograph/anderson-brito-cpa-abr,
Andrew Salas,829035,2025,chrome,hitter,bowman_1st_base,baseball-cards-2025-bowman-chrome-prospects,https://www.sportscardspro.com/game/baseball-cards-2025-bowman-chrome-prospects/andrew-salas-bcp-156,https://www.sportscardspro.com/game/baseball-cards-2025-bowman-chrome-prospect-autograph/andrew-salas-cpa-as,
Angel Cepeda,806980,2025,chrome,hitter,bowman_1st_base,,,https://www.sportscardspro.com/game/baseball-cards-2025-bowman-chrome-prospect-autograph/angel-cepeda-cpa-ac,
Anthony Eyanson,809254,2025,draft,pitcher,bowman_1st_base,baseball-cards-2025-bowman-draft-chrome,https://www.sportscardspro.com/game/baseball-cards-2025-bowman-draft-chrome/anthony-eyanson-bdc-116,https://www.sportscardspro.com/game/baseball-cards-2025-bowman-draft-chrome-prospect-autograph/anthony-eyanson-cpa-ae,
Antonio Jimenez,682607,2025,draft,pitcher,bowman_1st_base,baseball-cards-2025-bowman-draft-chrome,https://www.sportscardspro.com/game/baseball-cards-2025-bowman-draft-chrome/antonio-jimenez-bdc-56,https://www.sportscardspro.com/game/baseball-cards-2025-bowman-draft-chrome-prospect-autograph/antonio-jimenez-cpa-aj,
Anyelo Marquez,808113,2025,chrome,hitter,bowman_1st_base,baseball-cards-2025-bowman-chrome-prospects,https://www.sportscardspro.com/game/baseball-cards-2025-bowman-chrome-prospects/anyelo-marquez-bcp-201,https://www.sportscardspro.com/game/baseball-cards-2025-bowman-chrome-prospect-autograph/anyelo-marquez-cpa-am,
Aron Estrada,800406,2025,chrome,hitter,bowman_1st_base,baseball-cards-2025-bowman-chrome-prospects,https://www.sportscardspro.com/game/baseball-cards-2025-bowman-chrome-prospects/aron-estrada-bcp-33,https://www.sportscardspro.com/game/baseball-cards-2025-bowman-chrome-prospect-autograph/aron-estrada-cpa-aes,
Aroon Escobar,800169,2025,chrome,hitter,bowman_1st_base,baseball-cards-2025-bowman-chrome-prospects,https://www.sportscardspro.com/game/baseball-cards-2025-bowman-chrome-prospects/aroon-escobar-bcp-65,https://www.sportscardspro.com/game/baseball-cards-2025-bowman-chrome-prospect-autograph/aroon-escobar-cpa-ae,
Asbel Gonzalez,808706,2025,chrome,hitter,bowman_1st_base,baseball-cards-2025-bowman-chrome-prospects,https://www.sportscardspro.com/game/baseball-cards-2025-bowman-chrome-prospects/asbel-gonzalez-bcp-4,https://www.sportscardspro.com/game/baseball-cards-2025-bowman-chrome-prospect-autograph/asbel-gonzalez-cpa-ag,
Ashly Andujar,815903,2025,chrome,hitter,bowman_1st_base,baseball-cards-2025-bowman-chrome-prospects,https://www.sportscardspro.com/game/baseball-cards-2025-bowman-chrome-prospects/ashly-andujar-bcp-20,https://www.sportscardspro.com/game/baseball-cards-2025-bowman-chrome-prospect-autograph/ashly-andujar-cpa-aa,
Ayden Johnson,829042,2025,chrome,hitter,bowman_1st_base,baseball-cards-2025-bowman-chrome-prospects,https://www.sportscardspro.com/game/baseball-cards-2025-bowman-chrome-prospects/ayden-johnson-bcp-197,https://www.sportscardspro.com/game/baseball-cards-2025-bowman-chrome-prospect-autograph/ayden-johnson-cpa-aj,
Billy Carlson,815814,2025,draft,hitter,bowman_1st_base,baseball-cards-2025-bowman-draft-chrome,https://www.sportscardspro.com/game/baseball-cards-2025-bowman-draft-chrome/billy-carlson-bdc-10,https://www.sportscardspro.com/game/baseball-cards-2025-bowman-draft-chrome-prospect-autograph/billy-carlson-cpa-bc,
Blake Wolters,806265,2025,chrome,pitcher,bowman_1st_base,baseball-cards-2025-bowman-chrome-prospects,https://www.sportscardspro.com/game/baseball-cards-2025-bowman-chrome-prospects/blake-wolters-bcp-76,https://www.sportscardspro.com/game/baseball-cards-2025-bowman-chrome-prospect-autograph/blake-wolters-cpa-bw,
Bo Davidson,815589,2025,chrome,hitter,bowman_1st_base,baseball-cards-2025-bowman-chrome-prospects,https://www.sportscardspro.com/game/baseball-cards-2025-bowman-chrome-prospects/bo-davidson-bcp-206,https://www.sportscardspro.com/game/baseball-cards-2025-bowman-chrome-prospect-autograph/bo-davidson-cpa-bd,
Bo Walker,815563,2025,chrome,hitter,bowman_1st_base,baseball-cards-2025-bowman-chrome-prospects,https://www.sportscardspro.com/game/baseball-cards-2025-bowman-chrome-prospects/bo-walker-bcp-92,https://www.sportscardspro.com/game/baseball-cards-2025-bowman-chrome-prospect-autograph/bo-walker-cpa-bwa,
Brady Ebel,815816,2025,draft,hitter,bowman_1st_base,baseball-cards-2025-bowman-draft-chrome,https://www.sportscardspro.com/game/baseball-cards-2025-bowman-draft-chrome/brady-ebel-bdc-194,https://www.sportscardspro.com/game/baseball-cards-2025-bowman-draft-chrome-prospect-autograph/brady-ebel-cpa-be,
Brandon Compton,703680,2025,draft,hitter,bowman_1st_base,baseball-cards-2025-bowman-draft-chrome,https://www.sportscardspro.com/game/baseball-cards-2025-bowman-draft-chrome/brandon-compton-bdc-64,https://www.sportscardspro.com/game/baseball-cards-2025-bowman-draft-chrome-prospect-autograph/brandon-compton-cpa-bco,
Brayan Cortesia,829049,2025,chrome,hitter,bowman_1st_base,baseball-cards-2025-bowman-chrome-prospects,https://www.sportscardspro.com/game/baseball-cards-2025-bowman-chrome-prospects/brayan-cortesia-bcp-211,https://www.sportscardspro.com/game/baseball-cards-2025-bowman-chrome-prospect-autograph/brayan-cortesia-cpa-bc,
Briggs McKenzie,828987,2025,draft,pitcher,bowman_1st_base,baseball-cards-2025-bowman-draft-chrome,https://www.sportscardspro.com/game/baseball-cards-2025-bowman-draft-chrome/briggs-mckenzie-bdc-81,https://www.sportscardspro.com/game/baseball-cards-2025-bowman-draft-chrome-prospect-autograph/briggs-mckenzie-cpa-bm,
Cade Obermueller,805261,2025,draft,pitcher,bowman_1st_base,baseball-cards-2025-bowman-draft-chrome,https://www.sportscardspro.com/game/baseball-cards-2025-bowman-draft-chrome/cade-obermueller-bdc-80,https://www.sportscardspro.com/game/baseball-cards-2025-bowman-draft-chrome-prospect-autograph/cade-obermueller-cpa-co,
Caden Bodine,805207,2025,draft,hitter,bowman_1st_base,baseball-cards-2025-bowman-draft-chrome,https://www.sportscardspro.com/game/baseball-cards-2025-bowman-draft-chrome/caden-bodine-bdc-63,https://www.sportscardspro.com/game/baseball-cards-2025-bowman-draft-chrome-prospect-autograph/caden-bodine-cpa-cb,
Caden Kendle,814522,2025,chrome,hitter,bowman_1st_base,baseball-cards-2025-bowman-chrome-prospects,https://www.sportscardspro.com/game/baseball-cards-2025-bowman-chrome-prospects/caden-kendle-bcp-113,https://www.sportscardspro.com/game/baseball-cards-2025-bowman-chrome-prospect-autograph/caden-kendle-cpa-cke,
Caden Powell,702547,2025,chrome,hitter,bowman_1st_base,baseball-cards-2025-bowman-chrome-prospects,https://www.sportscardspro.com/game/baseball-cards-2025-bowman-chrome-prospects/caden-powell-bcp-212,https://www.sportscardspro.com/game/baseball-cards-2025-bowman-chrome-prospect-autograph/caden-powell-cpa-cpo,
Caleb Lomavita,701616,2025,chrome,hitter,bowman_1st_base,baseball-cards-2025-bowman-chrome-prospects,https://www.sportscardspro.com/game/baseball-cards-2025-bowman-chrome-prospects/caleb-lomavita-bcp-120,https://www.sportscardspro.com/game/baseball-cards-2025-bowman-chrome-prospect-autograph/caleb-lomavita-cpa-clo,
Cameron Millar,832698,2025,draft,pitcher,bowman_1st_base,baseball-cards-2025-bowman-draft-chrome,https://www.sportscardspro.com/game/baseball-cards-2025-bowman-draft-chrome/cameron-millar-bdc-176,https://www.sportscardspro.com/game/baseball-cards-2025-bowman-draft-chrome-prospect-autograph/cameron-millar-cpa-cmi,
Cameron Nelson,806174,2025,draft,hitter,bowman_1st_base,baseball-cards-2025-bowman-draft-chrome,https://www.sportscardspro.com/game/baseball-cards-2025-bowman-draft-chrome/cameron-nelson-bdc-130,https://www.sportscardspro.com/game/baseball-cards-2025-bowman-draft-chrome-prospect-autograph/cameron-nelson-cpa-cn,
Carlos Lagrange,801739,2025,chrome,pitcher,bowman_1st_base,baseball-cards-2025-bowman-chrome-prospects,https://www.sportscardspro.com/game/baseball-cards-2025-bowman-chrome-prospects/carlos-lagrange-bcp-202,https://www.sportscardspro.com/game/baseball-cards-2025-bowman-chrome-prospect-autograph/carlos-lagrange-cpa-cl,
Carlos Tavares,808235,2025,chrome,hitter,bowman_1st_base,baseball-cards-2025-bowman-chrome-prospects,https://www.sportscardspro.com/game/baseball-cards-2025-bowman-chrome-prospects/carlos-tavares-bcp-28,https://www.sportscardspro.com/game/baseball-cards-2025-bowman-chrome-prospect-autograph/carlos-tavares-cpa-ct,
Charles Davalan,804560,2025,draft,hitter,bowman_1st_base,baseball-cards-2025-bowman-draft-chrome,https://www.sportscardspro.com/game/baseball-cards-2025-bowman-draft-chrome/charles-davalan-bdc-96,https://www.sportscardspro.com/game/baseball-cards-2025-bowman-draft-chrome-prospect-autograph/charles-davalan-cpa-cd,
Charlie Condon,809707,2025,chrome,hitter,bowman_1st_base,baseball-cards-2025-bowman-chrome-prospects,https://www.sportscardspro.com/game/baseball-cards-2025-bowman-chrome-prospects/charlie-condon-bcp-75,https://www.sportscardspro.com/game/baseball-cards-2025-bowman-chrome-prospect-autograph/charlie-condon-cpa-cc,
Chase Hampton,694633,2025,chrome,pitcher,bowman_1st_base,baseball-cards-2025-bowman-chrome-prospects,https://www.sportscardspro.com/game/baseball-cards-2025-bowman-chrome-prospects/chase-hampton-bcp-57,https://www.sportscardspro.com/game/baseball-cards-2025-bowman-chrome-prospect-autograph/chase-hampton-cpa-cha,
Chase Mobley,813949,2025,chrome,pitcher,bowman_1st_base,baseball-cards-2025-bowman-chrome-prospects,https://www.sportscardspro.com/game/baseball-cards-2025-bowman-chrome-prospects/chase-mobley-bcp-56,https://www.sportscardspro.com/game/baseball-cards-2025-bowman-chrome-prospect-autograph/chase-mobley-cpa-cmy,
Chase Shores,702274,2025,draft,pitcher,bowman_1st_base,baseball-cards-2025-bowman-draft-chrome,https://www.sportscardspro.com/game/baseball-cards-2025-bowman-draft-chrome/chase-shores-bdc-142,https://www.sportscardspro.com/game/baseball-cards-2025-bowman-draft-chrome-prospect-autograph/chase-shores-cpa-cs,
Chen-Wei Lin,813820,2025,chrome,pitcher,bowman_1st_base,baseball-cards-2025-bowman-chrome-prospects,https://www.sportscardspro.com/game/baseball-cards-2025-bowman-chrome-prospects/chen-wei-lin-bcp-141,https://www.sportscardspro.com/game/baseball-cards-2025-bowman-chrome-prospect-autograph/chen-wei-lin-cpa-cl,
Ching-Hsien Ko,828667,2025,chrome,hitter,bowman_1st_base,baseball-cards-2025-bowman-chrome-prospects,https://www.sportscardspro.com/game/baseball-cards-2025-bowman-chrome-prospects/ching-hsien-ko-bcp-224,https://www.sportscardspro.com/game/baseball-cards-2025-bowman-chrome-prospect-autograph/ching-hsien-ko-cpa-ck,
Cobb Hightower,826932,2025,chrome,hitter,bowman_1st_base,baseball-cards-2025-bowman-chrome-prospects,https://www.sportscardspro.com/game/baseball-cards-2025-bowman-chrome-prospects/cobb-hightower-bcp-104,https://www.sportscardspro.com/game/baseball-cards-2025-bowman-chrome-prospect-autograph/cobb-hightower-cpa-chi,
Cody Miller,811764,2025,draft,hitter,bowman_1st_base,baseball-cards-2025-bowman-draft-chrome,https://www.sportscardspro.com/game/baseball-cards-2025-bowman-draft-chrome/cody-miller-bdc-91,https://www.sportscardspro.com/game/baseball-cards-2025-bowman-draft-chrome-prospect-autograph/cody-miller-cpa-cm,
Cole Fontenelle,694304,2025,chrome,hitter,bowman_1st_base,baseball-cards-2025-bowman-chrome-prospects,https://www.sportscardspro.com/game/baseball-cards-2025-bowman-chrome-prospects/cole-fontenelle-bcp-32,https://www.sportscardspro.com/game/baseball-cards-2025-bowman-chrome-prospect-autograph/cole-fontenelle-cpa-cf,
Colin Yeaman,829649,2025,draft,hitter,bowman_1st_base,baseball-cards-2025-bowman-draft-chrome,https://www.sportscardspro.com/game/baseball-cards-2025-bowman-draft-chrome/colin-yeaman-bdc-47,https://www.sportscardspro.com/game/baseball-cards-2025-bowman-draft-chrome-prospect-autograph/colin-yeaman-cpa-cy,
Conor Essenburg,828148,2025,draft,hitter,bowman_1st_base,baseball-cards-2025-bowman-draft-chrome,https://www.sportscardspro.com/game/baseball-cards-2025-bowman-draft-chrome/conor-essenburg-bdc-124,https://www.sportscardspro.com/game/baseball-cards-2025-bowman-draft-chrome-prospect-autograph/conor-essenburg-cpa-ce,
Conrad Cason,815359,2025,chrome,hitter,bowman_1st_base,baseball-cards-2025-bowman-chrome-prospects,https://www.sportscardspro.com/game/baseball-cards-2025-bowman-chrome-prospects/conrad-cason-bcp-130,https://www.sportscardspro.com/game/baseball-cards-2025-bowman-chrome-prospect-autograph/conrad-cason-cpa-ccn,
Cooper Flemming,828237,2025,draft,hitter,bowman_1st_base,baseball-cards-2025-bowman-draft-chrome,https://www.sportscardspro.com/game/baseball-cards-2025-bowman-draft-chrome/cooper-flemming-bdc-166,https://www.sportscardspro.com/game/baseball-cards-2025-bowman-draft-chrome-prospect-autograph/cooper-flemming-cpa-cf,
Corey Cousin,827474,2025,chrome,hitter,bowman_1st_base,,,https://www.sportscardspro.com/game/baseball-cards-2025-bowman-chrome-prospect-autograph/corey-cousin-cpa-cco,
Cory Lewis,675375,2025,chrome,pitcher,bowman_1st_base,baseball-cards-2025-bowman-chrome-prospects,https://www.sportscardspro.com/game/baseball-cards-2025-bowman-chrome-prospects/cory-lewis-bcp-128,https://www.sportscardspro.com/game/baseball-cards-2025-bowman-chrome-prospect-autograph/cory-lewis-cpa-cle,
Cris Rodriguez,829038,2025,chrome,hitter,bowman_1st_base,baseball-cards-2025-bowman-chrome-prospects,https://www.sportscardspro.com/game/baseball-cards-2025-bowman-chrome-prospects/cris-rodriguez-bcp-250,https://www.sportscardspro.com/game/baseball-cards-2025-bowman-chrome-prospect-autograph/cris-rodriguez-cpa-cr,
Cristian Arguelles,821692,2025,chrome,hitter,bowman_1st_base,baseball-cards-2025-bowman-chrome-prospects,https://www.sportscardspro.com/game/baseball-cards-2025-bowman-chrome-prospects/cristian-arguelles-bcp-220,https://www.sportscardspro.com/game/baseball-cards-2025-bowman-chrome-prospect-autograph/cristian-arguelles-cpa-car,
Cristopher Acosta,829067,2025,chrome,hitter,bowman_1st_base,baseball-cards-2025-bowman-chrome-prospects,https://www.sportscardspro.com/game/baseball-cards-2025-bowman-chrome-prospects/cristopher-acosta-bcp-176,https://www.sportscardspro.com/game/baseball-cards-2025-bowman-chrome-prospect-autograph/cristopher-acosta-cpa-cac,
D'Angelo Ortiz,808571,2025,chrome,hitter,bowman_1st_base,baseball-cards-2025-bowman-chrome-prospects,https://www.sportscardspro.com/game/baseball-cards-2025-bowman-chrome-prospects/d%27angelo-ortiz-bcp-61,https://www.sportscardspro.com/game/baseball-cards-2025-bowman-chrome-prospect-autograph/d%27angelo-ortiz-cpa-do,
DJ Layton,816152,2025,chrome,hitter,bowman_1st_base,baseball-cards-2025-bowman-chrome-prospects,https://www.sportscardspro.com/game/baseball-cards-2025-bowman-chrome-prospects/dj-layton-bcp-252,https://www.sportscardspro.com/game/baseball-cards-2025-bowman-chrome-prospect-autograph/dj-layton-cpa-dl,
Darison Garcia,821691,2025,chrome,hitter,bowman_1st_base,,,https://www.sportscardspro.com/game/baseball-cards-2025-bowman-chrome-prospect-autograph/darison-garcia-cpa-dg,
David Ortiz Jr.,829127,2025,chrome,hitter,bowman_1st_base,baseball-cards-2025-bowman-chrome-prospects,https://www.sportscardspro.com/game/baseball-cards-2025-bowman-chrome-prospects/david-ortiz-jr-bcp-29,https://www.sportscardspro.com/game/baseball-cards-2025-bowman-chrome-prospect-autograph/david-ortiz-jr-cpa-dor,
Dax Kilby,828076,2025,draft,hitter,bowman_1st_base,baseball-cards-2025-bowman-draft-chrome,https://www.sportscardspro.com/game/baseball-cards-2025-bowman-draft-chrome/dax-kilby-bdc-146,https://www.sportscardspro.com/game/baseball-cards-2025-bowman-draft-chrome-prospect-autograph/dax-kilby-cpa-dk,
Dean Curley,806053,2025,draft,hitter,bowman_1st_base,baseball-cards-2025-bowman-draft-chrome,https://www.sportscardspro.com/game/baseball-cards-2025-bowman-draft-chrome/dean-curley-bdc-129,https://www.sportscardspro.com/game/baseball-cards-2025-bowman-draft-chrome-prospect-autograph/dean-curley-cpa-dc,
Dean Livingston,828344,2025,draft,pitcher,bowman_1st_base,baseball-cards-2025-bowman-draft-chrome,https://www.sportscardspro.com/game/baseball-cards-2025-bowman-draft-chrome/dean-livingston-bdc-175,https://www.sportscardspro.com/game/baseball-cards-2025-bowman-draft-chrome-prospect-autograph/dean-livingston-cpa-dl,
Dean Moss,815830,2025,draft,hitter,bowman_1st_base,baseball-cards-2025-bowman-draft-chrome,https://www.sportscardspro.com/game/baseball-cards-2025-bowman-draft-chrome/dean-moss-bdc-114,https://www.sportscardspro.com/game/baseball-cards-2025-bowman-draft-chrome-prospect-autograph/dean-moss-cpa-dm,
Devin Fitz-Gerald,803849,2025,chrome,hitter,bowman_1st_base,baseball-cards-2025-bowman-chrome-prospects,https://www.sportscardspro.com/game/baseball-cards-2025-bowman-chrome-prospects/devin-fitz-gerald-bcp-158,https://www.sportscardspro.com/game/baseball-cards-2025-bowman-chrome-prospect-autograph/devin-fitz-gerald-cpa-df,
Devin Taylor,805127,2025,draft,hitter,bowman_1st_base,baseball-cards-2025-bowman-draft-chrome,https://www.sportscardspro.com/game/baseball-cards-2025-bowman-draft-chrome/devin-taylor-bdc-135,https://www.sportscardspro.com/game/baseball-cards-2025-bowman-draft-chrome-prospect-autograph/devin-taylor-cpa-dt,
Diego Tornes,829053,2025,chrome,hitter,bowman_1st_base,baseball-cards-2025-bowman-chrome-prospects,https://www.sportscardspro.com/game/baseball-cards-2025-bowman-chrome-prospects/diego-tornes-bcp-214,https://www.sportscardspro.com/game/baseball-cards-2025-bowman-chrome-prospect-autograph/diego-tornes-cpa-dt,
Djean Macares,829079,2025,chrome,hitter,bowman_1st_base,baseball-cards-2025-bowman-chrome-prospects,https://www.sportscardspro.com/game/baseball-cards-2025-bowman-chrome-prospects/djean-macares-bcp-237,https://www.sportscardspro.com/game/baseball-cards-2025-bowman-chrome-prospect-autograph/djean-macares-cpa-dm,
Dylan Fien,814504,2025,chrome,hitter,bowman_1st_base,baseball-cards-2025-bowman-chrome-prospects,https://www.sportscardspro.com/game/baseball-cards-2025-bowman-chrome-prospects/dylan-fien-bcp-47,https://www.sportscardspro.com/game/baseball-cards-2025-bowman-chrome-prospect-autograph/dylan-fien-cpa-df,
Easton Carmichael,702695,2025,draft,hitter,bowman_1st_base,baseball-cards-2025-bowman-draft-chrome,https://www.sportscardspro.com/game/baseball-cards-2025-bowman-draft-chrome/easton-carmichael-bdc-50,https://www.sportscardspro.com/game/baseball-cards-2025-bowman-draft-chrome-prospect-autograph/easton-carmichael-cpa-eca,
Edgleen Perez,814297,2025,chrome,hitter,bowman_1st_base,baseball-cards-2025-bowman-chrome-prospects,https://www.sportscardspro.com/game/baseball-cards-2025-bowman-chrome-prospects/edgleen-perez-bcp-80,https://www.sportscardspro.com/game/baseball-cards-2025-bowman-chrome-prospect-autograph/edgleen-perez-cpa-epz,
Eduardo Quintero,808234,2025,chrome,hitter,bowman_1st_base,baseball-cards-2025-bowman-chrome-prospects,https://www.sportscardspro.com/game/baseball-cards-2025-bowman-chrome-prospects/eduardo-quintero-bcp-115,https://www.sportscardspro.com/game/baseball-cards-2025-bowman-chrome-prospect-autograph/eduardo-quintero-cpa-eq,
Eli Willits,816113,2025,draft,hitter,bowman_1st_base,baseball-cards-2025-bowman-draft-chrome,https://www.sportscardspro.com/game/baseball-cards-2025-bowman-draft-chrome/eli-willits-bdc-1,https://www.sportscardspro.com/game/baseball-cards-2025-bowman-draft-chrome-prospect-autograph/eli-willits-cpa-ew,
Elian De La Cruz,829066,2025,chrome,hitter,bowman_1st_base,baseball-cards-2025-bowman-chrome-prospects,https://www.sportscardspro.com/game/baseball-cards-2025-bowman-chrome-prospects/elian-de-la-cruz-bcp-249,https://www.sportscardspro.com/game/baseball-cards-2025-bowman-chrome-prospect-autograph/elian-de-la-cruz-cpa-ed,
Elian Pena,829033,2025,chrome,hitter,bowman_1st_base,baseball-cards-2025-bowman-chrome-prospects,https://www.sportscardspro.com/game/baseball-cards-2025-bowman-chrome-prospects/elian-pena-bcp-155,https://www.sportscardspro.com/game/baseball-cards-2025-bowman-chrome-prospect-autograph/elian-pena-cpa-ep,
Elorky Rodriguez,829069,2025,chrome,hitter,bowman_1st_base,baseball-cards-2025-bowman-chrome-prospects,https://www.sportscardspro.com/game/baseball-cards-2025-bowman-chrome-prospects/elorky-rodriguez-bcp-186,https://www.sportscardspro.com/game/baseball-cards-2025-bowman-chrome-prospect-autograph/elorky-rodriguez-cpa-er,
Elvin Garcia,821751,2025,chrome,hitter,bowman_1st_base,baseball-cards-2025-bowman-chrome-prospects,https://www.sportscardspro.com/game/baseball-cards-2025-bowman-chrome-prospects/elvin-garcia-bcp-124,https://www.sportscardspro.com/game/baseball-cards-2025-bowman-chrome-prospect-autograph/elvin-garcia-cpa-eg,
Emilien Pitre,692150,2025,chrome,hitter,bowman_1st_base,baseball-cards-2025-bowman-chrome-prospects,https://www.sportscardspro.com/game/baseball-cards-2025-bowman-chrome-prospects/emilien-pitre-bcp-83,https://www.sportscardspro.com/game/baseball-cards-2025-bowman-chrome-prospect-autograph/emilien-pitre-cpa-epi,
Engelth Urena,800246,2025,chrome,hitter,bowman_1st_base,baseball-cards-2025-bowman-chrome-prospects,https://www.sportscardspro.com/game/baseball-cards-2025-bowman-chrome-prospects/engelth-urena-bcp-16,https://www.sportscardspro.com/game/baseball-cards-2025-bowman-chrome-prospect-autograph/engelth-urena-cpa-eu,
Enry Torres,829095,2025,chrome,hitter,bowman_1st_base,baseball-cards-2025-bowman-chrome-prospects,https://www.sportscardspro.com/game/baseball-cards-2025-bowman-chrome-prospects/enry-torres-bcp-168,https://www.sportscardspro.com/game/baseball-cards-2025-bowman-chrome-prospect-autograph/enry-torres-cpa-et,
Esmith Pineda,703204,2025,chrome,hitter,bowman_1st_base,baseball-cards-2025-bowman-chrome-prospects,https://www.sportscardspro.com/game/baseball-cards-2025-bowman-chrome-prospects/esmith-pineda-bcp-37,https://www.sportscardspro.com/game/baseball-cards-2025-bowman-chrome-prospect-autograph/esmith-pineda-cpa-ep,
Esteban Gonzalez,691416,2025,chrome,hitter,bowman_1st_base,baseball-cards-2025-bowman-chrome-prospects,https://www.sportscardspro.com/game/baseball-cards-2025-bowman-chrome-prospects/esteban-gonzalez-bcp-70,https://www.sportscardspro.com/game/baseball-cards-2025-bowman-chrome-prospect-autograph/esteban-gonzalez-cpa-ego,
Esteban Mejia,800354,2025,chrome,hitter,bowman_1st_base,baseball-cards-2025-bowman-chrome-prospects,https://www.sportscardspro.com/game/baseball-cards-2025-bowman-chrome-prospects/esteban-mejia-bcp-9,https://www.sportscardspro.com/game/baseball-cards-2025-bowman-chrome-prospect-autograph/esteban-mejia-cpa-em,
Ethan Conrad,828255,2025,draft,hitter,bowman_1st_base,baseball-cards-2025-bowman-draft-chrome,https://www.sportscardspro.com/game/baseball-cards-2025-bowman-draft-chrome/ethan-conrad-bdc-17,https://www.sportscardspro.com/game/baseball-cards-2025-bowman-draft-chrome-prospect-autograph/ethan-conrad-cpa-ec,
Ethan Frey,703676,2025,draft,hitter,bowman_1st_base,baseball-cards-2025-bowman-draft-chrome,https://www.sportscardspro.com/game/baseball-cards-2025-bowman-draft-chrome/ethan-frey-bdc-67,https://www.sportscardspro.com/game/baseball-cards-2025-bowman-draft-chrome-prospect-autograph/ethan-frey-cpa-ef,
Ethan Hedges,805260,2025,draft,hitter,bowman_1st_base,baseball-cards-2025-bowman-draft-chrome,https://www.sportscardspro.com/game/baseball-cards-2025-bowman-draft-chrome/ethan-hedges-bdc-148,https://www.sportscardspro.com/game/baseball-cards-2025-bowman-draft-chrome-prospect-autograph/ethan-hedges-cpa-ehe,
Ethan Petry,701337,2025,draft,hitter,bowman_1st_base,baseball-cards-2025-bowman-draft-chrome,https://www.sportscardspro.com/game/baseball-cards-2025-bowman-draft-chrome/ethan-petry-bdc-151,https://www.sportscardspro.com/game/baseball-cards-2025-bowman-draft-chrome-prospect-autograph/ethan-petry-cpa-ep,
Fabian Lopez,808500,2025,chrome,hitter,bowman_1st_base,baseball-cards-2025-bowman-chrome-prospects,https://www.sportscardspro.com/game/baseball-cards-2025-bowman-chrome-prospects/fabian-lopez-bcp-19,https://www.sportscardspro.com/game/baseball-cards-2025-bowman-chrome-prospect-autograph/fabian-lopez-cpa-fl,
Franklin Arias,808265,2025,chrome,hitter,bowman_1st_base,baseball-cards-2025-bowman-chrome-prospects,https://www.sportscardspro.com/game/baseball-cards-2025-bowman-chrome-prospects/franklin-arias-bcp-67,https://www.sportscardspro.com/game/baseball-cards-2025-bowman-chrome-prospect-autograph/franklin-arias-cpa-fa,
Franyerber Montilla,800508,2025,chrome,hitter,bowman_1st_base,baseball-cards-2025-bowman-chrome-prospects,https://www.sportscardspro.com/game/baseball-cards-2025-bowman-chrome-prospects/franyerber-montilla-bcp-5,https://www.sportscardspro.com/game/baseball-cards-2025-bowman-chrome-prospect-autograph/franyerber-montilla-cpa-fm,
Gabriel Davalillo,829058,2025,chrome,hitter,bowman_1st_base,baseball-cards-2025-bowman-chrome-prospects,https://www.sportscardspro.com/game/baseball-cards-2025-bowman-chrome-prospects/gabriel-davalillo-bcp-178,https://www.sportscardspro.com/game/baseball-cards-2025-bowman-chrome-prospect-autograph/gabriel-davalillo-cpa-gd,
Gage Wood,805906,2025,draft,pitcher,bowman_1st_base,baseball-cards-2025-bowman-draft-chrome,https://www.sportscardspro.com/game/baseball-cards-2025-bowman-draft-chrome/gage-wood-bdc-4,https://www.sportscardspro.com/game/baseball-cards-2025-bowman-draft-chrome-prospect-autograph/gage-wood-cpa-gw,
Gary Gill Hill,804541,2025,chrome,pitcher,bowman_1st_base,baseball-cards-2025-bowman-chrome-prospects,https://www.sportscardspro.com/game/baseball-cards-2025-bowman-chrome-prospects/gary-gill-hill-bcp-55,https://www.sportscardspro.com/game/baseball-cards-2025-bowman-chrome-prospect-autograph/gary-gill-hill-cpa-gg,
Gavin Fien,815818,2025,draft,hitter,bowman_1st_base,baseball-cards-2025-bowman-draft-chrome,https://www.sportscardspro.com/game/baseball-cards-2025-bowman-draft-chrome/gavin-fien-bdc-15,https://www.sportscardspro.com/game/baseball-cards-2025-bowman-draft-chrome-prospect-autograph/gavin-fien-cpa-gf,
Gavin Kilen,702264,2025,draft,hitter,bowman_1st_base,baseball-cards-2025-bowman-draft-chrome,https://www.sportscardspro.com/game/baseball-cards-2025-bowman-draft-chrome/gavin-kilen-bdc-40,https://www.sportscardspro.com/game/baseball-cards-2025-bowman-draft-chrome-prospect-autograph/gavin-kilen-cpa-gk,
Gregory Barrios,699126,2025,chrome,hitter,bowman_1st_base,baseball-cards-2025-bowman-chrome-prospects,https://www.sportscardspro.com/game/baseball-cards-2025-bowman-chrome-prospects/gregory-barrios-bcp-7,https://www.sportscardspro.com/game/baseball-cards-2025-bowman-chrome-prospect-autograph/gregory-barrios-cpa-gb,
Gustavo Melendez,828116,2025,draft,hitter,bowman_1st_base,baseball-cards-2025-bowman-draft-chrome,https://www.sportscardspro.com/game/baseball-cards-2025-bowman-draft-chrome/gustavo-melendez-bdc-112,https://www.sportscardspro.com/game/baseball-cards-2025-bowman-draft-chrome-prospect-autograph/gustavo-melendez-cpa-gm,
Haritzon Castillo,829061,2025,chrome,hitter,bowman_1st_base,baseball-cards-2025-bowman-chrome-prospects,https://www.sportscardspro.com/game/baseball-cards-2025-bowman-chrome-prospects/haritzon-castillo-bcp-161,https://www.sportscardspro.com/game/baseball-cards-2025-bowman-chrome-prospect-autograph/haritzon-castillo-cpa-hc,
Harold Rivas,829093,2025,chrome,hitter,bowman_1st_base,baseball-cards-2025-bowman-chrome-prospects,https://www.sportscardspro.com/game/baseball-cards-2025-bowman-chrome-prospects/harold-rivas-bcp-216,https://www.sportscardspro.com/game/baseball-cards-2025-bowman-chrome-prospect-autograph/harold-rivas-cpa-hr,
Hayden Alvarez,820986,2025,chrome,hitter,bowman_1st_base,baseball-cards-2025-bowman-chrome-prospects,https://www.sportscardspro.com/game/baseball-cards-2025-bowman-chrome-prospects/hayden-alvarez-bcp-12,https://www.sportscardspro.com/game/baseball-cards-2025-bowman-chrome-prospect-autograph/hayden-alvarez-cpa-ha,
Heins Brito,829065,2025,chrome,hitter,bowman_1st_base,baseball-cards-2025-bowman-chrome-prospects,https://www.sportscardspro.com/game/baseball-cards-2025-bowman-chrome-prospects/heins-brito-bcp-203,https://www.sportscardspro.com/game/baseball-cards-2025-bowman-chrome-prospect-autograph/heins-brito-cpa-hb,
Henry Baez,692013,2025,chrome,pitcher,bowman_1st_base,,,https://www.sportscardspro.com/game/baseball-cards-2025-bowman-chrome-prospect-autograph/henry-baez-cpa-hba,
Hiverson Lopez,829075,2025,chrome,hitter,bowman_1st_base,baseball-cards-2025-bowman-chrome-prospects,https://www.sportscardspro.com/game/baseball-cards-2025-bowman-chrome-prospects/hiverson-lopez-bcp-196,https://www.sportscardspro.com/game/baseball-cards-2025-bowman-chrome-prospect-autograph/hiverson-lopez-cpa-hl,
Humberto Cruz,814232,2025,chrome,pitcher,bowman_1st_base,baseball-cards-2025-bowman-chrome-prospects,https://www.sportscardspro.com/game/baseball-cards-2025-bowman-chrome-prospects/humberto-cruz-bcp-96,https://www.sportscardspro.com/game/baseball-cards-2025-bowman-chrome-prospect-autograph/humberto-cruz-cpa-hc,
Hyun-Seok Jang,815794,2025,chrome,pitcher,bowman_1st_base,baseball-cards-2025-bowman-chrome-prospects,https://www.sportscardspro.com/game/baseball-cards-2025-bowman-chrome-prospects/hyun-seok-jang-bcp-51,https://www.sportscardspro.com/game/baseball-cards-2025-bowman-chrome-prospect-autograph/hyun-seok-jang-cpa-hj,
Hyungchan Um,805870,2025,chrome,hitter,bowman_1st_base,baseball-cards-2025-bowman-chrome-prospects,https://www.sportscardspro.com/game/baseball-cards-2025-bowman-chrome-prospects/hyungchan-um-bcp-119,https://www.sportscardspro.com/game/baseball-cards-2025-bowman-chrome-prospect-autograph/hyungchan-um-cpa-hu,
Ike Irish,702610,2025,draft,hitter,bowman_1st_base,baseball-cards-2025-bowman-draft-chrome,https://www.sportscardspro.com/game/baseball-cards-2025-bowman-draft-chrome/ike-irish-bdc-16,https://www.sportscardspro.com/game/baseball-cards-2025-bowman-draft-chrome-prospect-autograph/ike-irish-cpa-ii,
J.D. Thompson,702505,2025,draft,pitcher,bowman_1st_base,baseball-cards-2025-bowman-draft-chrome,https://www.sportscardspro.com/game/baseball-cards-2025-bowman-draft-chrome/jd-thompson-bdc-14,https://www.sportscardspro.com/game/baseball-cards-2025-bowman-draft-chrome-prospect-autograph/jd-thompson-cpa-jt,
JB Middleton,822477,2025,draft,pitcher,bowman_1st_base,baseball-cards-2025-bowman-draft-chrome,https://www.sportscardspro.com/game/baseball-cards-2025-bowman-draft-chrome/jb-middleton-bdc-78,https://www.sportscardspro.com/game/baseball-cards-2025-bowman-draft-chrome-prospect-autograph/jb-middleton-cpa-jm,
JT Quinn,802411,2025,draft,pitcher,bowman_1st_base,baseball-cards-2025-bowman-draft-chrome,https://www.sportscardspro.com/game/baseball-cards-2025-bowman-draft-chrome/jt-quinn-bdc-85,https://www.sportscardspro.com/game/baseball-cards-2025-bowman-draft-chrome-prospect-autograph/jt-quinn-cpa-jq,
Jack Gurevitch,813668,2025,draft,hitter,bowman_1st_base,baseball-cards-2025-bowman-draft-chrome,https://www.sportscardspro.com/game/baseball-cards-2025-bowman-draft-chrome/jack-gurevitch-bdc-150,https://www.sportscardspro.com/game/baseball-cards-2025-bowman-draft-chrome-prospect-autograph/jack-gurevitch-cpa-jg,
Jack Lines,813922,2025,chrome,hitter,bowman_1st_base,baseball-cards-2025-bowman-chrome-prospects,https://www.sportscardspro.com/game/baseball-cards-2025-bowman-chrome-prospects/jack-lines-bcp-64,https://www.sportscardspro.com/game/baseball-cards-2025-bowman-chrome-prospect-autograph/jack-lines-cpa-jli,
Jack Penney,802599,2025,chrome,hitter,bowman_1st_base,baseball-cards-2025-bowman-chrome-prospects,https://www.sportscardspro.com/game/baseball-cards-2025-bowman-chrome-prospects/jack-penney-bcp-60,https://www.sportscardspro.com/game/baseball-cards-2025-bowman-chrome-prospect-autograph/jack-penney-cpa-jpy,
Jackson Humphries,703469,2025,chrome,pitcher,bowman_1st_base,baseball-cards-2025-bowman-chrome-prospects,https://www.sportscardspro.com/game/baseball-cards-2025-bowman-chrome-prospects/jackson-humphries-bcp-11,https://www.sportscardspro.com/game/baseball-cards-2025-bowman-chrome-prospect-autograph/jackson-humphries-cpa-jhu,
Jacob Bresnahan,815298,2025,chrome,pitcher,bowman_1st_base,baseball-cards-2025-bowman-chrome-prospects,https://www.sportscardspro.com/game/baseball-cards-2025-bowman-chrome-prospects/jacob-bresnahan-bcp-53,https://www.sportscardspro.com/game/baseball-cards-2025-bowman-chrome-prospect-autograph/jacob-bresnahan-cpa-jbr,
Jacob Morrison,804756,2025,draft,pitcher,bowman_1st_base,baseball-cards-2025-bowman-draft-chrome,https://www.sportscardspro.com/game/baseball-cards-2025-bowman-draft-chrome/jacob-morrison-bdc-42,https://www.sportscardspro.com/game/baseball-cards-2025-bowman-draft-chrome-prospect-autograph/jacob-morrison-cpa-jmo,
Jadyn Fielder,815723,2025,chrome,hitter,bowman_1st_base,,,https://www.sportscardspro.com/game/baseball-cards-2025-bowman-chrome-prospect-autograph/jadyn-fielder-cpa-jf,
Jake Cook,834404,2025,draft,hitter,bowman_1st_base,baseball-cards-2025-bowman-draft-chrome,https://www.sportscardspro.com/game/baseball-cards-2025-bowman-draft-chrome/jake-cook-bdc-97,https://www.sportscardspro.com/game/baseball-cards-2025-bowman-draft-chrome-prospect-autograph/jake-cook-cpa-jc,
Jake Munroe,827719,2025,draft,hitter,bowman_1st_base,baseball-cards-2025-bowman-draft-chrome,https://www.sportscardspro.com/game/baseball-cards-2025-bowman-draft-chrome/jake-munroe-bdc-128,https://www.sportscardspro.com/game/baseball-cards-2025-bowman-draft-chrome-prospect-autograph/jake-munroe-cpa-jmu,
Jakob Christian,814451,2025,chrome,hitter,bowman_1st_base,baseball-cards-2025-bowman-chrome-prospects,https://www.sportscardspro.com/game/baseball-cards-2025-bowman-chrome-prospects/jakob-christian-bcp-157,https://www.sportscardspro.com/game/baseball-cards-2025-bowman-chrome-prospect-autograph/jakob-christian-cpa-jch,
Jakob Wright,809915,2025,chrome,pitcher,bowman_1st_base,baseball-cards-2025-bowman-chrome-prospects,https://www.sportscardspro.com/game/baseball-cards-2025-bowman-chrome-prospects/jakob-wright-bcp-143,https://www.sportscardspro.com/game/baseball-cards-2025-bowman-chrome-prospect-autograph/jakob-wright-cpa-jwr,
Jancel Villarroel,806611,2025,chrome,hitter,bowman_1st_base,baseball-cards-2025-bowman-chrome-prospects,https://www.sportscardspro.com/game/baseball-cards-2025-bowman-chrome-prospects/jancel-villarroel-bcp-26,https://www.sportscardspro.com/game/baseball-cards-2025-bowman-chrome-prospect-autograph/jancel-villarroel-cpa-jv,
Jansel Luis,800306,2025,chrome,hitter,bowman_1st_base,baseball-cards-2025-bowman-chrome-prospects,https://www.sportscardspro.com/game/baseball-cards-2025-bowman-chrome-prospects/jansel-luis-bcp-84,https://www.sportscardspro.com/game/baseball-cards-2025-bowman-chrome-prospect-autograph/jansel-luis-cpa-jlu,
Jared Sundstrom,814791,2025,chrome,hitter,bowman_1st_base,baseball-cards-2025-bowman-chrome-prospects,https://www.sportscardspro.com/game/baseball-cards-2025-bowman-chrome-prospects/jared-sundstrom-bcp-85,https://www.sportscardspro.com/game/baseball-cards-2025-bowman-chrome-prospect-autograph/jared-sundstrom-cpa-jsu,
Javier Mogollon,808684,2025,chrome,hitter,bowman_1st_base,baseball-cards-2025-bowman-chrome-prospects,https://www.sportscardspro.com/game/baseball-cards-2025-bowman-chrome-prospects/javier-mogollon-bcp-68,https://www.sportscardspro.com/game/baseball-cards-2025-bowman-chrome-prospect-autograph/javier-mogollon-cpa-jmo,
Javier Vaz,805834,2025,chrome,hitter,bowman_1st_base,,,https://www.sportscardspro.com/game/baseball-cards-2025-bowman-chrome-prospect-autograph/javier-vaz-cpa-jva,
Jesus Lopez,451639,2025,chrome,hitter,bowman_1st_base,baseball-cards-2025-bowman-chrome-prospects,https://www.sportscardspro.com/game/baseball-cards-2025-bowman-chrome-prospects/jesus-lopez-bcp-88,https://www.sportscardspro.com/game/baseball-cards-2025-bowman-chrome-prospect-autograph/jesus-lopez-cpa-jlo,
Jesus Made,815908,2025,chrome,hitter,bowman_1st_base,baseball-cards-2025-bowman-chrome-prospects,https://www.sportscardspro.com/game/baseball-cards-2025-bowman-chrome-prospects/jesus-made-bcp-50,https://www.sportscardspro.com/game/baseball-cards-2025-bowman-chrome-prospect-autograph/jesus-made-cpa-jm,
Jesus Tillero,808313,2025,chrome,pitcher,bowman_1st_base,baseball-cards-2025-bowman-chrome-prospects,https://www.sportscardspro.com/game/baseball-cards-2025-bowman-chrome-prospects/jesus-tillero-bcp-117,https://www.sportscardspro.com/game/baseball-cards-2025-bowman-chrome-prospect-autograph/jesus-tillero-cpa-jt,
Jhoan De La Cruz,829063,2025,chrome,hitter,bowman_1st_base,baseball-cards-2025-bowman-chrome-prospects,https://www.sportscardspro.com/game/baseball-cards-2025-bowman-chrome-prospects/jhoan-de-la-cruz-bcp-223,https://www.sportscardspro.com/game/baseball-cards-2025-bowman-chrome-prospect-autograph/jhoan-de-la-cruz-cpa-jdl,
Jhonayker Ugarte,821716,2025,chrome,hitter,bowman_1st_base,baseball-cards-2025-bowman-chrome-prospects,https://www.sportscardspro.com/game/baseball-cards-2025-bowman-chrome-prospects/jhonayker-ugarte-bcp-123,https://www.sportscardspro.com/game/baseball-cards-2025-bowman-chrome-prospect-autograph/jhonayker-ugarte-cpa-ju,
Jhonny Level,815929,2025,chrome,hitter,bowman_1st_base,baseball-cards-2025-bowman-chrome-prospects,https://www.sportscardspro.com/game/baseball-cards-2025-bowman-chrome-prospects/jhonny-level-bcp-147,https://www.sportscardspro.com/game/baseball-cards-2025-bowman-chrome-prospect-autograph/jhonny-level-cpa-jl,
Jhonny Severino,703177,2025,chrome,hitter,bowman_1st_base,baseball-cards-2025-bowman-chrome-prospects,https://www.sportscardspro.com/game/baseball-cards-2025-bowman-chrome-prospects/jhonny-severino-bcp-233,https://www.sportscardspro.com/game/baseball-cards-2025-bowman-chrome-prospect-autograph/jhonny-severino-cpa-js,
JoJo Parker,828098,2025,draft,hitter,bowman_1st_base,baseball-cards-2025-bowman-draft-chrome,https://www.sportscardspro.com/game/baseball-cards-2025-bowman-draft-chrome/jojo-parker-bdc-8,https://www.sportscardspro.com/game/baseball-cards-2025-bowman-draft-chrome-prospect-autograph/jojo-parker-cpa-jp,
Johan De Los Santos,829059,2025,chrome,hitter,bowman_1st_base,baseball-cards-2025-bowman-chrome-prospects,https://www.sportscardspro.com/game/baseball-cards-2025-bowman-chrome-prospects/johan-de-los-santos-bcp-163,https://www.sportscardspro.com/game/baseball-cards-2025-bowman-chrome-prospect-autograph/johan-de-los-santos-cpa-jdls,
John Gil,808535,2025,chrome,hitter,bowman_1st_base,baseball-cards-2025-bowman-chrome-prospects,https://www.sportscardspro.com/game/baseball-cards-2025-bowman-chrome-prospects/john-gil-bcp-172,https://www.sportscardspro.com/game/baseball-cards-2025-bowman-chrome-prospect-autograph/john-gil-cpa-jg,
Johnny Slawinski,828989,2025,draft,pitcher,bowman_1st_base,baseball-cards-2025-bowman-draft-chrome,https://www.sportscardspro.com/game/baseball-cards-2025-bowman-draft-chrome/johnny-slawinski-bdc-153,https://www.sportscardspro.com/game/baseball-cards-2025-bowman-draft-chrome-prospect-autograph/johnny-slawinski-cpa-js,
Jonathon Long,675085,2025,chrome,hitter,bowman_1st_base,baseball-cards-2025-bowman-chrome-prospects,https://www.sportscardspro.com/game/baseball-cards-2025-bowman-chrome-prospects/jonathon-long-bcp-58,https://www.sportscardspro.com/game/baseball-cards-2025-bowman-chrome-prospect-autograph/jonathon-long-cpa-jlg,
Jordan Sanchez,820847,2025,chrome,hitter,bowman_1st_base,baseball-cards-2025-bowman-chrome-prospects,https://www.sportscardspro.com/game/baseball-cards-2025-bowman-chrome-prospects/jordan-sanchez-bcp-208,https://www.sportscardspro.com/game/baseball-cards-2025-bowman-chrome-prospect-autograph/jordan-sanchez-cpa-jos,
Jordan Yost,803723,2025,draft,hitter,bowman_1st_base,baseball-cards-2025-bowman-draft-chrome,https://www.sportscardspro.com/game/baseball-cards-2025-bowman-draft-chrome/jordan-yost-bdc-162,https://www.sportscardspro.com/game/baseball-cards-2025-bowman-draft-chrome-prospect-autograph/jordan-yost-cpa-jy,
Jose Anderson,821262,2025,chrome,hitter,bowman_1st_base,baseball-cards-2025-bowman-chrome-prospects,https://www.sportscardspro.com/game/baseball-cards-2025-bowman-chrome-prospects/jose-anderson-bcp-193,https://www.sportscardspro.com/game/baseball-cards-2025-bowman-chrome-prospect-autograph/jose-anderson-cpa-ja,
Joseph Dzierwa,804530,2025,draft,pitcher,bowman_1st_base,baseball-cards-2025-bowman-draft-chrome,https://www.sportscardspro.com/game/baseball-cards-2025-bowman-draft-chrome/joseph-dzierwa-bdc-186,https://www.sportscardspro.com/game/baseball-cards-2025-bowman-draft-chrome-prospect-autograph/joseph-dzierwa-cpa-jd,
Josh Hammond,815843,2025,draft,hitter,bowman_1st_base,baseball-cards-2025-bowman-draft-chrome,https://www.sportscardspro.com/game/baseball-cards-2025-bowman-draft-chrome/josh-hammond-bdc-185,https://www.sportscardspro.com/game/baseball-cards-2025-bowman-draft-chrome-prospect-autograph/josh-hammond-cpa-jh,
Josh Owens,831384,2025,draft,hitter,bowman_1st_base,baseball-cards-2025-bowman-draft-chrome,https://www.sportscardspro.com/game/baseball-cards-2025-bowman-draft-chrome/josh-owens-bdc-119,https://www.sportscardspro.com/game/baseball-cards-2025-bowman-draft-chrome-prospect-autograph/josh-owens-cpa-jo,
Josiah Hartshorn,815824,2025,draft,hitter,bowman_1st_base,baseball-cards-2025-bowman-draft-chrome,https://www.sportscardspro.com/game/baseball-cards-2025-bowman-draft-chrome/josiah-hartshorn-bdc-21,https://www.sportscardspro.com/game/baseball-cards-2025-bowman-draft-chrome-prospect-autograph/josiah-hartshorn-cpa-jha,
Josuar Gonzalez,829034,2025,chrome,hitter,bowman_1st_base,baseball-cards-2025-bowman-chrome-prospects,https://www.sportscardspro.com/game/baseball-cards-2025-bowman-chrome-prospects/josuar-gonzalez-bcp-153,https://www.sportscardspro.com/game/baseball-cards-2025-bowman-chrome-prospect-autograph/josuar-gonzalez-cpa-jd,
Josue Briceno,800522,2025,chrome,hitter,bowman_1st_base,baseball-cards-2025-bowman-chrome-prospects,https://www.sportscardspro.com/game/baseball-cards-2025-bowman-chrome-prospects/josue-briceno-bcp-13,https://www.sportscardspro.com/game/baseball-cards-2025-bowman-chrome-prospect-autograph/josue-briceno-cpa-jb,
Juan Cabada,829040,2025,chrome,hitter,bowman_1st_base,baseball-cards-2025-bowman-chrome-prospects,https://www.sportscardspro.com/game/baseball-cards-2025-bowman-chrome-prospects/juan-cabada-bcp-207,https://www.sportscardspro.com/game/baseball-cards-2025-bowman-chrome-prospect-autograph/juan-cabada-cpa-jc,
Juan Tomas,829823,2025,chrome,hitter,bowman_1st_base,baseball-cards-2025-bowman-chrome-prospects,https://www.sportscardspro.com/game/baseball-cards-2025-bowman-chrome-prospects/juan-tomas-bcp-230,https://www.sportscardspro.com/game/baseball-cards-2025-bowman-chrome-prospect-autograph/juan-tomas-cpa-jt,
Juneiker Caceres,821181,2025,chrome,hitter,bowman_1st_base,baseball-cards-2025-bowman-chrome-prospects,https://www.sportscardspro.com/game/baseball-cards-2025-bowman-chrome-prospects/juneiker-caceres-bcp-231,https://www.sportscardspro.com/game/baseball-cards-2025-bowman-chrome-prospect-autograph/juneiker-caceres-cpa-juc,
Justice Bigbie,694425,2025,chrome,hitter,bowman_1st_base,baseball-cards-2025-bowman-chrome-prospects,https://www.sportscardspro.com/game/baseball-cards-2025-bowman-chrome-prospects/justice-bigbie-bcp-215,https://www.sportscardspro.com/game/baseball-cards-2025-bowman-chrome-prospect-autograph/justice-bigbie-cpa-jb,
Justin Lamkin,703610,2025,draft,pitcher,bowman_1st_base,baseball-cards-2025-bowman-draft-chrome,https://www.sportscardspro.com/game/baseball-cards-2025-bowman-draft-chrome/justin-lamkin-bdc-62,https://www.sportscardspro.com/game/baseball-cards-2025-bowman-draft-chrome-prospect-autograph/justin-lamkin-cpa-jla,
Kaeden Kent,809763,2025,draft,hitter,bowman_1st_base,baseball-cards-2025-bowman-draft-chrome,https://www.sportscardspro.com/game/baseball-cards-2025-bowman-draft-chrome/kaeden-kent-bdc-65,https://www.sportscardspro.com/game/baseball-cards-2025-bowman-draft-chrome-prospect-autograph/kaeden-kent-cpa-kke,
Kai Roberts,805956,2025,chrome,hitter,bowman_1st_base,baseball-cards-2025-bowman-chrome-prospects,https://www.sportscardspro.com/game/baseball-cards-2025-bowman-chrome-prospects/kai-roberts-bcp-182,https://www.sportscardspro.com/game/baseball-cards-2025-bowman-chrome-prospect-autograph/kai-roberts-cpa-kr,
Kale Fountain,806495,2025,chrome,hitter,bowman_1st_base,baseball-cards-2025-bowman-chrome-prospects,https://www.sportscardspro.com/game/baseball-cards-2025-bowman-chrome-prospects/kale-fountain-bcp-246,https://www.sportscardspro.com/game/baseball-cards-2025-bowman-chrome-prospect-autograph/kale-fountain-cpa-kfo,
Kane Kepley,823807,2025,draft,hitter,bowman_1st_base,baseball-cards-2025-bowman-draft-chrome,https://www.sportscardspro.com/game/baseball-cards-2025-bowman-draft-chrome/kane-kepley-bdc-200,https://www.sportscardspro.com/game/baseball-cards-2025-bowman-draft-chrome-prospect-autograph/kane-kepley-cpa-kk,
Kayson Cunningham,815617,2025,draft,hitter,bowman_1st_base,baseball-cards-2025-bowman-draft-chrome,https://www.sportscardspro.com/game/baseball-cards-2025-bowman-draft-chrome/kayson-cunningham-bdc-84,https://www.sportscardspro.com/game/baseball-cards-2025-bowman-draft-chrome-prospect-autograph/kayson-cunningham-cpa-kc,
Kenny Fenelon,829064,2025,chrome,hitter,bowman_1st_base,baseball-cards-2025-bowman-chrome-prospects,https://www.sportscardspro.com/game/baseball-cards-2025-bowman-chrome-prospects/kenny-fenelon-bcp-190,https://www.sportscardspro.com/game/baseball-cards-2025-bowman-chrome-prospect-autograph/kenny-fenelon-cpa-kf,
Kevin Alvarez,829037,2025,chrome,hitter,bowman_1st_base,baseball-cards-2025-bowman-chrome-prospects,https://www.sportscardspro.com/game/baseball-cards-2025-bowman-chrome-prospects/kevin-alvarez-bcp-227,https://www.sportscardspro.com/game/baseball-cards-2025-bowman-chrome-prospect-autograph/kevin-alvarez-cpa-ka,
Kevin Defrank,829074,2025,chrome,pitcher,bowman_1st_base,baseball-cards-2025-bowman-chrome-prospects,https://www.sportscardspro.com/game/baseball-cards-2025-bowman-chrome-prospects/kevin-defrank-bcp-205,https://www.sportscardspro.com/game/baseball-cards-2025-bowman-chrome-prospect-autograph/kevin-defrank-cpa-kd,
Kevyn Castillo,800203,2025,chrome,hitter,bowman_1st_base,baseball-cards-2025-bowman-chrome-prospects,https://www.sportscardspro.com/game/baseball-cards-2025-bowman-chrome-prospects/kevyn-castillo-bcp-82,https://www.sportscardspro.com/game/baseball-cards-2025-bowman-chrome-prospect-autograph/kevyn-castillo-cpa-kc,
Khadim Diaw,813715,2025,chrome,hitter,bowman_1st_base,baseball-cards-2025-bowman-chrome-prospects,https://www.sportscardspro.com/game/baseball-cards-2025-bowman-chrome-prospects/khadim-diaw-bcp-77,https://www.sportscardspro.com/game/baseball-cards-2025-bowman-chrome-prospect-autograph/khadim-diaw-cpa-kdw,
Kyle DeBarge,814414,2025,chrome,hitter,bowman_1st_base,baseball-cards-2025-bowman-chrome-prospects,https://www.sportscardspro.com/game/baseball-cards-2025-bowman-chrome-prospects/kyle-debarge-bcp-139,https://www.sportscardspro.com/game/baseball-cards-2025-bowman-chrome-prospect-autograph/kyle-debarge-cpa-kd,
Kyle Lodise,827517,2025,draft,hitter,bowman_1st_base,baseball-cards-2025-bowman-draft-chrome,https://www.sportscardspro.com/game/baseball-cards-2025-bowman-draft-chrome/kyle-lodise-bdc-144,https://www.sportscardspro.com/game/baseball-cards-2025-bowman-draft-chrome-prospect-autograph/kyle-lodise-cpa-kl,
Kyson Witherspoon,804817,2025,draft,pitcher,bowman_1st_base,baseball-cards-2025-bowman-draft-chrome,https://www.sportscardspro.com/game/baseball-cards-2025-bowman-draft-chrome/kyson-witherspoon-bdc-29,https://www.sportscardspro.com/game/baseball-cards-2025-bowman-draft-chrome-prospect-autograph/kyson-witherspoon-cpa-kw,
Landon Harmon,816102,2025,draft,pitcher,bowman_1st_base,baseball-cards-2025-bowman-draft-chrome,https://www.sportscardspro.com/game/baseball-cards-2025-bowman-draft-chrome/landon-harmon-bdc-44,https://www.sportscardspro.com/game/baseball-cards-2025-bowman-draft-chrome-prospect-autograph/landon-harmon-cpa-lh,
Landon Hodge,821933,2025,draft,hitter,bowman_1st_base,baseball-cards-2025-bowman-draft-chrome,https://www.sportscardspro.com/game/baseball-cards-2025-bowman-draft-chrome/landon-hodge-bdc-93,https://www.sportscardspro.com/game/baseball-cards-2025-bowman-draft-chrome-prospect-autograph/landon-hodge-cpa-lho,
Landyn Vidourek,811716,2025,draft,hitter,bowman_1st_base,baseball-cards-2025-bowman-draft-chrome,https://www.sportscardspro.com/game/baseball-cards-2025-bowman-draft-chrome/landyn-vidourek-bdc-158,https://www.sportscardspro.com/game/baseball-cards-2025-bowman-draft-chrome-prospect-autograph/landyn-vidourek-cpa-lv,
Liam Doyle,824604,2025,draft,pitcher,bowman_1st_base,baseball-cards-2025-bowman-draft-chrome,https://www.sportscardspro.com/game/baseball-cards-2025-bowman-draft-chrome/liam-doyle-bdc-12,https://www.sportscardspro.com/game/baseball-cards-2025-bowman-draft-chrome-prospect-autograph/liam-doyle-cpa-ld,
Liberts Aponte,829051,2025,chrome,hitter,bowman_1st_base,baseball-cards-2025-bowman-chrome-prospects,https://www.sportscardspro.com/game/baseball-cards-2025-bowman-chrome-prospects/liberts-aponte-bcp-174,https://www.sportscardspro.com/game/baseball-cards-2025-bowman-chrome-prospect-autograph/liberts-aponte-cpa-la,
Lucas Ramirez,813429,2025,chrome,hitter,bowman_1st_base,baseball-cards-2025-bowman-chrome-prospects,https://www.sportscardspro.com/game/baseball-cards-2025-bowman-chrome-prospects/lucas-ramirez-bcp-135,https://www.sportscardspro.com/game/baseball-cards-2025-bowman-chrome-prospect-autograph/lucas-ramirez-cpa-lr,
Luis Merejo,808153,2025,chrome,hitter,bowman_1st_base,baseball-cards-2025-bowman-chrome-prospects,https://www.sportscardspro.com/game/baseball-cards-2025-bowman-chrome-prospects/luis-merejo-bcp-140,https://www.sportscardspro.com/game/baseball-cards-2025-bowman-chrome-prospect-autograph/luis-merejo-cpa-lm,
Luis Pena,821270,2025,chrome,hitter,bowman_1st_base,baseball-cards-2025-bowman-chrome-prospects,https://www.sportscardspro.com/game/baseball-cards-2025-bowman-chrome-prospects/luis-pena-bcp-239,https://www.sportscardspro.com/game/baseball-cards-2025-bowman-chrome-prospect-autograph/luis-pena-cpa-lp,
Luke Dickerson,815380,2025,chrome,hitter,bowman_1st_base,baseball-cards-2025-bowman-chrome-prospects,https://www.sportscardspro.com/game/baseball-cards-2025-bowman-chrome-prospects/luke-dickerson-bcp-218,https://www.sportscardspro.com/game/baseball-cards-2025-bowman-chrome-prospect-autograph/luke-dickerson-cpa-ldi,
Malachi Witherspoon,802412,2025,draft,pitcher,bowman_1st_base,baseball-cards-2025-bowman-draft-chrome,https://www.sportscardspro.com/game/baseball-cards-2025-bowman-draft-chrome/malachi-witherspoon-bdc-172,https://www.sportscardspro.com/game/baseball-cards-2025-bowman-draft-chrome-prospect-autograph/malachi-witherspoon-cpa-mw,
Malcolm Moore,702270,2025,chrome,hitter,bowman_1st_base,baseball-cards-2025-bowman-chrome-prospects,https://www.sportscardspro.com/game/baseball-cards-2025-bowman-chrome-prospects/malcolm-moore-bcp-129,https://www.sportscardspro.com/game/baseball-cards-2025-bowman-chrome-prospect-autograph/malcolm-moore-cpa-mmo,
Mani Cedeno,829041,2025,chrome,hitter,bowman_1st_base,baseball-cards-2025-bowman-chrome-prospects,https://www.sportscardspro.com/game/baseball-cards-2025-bowman-chrome-prospects/mani-cedeno-bcp-199,https://www.sportscardspro.com/game/baseball-cards-2025-bowman-chrome-prospect-autograph/mani-cedeno-cpa-mce,
Marco Dinges,701392,2025,chrome,hitter,bowman_1st_base,baseball-cards-2025-bowman-chrome-prospects,https://www.sportscardspro.com/game/baseball-cards-2025-bowman-chrome-prospects/marco-dinges-bcp-183,https://www.sportscardspro.com/game/baseball-cards-2025-bowman-chrome-prospect-autograph/marco-dinges-cpa-md,
Marcus Phillips,815071,2025,draft,pitcher,bowman_1st_base,baseball-cards-2025-bowman-draft-chrome,https://www.sportscardspro.com/game/baseball-cards-2025-bowman-draft-chrome/marcus-phillips-bdc-54,https://www.sportscardspro.com/game/baseball-cards-2025-bowman-draft-chrome-prospect-autograph/marcus-phillips-cpa-mp,
Mason Morris,702568,2025,draft,pitcher,bowman_1st_base,baseball-cards-2025-bowman-draft-chrome,https://www.sportscardspro.com/game/baseball-cards-2025-bowman-draft-chrome/mason-morris-bdc-66,https://www.sportscardspro.com/game/baseball-cards-2025-bowman-draft-chrome-prospect-autograph/mason-morris-cpa-mm,
Mason Neville,702563,2025,draft,hitter,bowman_1st_base,baseball-cards-2025-bowman-draft-chrome,https://www.sportscardspro.com/game/baseball-cards-2025-bowman-draft-chrome/mason-neville-bdc-109,https://www.sportscardspro.com/game/baseball-cards-2025-bowman-draft-chrome-prospect-autograph/mason-neville-cpa-mn,
Matthew Etzel,803033,2025,chrome,hitter,bowman_1st_base,,,https://www.sportscardspro.com/game/baseball-cards-2025-bowman-chrome-prospect-autograph/matthew-etzel-cpa-me,
Matthew Fisher,832455,2025,draft,pitcher,bowman_1st_base,baseball-cards-2025-bowman-draft-chrome,https://www.sportscardspro.com/game/baseball-cards-2025-bowman-draft-chrome/matthew-fisher-bdc-106,https://www.sportscardspro.com/game/baseball-cards-2025-bowman-draft-chrome-prospect-autograph/matthew-fisher-cpa-mf,
Matthew Miura,834681,2025,draft,hitter,bowman_1st_base,baseball-cards-2025-bowman-draft-chrome,https://www.sportscardspro.com/game/baseball-cards-2025-bowman-draft-chrome/matthew-miura-bdc-57,https://www.sportscardspro.com/game/baseball-cards-2025-bowman-draft-chrome-prospect-autograph/matthew-miura-cpa-mmi,
Mavis Graves,703496,2025,chrome,pitcher,bowman_1st_base,,,https://www.sportscardspro.com/game/baseball-cards-2025-bowman-chrome-prospect-autograph/mavis-graves-cpa-mg,
Max Belyeu,803284,2025,draft,hitter,bowman_1st_base,baseball-cards-2025-bowman-draft-chrome,https://www.sportscardspro.com/game/baseball-cards-2025-bowman-draft-chrome/max-belyeu-bdc-5,https://www.sportscardspro.com/game/baseball-cards-2025-bowman-draft-chrome-prospect-autograph/max-belyeu-cpa-mb,
Max Williams,703637,2025,draft,hitter,bowman_1st_base,baseball-cards-2025-bowman-draft-chrome,https://www.sportscardspro.com/game/baseball-cards-2025-bowman-draft-chrome/max-williams-bdc-68,https://www.sportscardspro.com/game/baseball-cards-2025-bowman-draft-chrome-prospect-autograph/max-williams-cpa-mwi,
Maykel Coret,829044,2025,chrome,hitter,bowman_1st_base,baseball-cards-2025-bowman-chrome-prospects,https://www.sportscardspro.com/game/baseball-cards-2025-bowman-chrome-prospects/maykel-coret-bcp-240,https://www.sportscardspro.com/game/baseball-cards-2025-bowman-chrome-prospect-autograph/maykel-coret-cpa-mc,
Michael Lombardi,813533,2025,draft,pitcher,bowman_1st_base,baseball-cards-2025-bowman-draft-chrome,https://www.sportscardspro.com/game/baseball-cards-2025-bowman-draft-chrome/michael-lombardi-bdc-118,https://www.sportscardspro.com/game/baseball-cards-2025-bowman-draft-chrome-prospect-autograph/michael-lombardi-cpa-ml,
Michael Oliveto,834672,2025,draft,hitter,bowman_1st_base,baseball-cards-2025-bowman-draft-chrome,https://www.sportscardspro.com/game/baseball-cards-2025-bowman-draft-chrome/michael-oliveto-bdc-156,https://www.sportscardspro.com/game/baseball-cards-2025-bowman-draft-chrome-prospect-autograph/michael-oliveto-cpa-mo,
Miguel Sime Jr.,828137,2025,draft,pitcher,bowman_1st_base,baseball-cards-2025-bowman-draft-chrome,https://www.sportscardspro.com/game/baseball-cards-2025-bowman-draft-chrome/miguel-sime-jr-bdc-181,https://www.sportscardspro.com/game/baseball-cards-2025-bowman-draft-chrome-prospect-autograph/miguel-sime-jr-cpa-ms,
Mitch Jebb,694991,2025,chrome,hitter,bowman_1st_base,baseball-cards-2025-bowman-chrome-prospects,https://www.sportscardspro.com/game/baseball-cards-2025-bowman-chrome-prospects/mitch-jebb-bcp-41,https://www.sportscardspro.com/game/baseball-cards-2025-bowman-chrome-prospect-autograph/mitch-jebb-cpa-mj,
Mitch Voit,702491,2025,draft,hitter,bowman_1st_base,baseball-cards-2025-bowman-draft-chrome,https://www.sportscardspro.com/game/baseball-cards-2025-bowman-draft-chrome/mitch-voit-bdc-71,https://www.sportscardspro.com/game/baseball-cards-2025-bowman-draft-chrome-prospect-autograph/mitch-voit-cpa-mv,
Moises Marchan,829081,2025,chrome,hitter,bowman_1st_base,baseball-cards-2025-bowman-chrome-prospects,https://www.sportscardspro.com/game/baseball-cards-2025-bowman-chrome-prospects/moises-marchan-bcp-242,https://www.sportscardspro.com/game/baseball-cards-2025-bowman-chrome-prospect-autograph/moises-marchan-cpa-mm,
Murf Gray,809092,2025,draft,hitter,bowman_1st_base,baseball-cards-2025-bowman-draft-chrome,https://www.sportscardspro.com/game/baseball-cards-2025-bowman-draft-chrome/murf-gray-bdc-108,https://www.sportscardspro.com/game/baseball-cards-2025-bowman-draft-chrome-prospect-autograph/murf-gray-cpa-mg,
Naibel Mariano,807648,2025,chrome,hitter,bowman_1st_base,baseball-cards-2025-bowman-chrome-prospects,https://www.sportscardspro.com/game/baseball-cards-2025-bowman-chrome-prospects/naibel-mariano-bcp-99,https://www.sportscardspro.com/game/baseball-cards-2025-bowman-chrome-prospect-autograph/naibel-mariano-cpa-nm,
Natanael Yuten,800256,2025,chrome,hitter,bowman_1st_base,,,https://www.sportscardspro.com/game/baseball-cards-2025-bowman-chrome-prospect-autograph/natanael-yuten-cpa-ny,
Nate George,825582,2025,chrome,hitter,bowman_1st_base,baseball-cards-2025-bowman-chrome-prospects,https://www.sportscardspro.com/game/baseball-cards-2025-bowman-chrome-prospects/nate-george-bcp-184,https://www.sportscardspro.com/game/baseball-cards-2025-bowman-chrome-prospect-autograph/nate-george-cpa-ng,
Nate Nankil,694977,2025,chrome,hitter,bowman_1st_base,baseball-cards-2025-bowman-chrome-prospects,https://www.sportscardspro.com/game/baseball-cards-2025-bowman-chrome-prospects/nate-nankil-bcp-102,https://www.sportscardspro.com/game/baseball-cards-2025-bowman-chrome-prospect-autograph/nate-nankil-cpa-nn,
Nate Snead,805422,2025,draft,pitcher,bowman_1st_base,baseball-cards-2025-bowman-draft-chrome,https://www.sportscardspro.com/game/baseball-cards-2025-bowman-draft-chrome/nate-snead-bdc-38,https://www.sportscardspro.com/game/baseball-cards-2025-bowman-draft-chrome-prospect-autograph/nate-snead-cpa-nsn,
Nestor Miranda,815930,2025,chrome,hitter,bowman_1st_base,baseball-cards-2025-bowman-chrome-prospects,https://www.sportscardspro.com/game/baseball-cards-2025-bowman-chrome-prospects/nestor-miranda-bcp-217,https://www.sportscardspro.com/game/baseball-cards-2025-bowman-chrome-prospect-autograph/nestor-miranda-cpa-nm,
Nick Becker,829306,2025,draft,hitter,bowman_1st_base,baseball-cards-2025-bowman-draft-chrome,https://www.sportscardspro.com/game/baseball-cards-2025-bowman-draft-chrome/nick-becker-bdc-100,https://www.sportscardspro.com/game/baseball-cards-2025-bowman-draft-chrome-prospect-autograph/nick-becker-cpa-nb,
Nick Lorusso,700681,2025,chrome,hitter,bowman_1st_base,,,https://www.sportscardspro.com/game/baseball-cards-2025-bowman-chrome-prospect-autograph/nick-lorusso-cpa-nl,
Nieves Izaguirre,827417,2025,chrome,hitter,bowman_1st_base,baseball-cards-2025-bowman-chrome-prospects,https://www.sportscardspro.com/game/baseball-cards-2025-bowman-chrome-prospects/nieves-izaguirre-bcp-232,https://www.sportscardspro.com/game/baseball-cards-2025-bowman-chrome-prospect-autograph/nieves-izaguirre-cpa-ni,
Nolan Sailors,823073,2025,draft,hitter,bowman_1st_base,baseball-cards-2025-bowman-draft-chrome,https://www.sportscardspro.com/game/baseball-cards-2025-bowman-draft-chrome/nolan-sailors-bdc-86,https://www.sportscardspro.com/game/baseball-cards-2025-bowman-draft-chrome-prospect-autograph/nolan-sailors-cpa-nsa,
Nolan Schubart,702278,2025,draft,hitter,bowman_1st_base,baseball-cards-2025-bowman-draft-chrome,https://www.sportscardspro.com/game/baseball-cards-2025-bowman-draft-chrome/nolan-schubart-bdc-192,https://www.sportscardspro.com/game/baseball-cards-2025-bowman-draft-chrome-prospect-autograph/nolan-schubart-cpa-ns,
PJ Morlando,703563,2025,chrome,hitter,bowman_1st_base,baseball-cards-2025-bowman-chrome-prospects,https://www.sportscardspro.com/game/baseball-cards-2025-bowman-chrome-prospects/pj-morlando-bcp-91,https://www.sportscardspro.com/game/baseball-cards-2025-bowman-chrome-prospect-autograph/pj-morlando-cpa-pm,
Patrick Forbes,804467,2025,draft,pitcher,bowman_1st_base,baseball-cards-2025-bowman-draft-chrome,https://www.sportscardspro.com/game/baseball-cards-2025-bowman-draft-chrome/patrick-forbes-bdc-89,https://www.sportscardspro.com/game/baseball-cards-2025-bowman-draft-chrome-prospect-autograph/patrick-forbes-cpa-pf,
Payton Eeles,823356,2025,chrome,hitter,bowman_1st_base,baseball-cards-2025-bowman-chrome-prospects,https://www.sportscardspro.com/game/baseball-cards-2025-bowman-chrome-prospects/payton-eeles-bcp-78,https://www.sportscardspro.com/game/baseball-cards-2025-bowman-chrome-prospect-autograph/payton-eeles-cpa-pe,
Pedro Catuy,806869,2025,chrome,hitter,bowman_1st_base,baseball-cards-2025-bowman-chrome-prospects,https://www.sportscardspro.com/game/baseball-cards-2025-bowman-chrome-prospects/pedro-catuy-bcp-210,https://www.sportscardspro.com/game/baseball-cards-2025-bowman-chrome-prospect-autograph/pedro-catuy-cpa-pc,
Pico Kohn,695560,2025,draft,pitcher,bowman_1st_base,baseball-cards-2025-bowman-draft-chrome,https://www.sportscardspro.com/game/baseball-cards-2025-bowman-draft-chrome/pico-kohn-bdc-52,https://www.sportscardspro.com/game/baseball-cards-2025-bowman-draft-chrome-prospect-autograph/pico-kohn-cpa-pko,
Quentin Young,815839,2025,draft,hitter,bowman_1st_base,baseball-cards-2025-bowman-draft-chrome,https://www.sportscardspro.com/game/baseball-cards-2025-bowman-draft-chrome/quentin-young-bdc-92,https://www.sportscardspro.com/game/baseball-cards-2025-bowman-draft-chrome-prospect-autograph/quentin-young-cpa-qy,
RJ Schreck,702302,2025,chrome,hitter,bowman_1st_base,baseball-cards-2025-bowman-chrome-prospects,https://www.sportscardspro.com/game/baseball-cards-2025-bowman-chrome-prospects/rj-schreck-bcp-181,https://www.sportscardspro.com/game/baseball-cards-2025-bowman-chrome-prospect-autograph/rj-schreck-cpa-rsc,
Rafael Flores,821012,2025,chrome,hitter,bowman_1st_base,baseball-cards-2025-bowman-chrome-prospects,https://www.sportscardspro.com/game/baseball-cards-2025-bowman-chrome-prospects/rafael-flores-bcp-34,https://www.sportscardspro.com/game/baseball-cards-2025-bowman-chrome-prospect-autograph/rafael-flores-cpa-rf,
Rainiel Rodriguez,823787,2025,chrome,hitter,bowman_1st_base,baseball-cards-2025-bowman-chrome-prospects,https://www.sportscardspro.com/game/baseball-cards-2025-bowman-chrome-prospects/rainiel-rodriguez-bcp-200,https://www.sportscardspro.com/game/baseball-cards-2025-bowman-chrome-prospect-autograph/rainiel-rodriguez-cpa-rr,
Ramcell Medina,829096,2025,chrome,hitter,bowman_1st_base,baseball-cards-2025-bowman-chrome-prospects,https://www.sportscardspro.com/game/baseball-cards-2025-bowman-chrome-prospects/ramcell-medina-bcp-187,https://www.sportscardspro.com/game/baseball-cards-2025-bowman-chrome-prospect-autograph/ramcell-medina-cpa-ra,
Raymer Medina,829068,2025,chrome,hitter,bowman_1st_base,baseball-cards-2025-bowman-chrome-prospects,https://www.sportscardspro.com/game/baseball-cards-2025-bowman-chrome-prospects/raymer-medina-bcp-175,https://www.sportscardspro.com/game/baseball-cards-2025-bowman-chrome-prospect-autograph/raymer-medina-cpa-rm,
Ricardo Yan,700282,2025,chrome,pitcher,bowman_1st_base,baseball-cards-2025-bowman-chrome-prospects,https://www.sportscardspro.com/game/baseball-cards-2025-bowman-chrome-prospects/ricardo-yan-bcp-31,https://www.sportscardspro.com/game/baseball-cards-2025-bowman-chrome-prospect-autograph/ricardo-yan-cpa-ry,
Richard Matic,821043,2025,chrome,hitter,bowman_1st_base,baseball-cards-2025-bowman-chrome-prospects,https://www.sportscardspro.com/game/baseball-cards-2025-bowman-chrome-prospects/richard-matic-bcp-71,https://www.sportscardspro.com/game/baseball-cards-2025-bowman-chrome-prospect-autograph/richard-matic-cpa-rm,
Riley Kelly,804465,2025,draft,pitcher,bowman_1st_base,baseball-cards-2025-bowman-draft-chrome,https://www.sportscardspro.com/game/baseball-cards-2025-bowman-draft-chrome/riley-kelly-bdc-79,https://www.sportscardspro.com/game/baseball-cards-2025-bowman-draft-chrome-prospect-autograph/riley-kelly-cpa-rk,
Riley Quick,804981,2025,draft,pitcher,bowman_1st_base,baseball-cards-2025-bowman-draft-chrome,https://www.sportscardspro.com/game/baseball-cards-2025-bowman-draft-chrome/riley-quick-bdc-23,https://www.sportscardspro.com/game/baseball-cards-2025-bowman-draft-chrome-prospect-autograph/riley-quick-cpa-rq,
Robert Hipwell,813771,2025,chrome,hitter,bowman_1st_base,baseball-cards-2025-bowman-chrome-prospects,https://www.sportscardspro.com/game/baseball-cards-2025-bowman-chrome-prospects/robert-hipwell-bcp-238,https://www.sportscardspro.com/game/baseball-cards-2025-bowman-chrome-prospect-autograph/robert-hipwell-cpa-rh,
Ronny Cruz,826723,2025,chrome,hitter,bowman_1st_base,baseball-cards-2025-bowman-chrome-prospects,https://www.sportscardspro.com/game/baseball-cards-2025-bowman-chrome-prospects/ronny-cruz-bcp-213,https://www.sportscardspro.com/game/baseball-cards-2025-bowman-chrome-prospect-autograph/ronny-cruz-cpa-rcr,
Ryan Mitchell,815829,2025,draft,hitter,bowman_1st_base,baseball-cards-2025-bowman-draft-chrome,https://www.sportscardspro.com/game/baseball-cards-2025-bowman-draft-chrome/ryan-mitchell-bdc-77,https://www.sportscardspro.com/game/baseball-cards-2025-bowman-draft-chrome-prospect-autograph/ryan-mitchell-cpa-rm,
Ryan Wideman,834240,2025,draft,hitter,bowman_1st_base,baseball-cards-2025-bowman-draft-chrome,https://www.sportscardspro.com/game/baseball-cards-2025-bowman-draft-chrome/ryan-wideman-bdc-190,https://www.sportscardspro.com/game/baseball-cards-2025-bowman-draft-chrome-prospect-autograph/ryan-wideman-cpa-rw,
Sabier Marte,800239,2025,chrome,pitcher,bowman_1st_base,,,https://www.sportscardspro.com/game/baseball-cards-2025-bowman-chrome-prospect-autograph/sabier-marte-cpa-sm,
Sadbiel Delzine,829094,2025,chrome,pitcher,bowman_1st_base,baseball-cards-2025-bowman-chrome-prospects,https://www.sportscardspro.com/game/baseball-cards-2025-bowman-chrome-prospects/sadbiel-delzine-bcp-235,https://www.sportscardspro.com/game/baseball-cards-2025-bowman-chrome-prospect-autograph/sadbiel-delzine-cpa-sd,
Sammy Hernandez,803679,2025,chrome,hitter,bowman_1st_base,baseball-cards-2025-bowman-chrome-prospects,https://www.sportscardspro.com/game/baseball-cards-2025-bowman-chrome-prospects/sammy-hernandez-bcp-66,https://www.sportscardspro.com/game/baseball-cards-2025-bowman-chrome-prospect-autograph/sammy-hernandez-cpa-sh,
Sammy Stafura,806230,2025,chrome,hitter,bowman_1st_base,baseball-cards-2025-bowman-chrome-prospects,https://www.sportscardspro.com/game/baseball-cards-2025-bowman-chrome-prospects/sammy-stafura-bcp-100,https://www.sportscardspro.com/game/baseball-cards-2025-bowman-chrome-prospect-autograph/sammy-stafura-cpa-ss,
Santiago Leon,829054,2025,chrome,hitter,bowman_1st_base,baseball-cards-2025-bowman-chrome-prospects,https://www.sportscardspro.com/game/baseball-cards-2025-bowman-chrome-prospects/santiago-leon-bcp-247,https://www.sportscardspro.com/game/baseball-cards-2025-bowman-chrome-prospect-autograph/santiago-leon-cpa-sl,
Sean Gamble,815819,2025,draft,hitter,bowman_1st_base,baseball-cards-2025-bowman-draft-chrome,https://www.sportscardspro.com/game/baseball-cards-2025-bowman-draft-chrome/sean-gamble-bdc-178,https://www.sportscardspro.com/game/baseball-cards-2025-bowman-draft-chrome-prospect-autograph/sean-gamble-cpa-sg,
Seth Hernandez,815825,2025,draft,pitcher,bowman_1st_base,baseball-cards-2025-bowman-draft-chrome,https://www.sportscardspro.com/game/baseball-cards-2025-bowman-draft-chrome/seth-hernandez-bdc-25,https://www.sportscardspro.com/game/baseball-cards-2025-bowman-draft-chrome-prospect-autograph/seth-hernandez-cpa-sh,
Shotaro Morii,829679,2025,chrome,hitter,bowman_1st_base,baseball-cards-2025-bowman-chrome-prospects,https://www.sportscardspro.com/game/baseball-cards-2025-bowman-chrome-prospects/shotaro-morii-bcp-170,https://www.sportscardspro.com/game/baseball-cards-2025-bowman-chrome-prospect-autograph/shotaro-morii-cpa-sm,
Slade Caldwell,815154,2025,chrome,hitter,bowman_1st_base,baseball-cards-2025-bowman-chrome-prospects,https://www.sportscardspro.com/game/baseball-cards-2025-bowman-chrome-prospects/slade-caldwell-bcp-21,https://www.sportscardspro.com/game/baseball-cards-2025-bowman-chrome-prospect-autograph/slade-caldwell-cpa-sc,
Spencer Giesting,801517,2025,chrome,pitcher,bowman_1st_base,baseball-cards-2025-bowman-chrome-prospects,https://www.sportscardspro.com/game/baseball-cards-2025-bowman-chrome-prospects/spencer-giesting-bcp-165,https://www.sportscardspro.com/game/baseball-cards-2025-bowman-chrome-prospect-autograph/spencer-giesting-cpa-sg,
Steele Hall,829162,2025,draft,hitter,bowman_1st_base,baseball-cards-2025-bowman-draft-chrome,https://www.sportscardspro.com/game/baseball-cards-2025-bowman-draft-chrome/steele-hall-bdc-20,https://www.sportscardspro.com/game/baseball-cards-2025-bowman-draft-chrome-prospect-autograph/steele-hall-cpa-sha,
Steven Echavarria,806064,2025,chrome,pitcher,bowman_1st_base,baseball-cards-2025-bowman-chrome-prospects,https://www.sportscardspro.com/game/baseball-cards-2025-bowman-chrome-prospects/steven-echavarria-bcp-73,https://www.sportscardspro.com/game/baseball-cards-2025-bowman-chrome-prospect-autograph/steven-echavarria-cpa-se,
Stiven Marinez,829501,2025,chrome,hitter,bowman_1st_base,baseball-cards-2025-bowman-chrome-prospects,https://www.sportscardspro.com/game/baseball-cards-2025-bowman-chrome-prospects/stiven-marinez-bcp-189,https://www.sportscardspro.com/game/baseball-cards-2025-bowman-chrome-prospect-autograph/stiven-marinez-cpa-sma,
Taitn Gray,828685,2025,draft,hitter,bowman_1st_base,baseball-cards-2025-bowman-draft-chrome,https://www.sportscardspro.com/game/baseball-cards-2025-bowman-draft-chrome/taitn-gray-bdc-7,https://www.sportscardspro.com/game/baseball-cards-2025-bowman-draft-chrome-prospect-autograph/taitn-gray-cpa-tg,
Tanner Franklin,815119,2025,draft,pitcher,bowman_1st_base,baseball-cards-2025-bowman-draft-chrome,https://www.sportscardspro.com/game/baseball-cards-2025-bowman-draft-chrome/tanner-franklin-bdc-90,https://www.sportscardspro.com/game/baseball-cards-2025-bowman-draft-chrome-prospect-autograph/tanner-franklin-cpa-tf,
Tate Southisene,816111,2025,draft,hitter,bowman_1st_base,baseball-cards-2025-bowman-draft-chrome,https://www.sportscardspro.com/game/baseball-cards-2025-bowman-draft-chrome/tate-southisene-bdc-70,https://www.sportscardspro.com/game/baseball-cards-2025-bowman-draft-chrome-prospect-autograph/tate-southisene-cpa-ts,
Teilon Serrano,829080,2025,chrome,hitter,bowman_1st_base,baseball-cards-2025-bowman-chrome-prospects,https://www.sportscardspro.com/game/baseball-cards-2025-bowman-chrome-prospects/teilon-serrano-bcp-188,https://www.sportscardspro.com/game/baseball-cards-2025-bowman-chrome-prospect-autograph/teilon-serrano-cpa-ts,
Thomas White,806258,2025,chrome,pitcher,bowman_1st_base,baseball-cards-2025-bowman-chrome-prospects,https://www.sportscardspro.com/game/baseball-cards-2025-bowman-chrome-prospects/thomas-white-bcp-69,https://www.sportscardspro.com/game/baseball-cards-2025-bowman-chrome-prospect-autograph/thomas-white-cpa-tw,
Tim Piasentin,815992,2025,draft,hitter,bowman_1st_base,baseball-cards-2025-bowman-draft-chrome,https://www.sportscardspro.com/game/baseball-cards-2025-bowman-draft-chrome/tim-piasentin-bdc-73,https://www.sportscardspro.com/game/baseball-cards-2025-bowman-draft-chrome-prospect-autograph/tim-piasentin-cpa-tp,
Trevor Cohen,701906,2025,draft,hitter,bowman_1st_base,baseball-cards-2025-bowman-draft-chrome,https://www.sportscardspro.com/game/baseball-cards-2025-bowman-draft-chrome/trevor-cohen-bdc-46,https://www.sportscardspro.com/game/baseball-cards-2025-bowman-draft-chrome-prospect-autograph/trevor-cohen-cpa-tc,
Trevor Harrison,807314,2025,chrome,pitcher,bowman_1st_base,,,https://www.sportscardspro.com/game/baseball-cards-2025-bowman-chrome-prospect-autograph/trevor-harrison-cpa-tha,
Ty Harvey,829210,2025,draft,hitter,bowman_1st_base,baseball-cards-2025-bowman-draft-chrome,https://www.sportscardspro.com/game/baseball-cards-2025-bowman-draft-chrome/ty-harvey-bdc-58,https://www.sportscardspro.com/game/baseball-cards-2025-bowman-draft-chrome-prospect-autograph/ty-harvey-cpa-th,
Tyler Bremner,803285,2025,draft,pitcher,bowman_1st_base,baseball-cards-2025-bowman-draft-chrome,https://www.sportscardspro.com/game/baseball-cards-2025-bowman-draft-chrome/tyler-bremner-bdc-37,https://www.sportscardspro.com/game/baseball-cards-2025-bowman-draft-chrome-prospect-autograph/tyler-bremner-cpa-tb,
Victor Rodrigues,800332,2025,chrome,hitter,bowman_1st_base,baseball-cards-2025-bowman-chrome-prospects,https://www.sportscardspro.com/game/baseball-cards-2025-bowman-chrome-prospects/victor-rodrigues-bcp-45,https://www.sportscardspro.com/game/baseball-cards-2025-bowman-chrome-prospect-autograph/victor-rodrigues-cpa-vr,
Walker Janek,801075,2025,chrome,hitter,bowman_1st_base,baseball-cards-2025-bowman-chrome-prospects,https://www.sportscardspro.com/game/baseball-cards-2025-bowman-chrome-prospects/walker-janek-bcp-15,https://www.sportscardspro.com/game/baseball-cards-2025-bowman-chrome-prospect-autograph/walker-janek-cpa-wja,
Warel Solano,829046,2025,chrome,hitter,bowman_1st_base,baseball-cards-2025-bowman-chrome-prospects,https://www.sportscardspro.com/game/baseball-cards-2025-bowman-chrome-prospects/warel-solano-bcp-225,https://www.sportscardspro.com/game/baseball-cards-2025-bowman-chrome-prospect-autograph/warel-solano-cpa-ws,
Warren Calcano,829071,2025,chrome,hitter,bowman_1st_base,baseball-cards-2025-bowman-chrome-prospects,https://www.sportscardspro.com/game/baseball-cards-2025-bowman-chrome-prospects/warren-calcano-bcp-185,https://www.sportscardspro.com/game/baseball-cards-2025-bowman-chrome-prospect-autograph/warren-calcano-cpa-wc,
Wen-Hui Pan,808207,2025,chrome,pitcher,bowman_1st_base,baseball-cards-2025-bowman-chrome-prospects,https://www.sportscardspro.com/game/baseball-cards-2025-bowman-chrome-prospects/wen-hui-pan-bcp-6,https://www.sportscardspro.com/game/baseball-cards-2025-bowman-chrome-prospect-autograph/wen-hui-pan-cpa-wp,
Wilfri De La Cruz,829043,2025,chrome,hitter,bowman_1st_base,baseball-cards-2025-bowman-chrome-prospects,https://www.sportscardspro.com/game/baseball-cards-2025-bowman-chrome-prospects/wilfri-de-la-cruz-bcp-209,https://www.sportscardspro.com/game/baseball-cards-2025-bowman-chrome-prospect-autograph/wilfri-de-la-cruz-cpa-wd,
Will Simpson,687310,2025,chrome,hitter,bowman_1st_base,baseball-cards-2025-bowman-chrome-prospects,https://www.sportscardspro.com/game/baseball-cards-2025-bowman-chrome-prospects/will-simpson-bcp-35,https://www.sportscardspro.com/game/baseball-cards-2025-bowman-chrome-prospect-autograph/will-simpson-cpa-wsi,
Will Taylor,696142,2025,chrome,hitter,bowman_1st_base,baseball-cards-2025-bowman-chrome-prospects,https://www.sportscardspro.com/game/baseball-cards-2025-bowman-chrome-prospects/will-taylor-bcp-179,https://www.sportscardspro.com/game/baseball-cards-2025-bowman-chrome-prospect-autograph/will-taylor-cpa-wt,
Xavier Neyens,815832,2025,draft,hitter,bowman_1st_base,baseball-cards-2025-bowman-draft-chrome,https://www.sportscardspro.com/game/baseball-cards-2025-bowman-draft-chrome/xavier-neyens-bdc-2,https://www.sportscardspro.com/game/baseball-cards-2025-bowman-draft-chrome-prospect-autograph/xavier-neyens-cpa-xn,
Yahil Melendez,806161,2025,chrome,hitter,bowman_1st_base,baseball-cards-2025-bowman-chrome-prospects,https://www.sportscardspro.com/game/baseball-cards-2025-bowman-chrome-prospects/yahil-melendez-bcp-222,https://www.sportscardspro.com/game/baseball-cards-2025-bowman-chrome-prospect-autograph/yahil-melendez-cpa-ym,
Yairo Padilla,821107,2025,chrome,hitter,bowman_1st_base,baseball-cards-2025-bowman-chrome-prospects,https://www.sportscardspro.com/game/baseball-cards-2025-bowman-chrome-prospects/yairo-padilla-bcp-236,https://www.sportscardspro.com/game/baseball-cards-2025-bowman-chrome-prospect-autograph/yairo-padilla-cpa-yp,
Yophery Rodriguez,806983,2025,chrome,hitter,bowman_1st_base,baseball-cards-2025-bowman-chrome-prospects,https://www.sportscardspro.com/game/baseball-cards-2025-bowman-chrome-prospects/yophery-rodriguez-bcp-36,https://www.sportscardspro.com/game/baseball-cards-2025-bowman-chrome-prospect-autograph/yophery-rodriguez-cpa-yr,
Yorger Bautista,829045,2025,chrome,hitter,bowman_1st_base,baseball-cards-2025-bowman-chrome-prospects,https://www.sportscardspro.com/game/baseball-cards-2025-bowman-chrome-prospects/yorger-bautista-bcp-194,https://www.sportscardspro.com/game/baseball-cards-2025-bowman-chrome-prospect-autograph/yorger-bautista-cpa-yb,
Yu-Min Lin,801179,2025,chrome,pitcher,bowman_1st_base,baseball-cards-2025-bowman-chrome-prospects,https://www.sportscardspro.com/game/baseball-cards-2025-bowman-chrome-prospects/yu-min-lin-bcp-27,https://www.sportscardspro.com/game/baseball-cards-2025-bowman-chrome-prospect-autograph/yu-min-lin-cpa-yl,
Yulian Barreto,829905,2025,chrome,hitter,bowman_1st_base,baseball-cards-2025-bowman-chrome-prospects,https://www.sportscardspro.com/game/baseball-cards-2025-bowman-chrome-prospects/yulian-barreto-bcp-229,https://www.sportscardspro.com/game/baseball-cards-2025-bowman-chrome-prospect-autograph/yulian-barreto-cpa-yu,
Zach Root,702539,2025,draft,pitcher,bowman_1st_base,baseball-cards-2025-bowman-draft-chrome,https://www.sportscardspro.com/game/baseball-cards-2025-bowman-draft-chrome/zach-root-bdc-22,https://www.sportscardspro.com/game/baseball-cards-2025-bowman-draft-chrome-prospect-autograph/zach-root-cpa-zr,
Zander Darby,801592,2025,chrome,hitter,bowman_1st_base,,,https://www.sportscardspro.com/game/baseball-cards-2025-bowman-chrome-prospect-autograph/zander-darby-cpa-zd,
Zyhir Hope,814307,2025,chrome,hitter,bowman_1st_base,baseball-cards-2025-bowman-chrome-prospects,https://www.sportscardspro.com/game/baseball-cards-2025-bowman-chrome-prospects/zyhir-hope-bcp-2,https://www.sportscardspro.com/game/baseball-cards-2025-bowman-chrome-prospect-autograph/zyhir-hope-cpa-zh,
Giovanny Urshela,570482,2015,chrome,hitter,bowman_1st_base,baseball-cards-2015-bowman-chrome-prospects,https://www.sportscardspro.com/game/baseball-cards-2015-bowman-chrome-prospects/giovanny-urshela-bcp11,https://www.sportscardspro.com/game/baseball-cards-2015-bowman-chrome-prospect-autograph/giovanny-urshela-bcap-gu,search
Ozhaino Albies,645277,2015,chrome,hitter,bowman_1st_base,baseball-cards-2015-bowman-chrome-prospects,https://www.sportscardspro.com/game/baseball-cards-2015-bowman-chrome-prospects/ozhaino-albies-bcp71,https://www.sportscardspro.com/game/baseball-cards-2015-bowman-chrome-prospect-autograph/ozhaino-albies-bcap-dal,search
Hoy Jun Park,660829,2016,chrome,hitter,bowman_1st_base,baseball-cards-2016-bowman-chrome-prospects,https://www.sportscardspro.com/game/baseball-cards-2016-bowman-chrome-prospects/hoy-jun-park-bcp-201,https://www.sportscardspro.com/game/baseball-cards-2016-bowman-chrome-prospect-autograph/hoy-jun-park-bcap-hjp,search
Jacob Faria,607188,2016,chrome,pitcher,bowman_1st_base,baseball-cards-2016-bowman-chrome-prospects,https://www.sportscardspro.com/game/baseball-cards-2016-bowman-chrome-prospects/jacob-faria-bcp-186,https://www.sportscardspro.com/game/baseball-cards-2016-bowman-chrome-prospect-autograph/jacob-faria-bcap-jfa,search
Jose Adolis Garcia,666969,2018,chrome,hitter,bowman_1st_base,baseball-cards-2018-bowman-chrome-prospects,https://www.sportscardspro.com/game/baseball-cards-2018-bowman-chrome-prospects/jose-adolis-garcia-bcp-121,https://www.sportscardspro.com/game/baseball-cards-2018-bowman-chrome-prospects-autographs/jose-adolis-garcia-cpa-bw,search
Pete Crow Armstrong,691718,2020,draft,hitter,bowman_1st_base,baseball-cards-2021-bowman-draft-chrome,https://www.sportscardspro.com/game/baseball-cards-2021-bowman-draft-chrome/pete-crow-armstrong-bdc-12,https://www.sportscardspro.com/game/baseball-cards-2020-bowman-draft-picks-chrome-autographs/pete-crow-armstrong-cda-pc,search
Christian Encarnacion Strand,687952,2021,draft,hitter,bowman_1st_base,baseball-cards-2021-bowman-draft-chrome,https://www.sportscardspro.com/game/baseball-cards-2021-bowman-draft-chrome/christian-encarnacion-strand-bdc-9,https://www.sportscardspro.com/game/baseball-cards-2021-bowman-draft-pick-chrome-autographs/christian-encarnacion-strand-cda-ce,search
Jimmy Crooks III,699625,2022,draft,hitter,bowman_1st_base,baseball-cards-2022-bowman-draft-chrome,https://www.sportscardspro.com/game/baseball-cards-2022-bowman-draft-chrome/jimmy-crooks-iii-bdc-178,https://www.sportscardspro.com/game/baseball-cards-2022-bowman-draft-chrome-autographs/jimmy-crooks-iii-cda-jcs,directory
Trey Dombroski III,690667,2022,draft,pitcher,bowman_1st_base,,,https://www.sportscardspro.com/game/baseball-cards-2022-bowman-draft-chrome-autographs/trey-dombroski-iii-cda-td,directory
Won Bin Cho,800231,2022,chrome,hitter,bowman_1st_base,baseball-cards-2022-bowman-chrome-prospects,https://www.sportscardspro.com/game/baseball-cards-2022-bowman-chrome-prospects/won-bin-cho-bcp-154,https://www.sportscardspro.com/game/baseball-cards-2022-bowman-chrome-prospect-autographs/won-bin-cho-cpa-wc,search
C. J. Kayfus,692216,2023,draft,hitter,bowman_1st_base,baseball-cards-2023-bowman-draft-chrome,https://www.sportscardspro.com/game/baseball-cards-2023-bowman-draft-chrome/c-j-kayfus-bdc-101,https://www.sportscardspro.com/game/baseball-cards-2023-bowman-draft-chrome-prospect-autographs/c-j-kayfus-cda-cka,search
Hao Yu Lee,701678,2023,chrome,hitter,bowman_1st_base,baseball-cards-2023-bowman-chrome-prospects,https://www.sportscardspro.com/game/baseball-cards-2023-bowman-chrome-prospects/hao-yu-lee-bcp-52,https://www.sportscardspro.com/game/baseball-cards-2023-bowman-chrome-prospect-autographs/hao-yu-lee-cpa-hl,search
Justyn Henry Malloy,669234,2023,chrome,hitter,bowman_1st_base,baseball-cards-2023-bowman-chrome-prospects,https://www.sportscardspro.com/game/baseball-cards-2023-bowman-chrome-prospects/justyn-henry-malloy-bcp-51,https://www.sportscardspro.com/game/baseball-cards-2023-bowman-chrome-prospect-autographs/justyn-henry-malloy-cpa-jma,search
